Seed set to 42
/home/mllp26_team007/molca_env/lib/python3.10/site-packages/transformers/tokenization_utils_base.py:1601: FutureWarning: `clean_up_tokenization_spaces` was not set. It will be set to `True` by default. This behavior will be depracted in transformers v4.45, and will be then set to `False` by default. For more details check this issue: https://github.com/huggingface/transformers/issues/31884
  warnings.warn(
Using 16bit Automatic Mixed Precision (AMP)
GPU available: True (cuda), used: True
TPU available: False, using: 0 TPU cores
HPU available: False, using: 0 HPUs
LOCAL_RANK: 0 - CUDA_VISIBLE_DEVICES: [GPU-9e0d7699-08df-cdcf-990b-f8d5b642d8b6]
  0%|          | 0/24 [00:00<?, ?it/s][A
  4%|▍         | 1/24 [00:17<06:52, 17.94s/it][A
  8%|▊         | 2/24 [00:35<06:24, 17.48s/it][A
 12%|█▎        | 3/24 [00:52<06:09, 17.62s/it][A
 17%|█▋        | 4/24 [01:09<05:46, 17.35s/it][A
 21%|██        | 5/24 [01:27<05:28, 17.31s/it][A
 25%|██▌       | 6/24 [01:45<05:19, 17.73s/it][A
 29%|██▉       | 7/24 [02:03<05:03, 17.85s/it][A
 33%|███▎      | 8/24 [02:22<04:48, 18.03s/it][A
 38%|███▊      | 9/24 [02:40<04:32, 18.18s/it][A
 42%|████▏     | 10/24 [02:58<04:13, 18.10s/it][A
 46%|████▌     | 11/24 [03:16<03:55, 18.13s/it][A
 50%|█████     | 12/24 [03:35<03:38, 18.20s/it][A
 54%|█████▍    | 13/24 [03:53<03:19, 18.13s/it][A
 58%|█████▊    | 14/24 [04:10<02:58, 17.84s/it][A
 62%|██████▎   | 15/24 [04:27<02:38, 17.67s/it][A
 67%|██████▋   | 16/24 [04:44<02:20, 17.50s/it][A
 71%|███████   | 17/24 [05:03<02:05, 17.92s/it][A
 75%|███████▌  | 18/24 [05:20<01:46, 17.70s/it][A
 79%|███████▉  | 19/24 [05:37<01:27, 17.48s/it][A
 83%|████████▎ | 20/24 [05:54<01:09, 17.36s/it][A
 88%|████████▊ | 21/24 [06:12<00:52, 17.52s/it][A
 92%|█████████▏| 22/24 [06:29<00:34, 17.46s/it][A
 96%|█████████▌| 23/24 [06:47<00:17, 17.41s/it][A
100%|██████████| 24/24 [06:50<00:00, 13.26s/it][A
100%|██████████| 24/24 [06:50<00:00, 17.12s/it]
  0%|          | 0/188 [00:00<?, ?it/s][A
 80%|███████▉  | 150/188 [00:00<00:00, 1495.13it/s][A
  0%|          | 0/87 [00:00<?, ?it/s][A
  1%|          | 1/87 [00:18<26:26, 18.45s/it][A
  2%|▏         | 2/87 [00:35<24:52, 17.56s/it][A
  3%|▎         | 3/87 [00:52<24:12, 17.29s/it][A
  5%|▍         | 4/87 [01:09<23:49, 17.23s/it][A
  6%|▌         | 5/87 [01:26<23:28, 17.17s/it][A
  7%|▋         | 6/87 [01:43<23:09, 17.16s/it][A
  8%|▊         | 7/87 [02:00<22:47, 17.10s/it][A
  9%|▉         | 8/87 [02:17<22:26, 17.05s/it][A
 10%|█         | 9/87 [02:34<22:06, 17.01s/it][A
 11%|█▏        | 10/87 [02:51<21:46, 16.97s/it][A
 13%|█▎        | 11/87 [03:08<21:28, 16.96s/it][A
 14%|█▍        | 12/87 [03:25<21:12, 16.97s/it][A
 15%|█▍        | 13/87 [03:42<21:01, 17.04s/it][A
 16%|█▌        | 14/87 [03:59<20:46, 17.07s/it][A
 17%|█▋        | 15/87 [04:16<20:27, 17.04s/it][A
 18%|█▊        | 16/87 [04:33<20:07, 17.00s/it][A
 20%|█▉        | 17/87 [04:50<19:53, 17.05s/it][A
 21%|██        | 18/87 [05:07<19:37, 17.07s/it][A
 22%|██▏       | 19/87 [05:24<19:21, 17.08s/it][A
 23%|██▎       | 20/87 [05:41<19:01, 17.04s/it][A
 24%|██▍       | 21/87 [05:59<18:48, 17.10s/it][A
 25%|██▌       | 22/87 [06:16<18:29, 17.07s/it][A
 26%|██▋       | 23/87 [06:33<18:10, 17.04s/it][A
 28%|██▊       | 24/87 [06:50<17:52, 17.02s/it][A
 29%|██▊       | 25/87 [07:07<17:33, 16.99s/it][A
 30%|██▉       | 26/87 [07:23<17:15, 16.98s/it][A
 31%|███       | 27/87 [07:40<16:57, 16.95s/it][A
 32%|███▏      | 28/87 [07:57<16:39, 16.93s/it][A
 33%|███▎      | 29/87 [08:14<16:21, 16.92s/it][A
 34%|███▍      | 30/87 [08:31<16:05, 16.93s/it][A
 36%|███▌      | 31/87 [08:48<15:47, 16.92s/it][A
 37%|███▋      | 32/87 [09:05<15:32, 16.96s/it][A
 38%|███▊      | 33/87 [09:22<15:16, 16.97s/it][A
 39%|███▉      | 34/87 [09:39<14:58, 16.95s/it][A
 40%|████      | 35/87 [09:56<14:39, 16.92s/it][A
 41%|████▏     | 36/87 [10:13<14:21, 16.90s/it][A
 43%|████▎     | 37/87 [10:30<14:04, 16.90s/it][A
 44%|████▎     | 38/87 [10:46<13:48, 16.91s/it][A
 45%|████▍     | 39/87 [11:04<13:34, 16.97s/it][A
 46%|████▌     | 40/87 [11:21<13:19, 17.01s/it][A
 47%|████▋     | 41/87 [11:38<13:05, 17.09s/it][A
 48%|████▊     | 42/87 [11:55<12:52, 17.16s/it][A
 49%|████▉     | 43/87 [12:13<12:38, 17.23s/it][A
 51%|█████     | 44/87 [12:30<12:20, 17.23s/it][A
 52%|█████▏    | 45/87 [12:47<12:03, 17.21s/it][A
 53%|█████▎    | 46/87 [13:04<11:44, 17.18s/it][A
 54%|█████▍    | 47/87 [13:21<11:27, 17.18s/it][A
 55%|█████▌    | 48/87 [13:38<11:07, 17.13s/it][A
 56%|█████▋    | 49/87 [13:55<10:50, 17.11s/it][A
 57%|█████▋    | 50/87 [14:12<10:30, 17.04s/it][A
 59%|█████▊    | 51/87 [14:29<10:12, 17.02s/it][A
 60%|█████▉    | 52/87 [14:46<09:57, 17.06s/it][A
 61%|██████    | 53/87 [15:03<09:38, 17.01s/it][A
 62%|██████▏   | 54/87 [15:20<09:19, 16.96s/it][A
 63%|██████▎   | 55/87 [15:37<09:04, 17.01s/it][A
 64%|██████▍   | 56/87 [15:54<08:46, 16.97s/it][A
 66%|██████▌   | 57/87 [16:11<08:29, 16.99s/it][A
 67%|██████▋   | 58/87 [16:28<08:11, 16.95s/it][A
 68%|██████▊   | 59/87 [16:45<07:54, 16.94s/it][A
 69%|██████▉   | 60/87 [17:02<07:37, 16.93s/it][A
 70%|███████   | 61/87 [17:19<07:19, 16.91s/it][A
 71%|███████▏  | 62/87 [17:36<07:05, 17.00s/it][A
 72%|███████▏  | 63/87 [17:53<06:47, 16.96s/it][A
 74%|███████▎  | 64/87 [18:10<06:30, 16.96s/it][A
 75%|███████▍  | 65/87 [18:27<06:12, 16.95s/it][A
 76%|███████▌  | 66/87 [18:44<05:55, 16.95s/it][A
 77%|███████▋  | 67/87 [19:01<05:39, 16.96s/it][A
 78%|███████▊  | 68/87 [19:18<05:22, 16.96s/it][A
 79%|███████▉  | 69/87 [19:35<05:04, 16.93s/it][A
 80%|████████  | 70/87 [19:52<04:48, 16.95s/it][A
 82%|████████▏ | 71/87 [20:08<04:31, 16.96s/it][A
 83%|████████▎ | 72/87 [20:25<04:14, 16.95s/it][A
 84%|████████▍ | 73/87 [20:42<03:57, 16.96s/it][A
 85%|████████▌ | 74/87 [20:59<03:40, 16.96s/it][A
 86%|████████▌ | 75/87 [21:16<03:23, 16.96s/it][A
 87%|████████▋ | 76/87 [21:33<03:06, 16.97s/it][A
 89%|████████▊ | 77/87 [21:50<02:49, 16.96s/it][A
 90%|████████▉ | 78/87 [22:07<02:32, 16.99s/it][A
 91%|█████████ | 79/87 [22:24<02:15, 16.99s/it][A
 92%|█████████▏| 80/87 [22:41<01:58, 16.98s/it][A
 93%|█████████▎| 81/87 [22:58<01:41, 16.94s/it][A
 94%|█████████▍| 82/87 [23:15<01:24, 16.93s/it][A
 95%|█████████▌| 83/87 [23:32<01:07, 16.90s/it][A
 97%|█████████▋| 84/87 [23:49<00:50, 16.93s/it][A
 98%|█████████▊| 85/87 [24:06<00:33, 16.94s/it][A
 99%|█████████▉| 86/87 [24:23<00:16, 16.95s/it][A
100%|██████████| 87/87 [24:37<00:00, 16.11s/it][A
100%|██████████| 87/87 [24:37<00:00, 16.98s/it]
  0%|          | 0/696 [00:00<?, ?it/s][A
  6%|▋         | 44/696 [00:00<00:01, 435.55it/s][A
 13%|█▎        | 88/696 [00:00<00:01, 425.46it/s][A
 19%|█▉        | 131/696 [00:00<00:01, 426.05it/s][A
 25%|██▌       | 174/696 [00:00<00:01, 413.71it/s][A
 31%|███       | 217/696 [00:00<00:01, 416.81it/s][A
 37%|███▋      | 260/696 [00:00<00:01, 420.03it/s][A
 44%|████▎     | 303/696 [00:00<00:00, 422.23it/s][A
 50%|████▉     | 346/696 [00:00<00:00, 423.64it/s][A
 56%|█████▌    | 389/696 [00:00<00:00, 424.64it/s][A
 62%|██████▏   | 432/696 [00:01<00:00, 424.80it/s][A
 68%|██████▊   | 475/696 [00:01<00:00, 425.19it/s][A
 74%|███████▍  | 518/696 [00:01<00:00, 425.20it/s][A
 81%|████████  | 561/696 [00:01<00:00, 418.77it/s][A
 87%|████████▋ | 604/696 [00:01<00:00, 421.08it/s][A
 93%|█████████▎| 647/696 [00:01<00:00, 419.99it/s][A
 99%|█████████▉| 690/696 [00:01<00:00, 421.98it/s][A
re-ranking g2t:   0%|          | 0/1391 [00:00<?, ?it/s][A
re-ranking g2t:   0%|          | 1/1391 [00:02<49:48,  2.15s/it][A
re-ranking g2t:   0%|          | 2/1391 [00:04<49:38,  2.14s/it][A
re-ranking g2t:   0%|          | 3/1391 [00:06<49:34,  2.14s/it][A
re-ranking g2t:   0%|          | 4/1391 [00:08<49:31,  2.14s/it][A
re-ranking g2t:   0%|          | 5/1391 [00:10<49:27,  2.14s/it][A
re-ranking g2t:   0%|          | 6/1391 [00:12<49:23,  2.14s/it][A
re-ranking g2t:   1%|          | 7/1391 [00:14<49:21,  2.14s/it][A
re-ranking g2t:   1%|          | 8/1391 [00:17<49:20,  2.14s/it][A
re-ranking g2t:   1%|          | 9/1391 [00:19<49:18,  2.14s/it][A
re-ranking g2t:   1%|          | 10/1391 [00:21<49:17,  2.14s/it][A
re-ranking g2t:   1%|          | 11/1391 [00:23<49:14,  2.14s/it][A
re-ranking g2t:   1%|          | 12/1391 [00:25<49:12,  2.14s/it][A
re-ranking g2t:   1%|          | 13/1391 [00:27<49:10,  2.14s/it][A
re-ranking g2t:   1%|          | 14/1391 [00:29<49:08,  2.14s/it][A
re-ranking g2t:   1%|          | 15/1391 [00:32<49:05,  2.14s/it][A
re-ranking g2t:   1%|          | 16/1391 [00:34<49:01,  2.14s/it][A
re-ranking g2t:   1%|          | 17/1391 [00:36<49:00,  2.14s/it][A
re-ranking g2t:   1%|▏         | 18/1391 [00:38<48:58,  2.14s/it][A
re-ranking g2t:   1%|▏         | 19/1391 [00:40<48:56,  2.14s/it][A
re-ranking g2t:   1%|▏         | 20/1391 [00:42<48:54,  2.14s/it][A
re-ranking g2t:   2%|▏         | 21/1391 [00:44<48:54,  2.14s/it][A
re-ranking g2t:   2%|▏         | 22/1391 [00:47<48:51,  2.14s/it][A
re-ranking g2t:   2%|▏         | 23/1391 [00:49<48:48,  2.14s/it][A
re-ranking g2t:   2%|▏         | 24/1391 [00:51<48:46,  2.14s/it][A
re-ranking g2t:   2%|▏         | 25/1391 [00:53<48:43,  2.14s/it][A
re-ranking g2t:   2%|▏         | 26/1391 [00:55<48:41,  2.14s/it][A
re-ranking g2t:   2%|▏         | 27/1391 [00:57<48:39,  2.14s/it][A
re-ranking g2t:   2%|▏         | 28/1391 [00:59<48:37,  2.14s/it][A
re-ranking g2t:   2%|▏         | 29/1391 [01:02<48:35,  2.14s/it][A
re-ranking g2t:   2%|▏         | 30/1391 [01:04<48:32,  2.14s/it][A
re-ranking g2t:   2%|▏         | 31/1391 [01:06<48:29,  2.14s/it][A
re-ranking g2t:   2%|▏         | 32/1391 [01:08<48:28,  2.14s/it][A
re-ranking g2t:   2%|▏         | 33/1391 [01:10<48:24,  2.14s/it][A
re-ranking g2t:   2%|▏         | 34/1391 [01:12<48:23,  2.14s/it][A
re-ranking g2t:   3%|▎         | 35/1391 [01:14<48:22,  2.14s/it][A
re-ranking g2t:   3%|▎         | 36/1391 [01:17<48:21,  2.14s/it][A
re-ranking g2t:   3%|▎         | 37/1391 [01:19<48:19,  2.14s/it][A
re-ranking g2t:   3%|▎         | 38/1391 [01:21<48:15,  2.14s/it][A
re-ranking g2t:   3%|▎         | 39/1391 [01:23<48:13,  2.14s/it][A
re-ranking g2t:   3%|▎         | 40/1391 [01:25<48:11,  2.14s/it][A
re-ranking g2t:   3%|▎         | 41/1391 [01:27<48:08,  2.14s/it][A
re-ranking g2t:   3%|▎         | 42/1391 [01:29<48:06,  2.14s/it][A
re-ranking g2t:   3%|▎         | 43/1391 [01:32<48:03,  2.14s/it][A
re-ranking g2t:   3%|▎         | 44/1391 [01:34<48:02,  2.14s/it][A
re-ranking g2t:   3%|▎         | 45/1391 [01:36<48:00,  2.14s/it][A
re-ranking g2t:   3%|▎         | 46/1391 [01:38<47:58,  2.14s/it][A
re-ranking g2t:   3%|▎         | 47/1391 [01:40<47:55,  2.14s/it][A
re-ranking g2t:   3%|▎         | 48/1391 [01:42<47:53,  2.14s/it][A
re-ranking g2t:   4%|▎         | 49/1391 [01:44<47:54,  2.14s/it][A
re-ranking g2t:   4%|▎         | 50/1391 [01:47<47:52,  2.14s/it][A
re-ranking g2t:   4%|▎         | 51/1391 [01:49<47:50,  2.14s/it][A
re-ranking g2t:   4%|▎         | 52/1391 [01:51<47:45,  2.14s/it][A
re-ranking g2t:   4%|▍         | 53/1391 [01:53<47:42,  2.14s/it][A
re-ranking g2t:   4%|▍         | 54/1391 [01:55<47:40,  2.14s/it][A
re-ranking g2t:   4%|▍         | 55/1391 [01:57<47:39,  2.14s/it][A
re-ranking g2t:   4%|▍         | 56/1391 [01:59<47:37,  2.14s/it][A
re-ranking g2t:   4%|▍         | 57/1391 [02:02<47:34,  2.14s/it][A
re-ranking g2t:   4%|▍         | 58/1391 [02:04<47:33,  2.14s/it][A
re-ranking g2t:   4%|▍         | 59/1391 [02:06<47:29,  2.14s/it][A
re-ranking g2t:   4%|▍         | 60/1391 [02:08<47:27,  2.14s/it][A
re-ranking g2t:   4%|▍         | 61/1391 [02:10<47:25,  2.14s/it][A
re-ranking g2t:   4%|▍         | 62/1391 [02:12<47:24,  2.14s/it][A
re-ranking g2t:   5%|▍         | 63/1391 [02:14<47:21,  2.14s/it][A
re-ranking g2t:   5%|▍         | 64/1391 [02:16<47:20,  2.14s/it][A
re-ranking g2t:   5%|▍         | 65/1391 [02:19<47:17,  2.14s/it][A
re-ranking g2t:   5%|▍         | 66/1391 [02:21<47:15,  2.14s/it][A
re-ranking g2t:   5%|▍         | 67/1391 [02:23<47:13,  2.14s/it][A
re-ranking g2t:   5%|▍         | 68/1391 [02:25<47:11,  2.14s/it][A
re-ranking g2t:   5%|▍         | 69/1391 [02:27<47:10,  2.14s/it][A
re-ranking g2t:   5%|▌         | 70/1391 [02:29<47:06,  2.14s/it][A
re-ranking g2t:   5%|▌         | 71/1391 [02:31<47:03,  2.14s/it][A
re-ranking g2t:   5%|▌         | 72/1391 [02:34<47:01,  2.14s/it][A
re-ranking g2t:   5%|▌         | 73/1391 [02:36<47:00,  2.14s/it][A
re-ranking g2t:   5%|▌         | 74/1391 [02:38<46:58,  2.14s/it][A
re-ranking g2t:   5%|▌         | 75/1391 [02:40<46:56,  2.14s/it][A
re-ranking g2t:   5%|▌         | 76/1391 [02:42<46:55,  2.14s/it][A
re-ranking g2t:   6%|▌         | 77/1391 [02:44<46:52,  2.14s/it][A
re-ranking g2t:   6%|▌         | 78/1391 [02:46<46:50,  2.14s/it][A
re-ranking g2t:   6%|▌         | 79/1391 [02:49<46:47,  2.14s/it][A
re-ranking g2t:   6%|▌         | 80/1391 [02:51<46:46,  2.14s/it][A
re-ranking g2t:   6%|▌         | 81/1391 [02:53<46:42,  2.14s/it][A
re-ranking g2t:   6%|▌         | 82/1391 [02:55<46:41,  2.14s/it][A
re-ranking g2t:   6%|▌         | 83/1391 [02:57<46:41,  2.14s/it][A
re-ranking g2t:   6%|▌         | 84/1391 [02:59<46:38,  2.14s/it][A
re-ranking g2t:   6%|▌         | 85/1391 [03:01<46:34,  2.14s/it][A
re-ranking g2t:   6%|▌         | 86/1391 [03:04<46:32,  2.14s/it][A
re-ranking g2t:   6%|▋         | 87/1391 [03:06<46:31,  2.14s/it][A
re-ranking g2t:   6%|▋         | 88/1391 [03:08<46:29,  2.14s/it][A
re-ranking g2t:   6%|▋         | 89/1391 [03:10<46:26,  2.14s/it][A
re-ranking g2t:   6%|▋         | 90/1391 [03:12<46:23,  2.14s/it][A
re-ranking g2t:   7%|▋         | 91/1391 [03:14<46:22,  2.14s/it][A
re-ranking g2t:   7%|▋         | 92/1391 [03:16<46:20,  2.14s/it][A
re-ranking g2t:   7%|▋         | 93/1391 [03:19<46:19,  2.14s/it][A
re-ranking g2t:   7%|▋         | 94/1391 [03:21<46:16,  2.14s/it][A
re-ranking g2t:   7%|▋         | 95/1391 [03:23<46:13,  2.14s/it][A
re-ranking g2t:   7%|▋         | 96/1391 [03:25<46:10,  2.14s/it][A
re-ranking g2t:   7%|▋         | 97/1391 [03:27<46:09,  2.14s/it][A
re-ranking g2t:   7%|▋         | 98/1391 [03:29<46:06,  2.14s/it][A
re-ranking g2t:   7%|▋         | 99/1391 [03:31<46:03,  2.14s/it][A
re-ranking g2t:   7%|▋         | 100/1391 [03:34<46:00,  2.14s/it][A
re-ranking g2t:   7%|▋         | 101/1391 [03:36<46:00,  2.14s/it][A
re-ranking g2t:   7%|▋         | 102/1391 [03:38<45:57,  2.14s/it][A
re-ranking g2t:   7%|▋         | 103/1391 [03:40<45:55,  2.14s/it][A
re-ranking g2t:   7%|▋         | 104/1391 [03:42<45:53,  2.14s/it][A
re-ranking g2t:   8%|▊         | 105/1391 [03:44<45:53,  2.14s/it][A
re-ranking g2t:   8%|▊         | 106/1391 [03:46<45:53,  2.14s/it][A
re-ranking g2t:   8%|▊         | 107/1391 [03:49<45:51,  2.14s/it][A
re-ranking g2t:   8%|▊         | 108/1391 [03:51<45:48,  2.14s/it][A
re-ranking g2t:   8%|▊         | 109/1391 [03:53<45:45,  2.14s/it][A
re-ranking g2t:   8%|▊         | 110/1391 [03:55<45:44,  2.14s/it][A
re-ranking g2t:   8%|▊         | 111/1391 [03:57<45:43,  2.14s/it][A
re-ranking g2t:   8%|▊         | 112/1391 [03:59<45:41,  2.14s/it][A
re-ranking g2t:   8%|▊         | 113/1391 [04:01<45:37,  2.14s/it][A
re-ranking g2t:   8%|▊         | 114/1391 [04:04<45:35,  2.14s/it][A
re-ranking g2t:   8%|▊         | 115/1391 [04:06<45:34,  2.14s/it][A
re-ranking g2t:   8%|▊         | 116/1391 [04:08<45:32,  2.14s/it][A
re-ranking g2t:   8%|▊         | 117/1391 [04:10<45:31,  2.14s/it][A
re-ranking g2t:   8%|▊         | 118/1391 [04:12<45:28,  2.14s/it][A
re-ranking g2t:   9%|▊         | 119/1391 [04:14<45:24,  2.14s/it][A
re-ranking g2t:   9%|▊         | 120/1391 [04:16<45:22,  2.14s/it][A
re-ranking g2t:   9%|▊         | 121/1391 [04:19<45:21,  2.14s/it][A
re-ranking g2t:   9%|▉         | 122/1391 [04:21<45:19,  2.14s/it][A
re-ranking g2t:   9%|▉         | 123/1391 [04:23<45:16,  2.14s/it][A
re-ranking g2t:   9%|▉         | 124/1391 [04:25<45:13,  2.14s/it][A
re-ranking g2t:   9%|▉         | 125/1391 [04:27<45:10,  2.14s/it][A
re-ranking g2t:   9%|▉         | 126/1391 [04:29<45:09,  2.14s/it][A
re-ranking g2t:   9%|▉         | 127/1391 [04:31<45:08,  2.14s/it][A
re-ranking g2t:   9%|▉         | 128/1391 [04:34<45:05,  2.14s/it][A
re-ranking g2t:   9%|▉         | 129/1391 [04:36<45:03,  2.14s/it][A
re-ranking g2t:   9%|▉         | 130/1391 [04:38<45:02,  2.14s/it][A
re-ranking g2t:   9%|▉         | 131/1391 [04:40<45:00,  2.14s/it][A
re-ranking g2t:   9%|▉         | 132/1391 [04:42<44:58,  2.14s/it][A
re-ranking g2t:  10%|▉         | 133/1391 [04:44<44:55,  2.14s/it][A
re-ranking g2t:  10%|▉         | 134/1391 [04:46<44:54,  2.14s/it][A
re-ranking g2t:  10%|▉         | 135/1391 [04:49<44:51,  2.14s/it][A
re-ranking g2t:  10%|▉         | 136/1391 [04:51<44:49,  2.14s/it][A
re-ranking g2t:  10%|▉         | 137/1391 [04:53<44:46,  2.14s/it][A
re-ranking g2t:  10%|▉         | 138/1391 [04:55<44:43,  2.14s/it][A
re-ranking g2t:  10%|▉         | 139/1391 [04:57<44:41,  2.14s/it][A
re-ranking g2t:  10%|█         | 140/1391 [04:59<44:39,  2.14s/it][A
re-ranking g2t:  10%|█         | 141/1391 [05:01<44:38,  2.14s/it][A
re-ranking g2t:  10%|█         | 142/1391 [05:04<44:35,  2.14s/it][A
re-ranking g2t:  10%|█         | 143/1391 [05:06<44:33,  2.14s/it][A
re-ranking g2t:  10%|█         | 144/1391 [05:08<44:30,  2.14s/it][A
re-ranking g2t:  10%|█         | 145/1391 [05:10<44:28,  2.14s/it][A
re-ranking g2t:  10%|█         | 146/1391 [05:12<44:26,  2.14s/it][A
re-ranking g2t:  11%|█         | 147/1391 [05:14<44:23,  2.14s/it][A
re-ranking g2t:  11%|█         | 148/1391 [05:16<44:20,  2.14s/it][A
re-ranking g2t:  11%|█         | 149/1391 [05:18<44:18,  2.14s/it][A
re-ranking g2t:  11%|█         | 150/1391 [05:21<44:15,  2.14s/it][A
re-ranking g2t:  11%|█         | 151/1391 [05:23<44:14,  2.14s/it][A
re-ranking g2t:  11%|█         | 152/1391 [05:25<44:12,  2.14s/it][A
re-ranking g2t:  11%|█         | 153/1391 [05:27<44:11,  2.14s/it][A
re-ranking g2t:  11%|█         | 154/1391 [05:29<44:09,  2.14s/it][A
re-ranking g2t:  11%|█         | 155/1391 [05:31<44:08,  2.14s/it][A
re-ranking g2t:  11%|█         | 156/1391 [05:33<44:05,  2.14s/it][A
re-ranking g2t:  11%|█▏        | 157/1391 [05:36<44:02,  2.14s/it][A
re-ranking g2t:  11%|█▏        | 158/1391 [05:38<43:59,  2.14s/it][A
re-ranking g2t:  11%|█▏        | 159/1391 [05:40<43:57,  2.14s/it][A
re-ranking g2t:  12%|█▏        | 160/1391 [05:42<43:57,  2.14s/it][A
re-ranking g2t:  12%|█▏        | 161/1391 [05:44<43:54,  2.14s/it][A
re-ranking g2t:  12%|█▏        | 162/1391 [05:46<43:51,  2.14s/it][A
re-ranking g2t:  12%|█▏        | 163/1391 [05:48<43:47,  2.14s/it][A
re-ranking g2t:  12%|█▏        | 164/1391 [05:51<43:45,  2.14s/it][A
re-ranking g2t:  12%|█▏        | 165/1391 [05:53<43:44,  2.14s/it][A
re-ranking g2t:  12%|█▏        | 166/1391 [05:55<43:42,  2.14s/it][A
re-ranking g2t:  12%|█▏        | 167/1391 [05:57<43:39,  2.14s/it][A
re-ranking g2t:  12%|█▏        | 168/1391 [05:59<43:36,  2.14s/it][A
re-ranking g2t:  12%|█▏        | 169/1391 [06:01<43:36,  2.14s/it][A
re-ranking g2t:  12%|█▏        | 170/1391 [06:03<43:34,  2.14s/it][A
re-ranking g2t:  12%|█▏        | 171/1391 [06:06<43:32,  2.14s/it][A
re-ranking g2t:  12%|█▏        | 172/1391 [06:08<43:30,  2.14s/it][A
re-ranking g2t:  12%|█▏        | 173/1391 [06:10<43:27,  2.14s/it][A
re-ranking g2t:  13%|█▎        | 174/1391 [06:12<43:25,  2.14s/it][A
re-ranking g2t:  13%|█▎        | 175/1391 [06:14<43:22,  2.14s/it][A
re-ranking g2t:  13%|█▎        | 176/1391 [06:16<43:20,  2.14s/it][A
re-ranking g2t:  13%|█▎        | 177/1391 [06:18<43:18,  2.14s/it][A
re-ranking g2t:  13%|█▎        | 178/1391 [06:21<43:16,  2.14s/it][A
re-ranking g2t:  13%|█▎        | 179/1391 [06:23<43:15,  2.14s/it][A
re-ranking g2t:  13%|█▎        | 180/1391 [06:25<43:13,  2.14s/it][A
re-ranking g2t:  13%|█▎        | 181/1391 [06:27<43:11,  2.14s/it][A
re-ranking g2t:  13%|█▎        | 182/1391 [06:29<43:08,  2.14s/it][A
re-ranking g2t:  13%|█▎        | 183/1391 [06:31<43:06,  2.14s/it][A
re-ranking g2t:  13%|█▎        | 184/1391 [06:33<43:04,  2.14s/it][A
re-ranking g2t:  13%|█▎        | 185/1391 [06:36<43:03,  2.14s/it][A
re-ranking g2t:  13%|█▎        | 186/1391 [06:38<43:01,  2.14s/it][A
re-ranking g2t:  13%|█▎        | 187/1391 [06:40<42:57,  2.14s/it][A
re-ranking g2t:  14%|█▎        | 188/1391 [06:42<42:54,  2.14s/it][A
re-ranking g2t:  14%|█▎        | 189/1391 [06:44<42:53,  2.14s/it][A
re-ranking g2t:  14%|█▎        | 190/1391 [06:46<42:52,  2.14s/it][A
re-ranking g2t:  14%|█▎        | 191/1391 [06:48<42:49,  2.14s/it][A
re-ranking g2t:  14%|█▍        | 192/1391 [06:51<42:47,  2.14s/it][A
re-ranking g2t:  14%|█▍        | 193/1391 [06:53<42:45,  2.14s/it][A
re-ranking g2t:  14%|█▍        | 194/1391 [06:55<42:43,  2.14s/it][A
re-ranking g2t:  14%|█▍        | 195/1391 [06:57<42:42,  2.14s/it][A
re-ranking g2t:  14%|█▍        | 196/1391 [06:59<42:39,  2.14s/it][A
re-ranking g2t:  14%|█▍        | 197/1391 [07:01<42:35,  2.14s/it][A
re-ranking g2t:  14%|█▍        | 198/1391 [07:03<42:34,  2.14s/it][A
re-ranking g2t:  14%|█▍        | 199/1391 [07:06<42:32,  2.14s/it][A
re-ranking g2t:  14%|█▍        | 200/1391 [07:08<42:29,  2.14s/it][A
re-ranking g2t:  14%|█▍        | 201/1391 [07:10<42:27,  2.14s/it][A
re-ranking g2t:  15%|█▍        | 202/1391 [07:12<42:25,  2.14s/it][A
re-ranking g2t:  15%|█▍        | 203/1391 [07:14<42:23,  2.14s/it][A
re-ranking g2t:  15%|█▍        | 204/1391 [07:16<42:22,  2.14s/it][A
re-ranking g2t:  15%|█▍        | 205/1391 [07:18<42:20,  2.14s/it][A
re-ranking g2t:  15%|█▍        | 206/1391 [07:21<42:18,  2.14s/it][A
re-ranking g2t:  15%|█▍        | 207/1391 [07:23<42:14,  2.14s/it][A
re-ranking g2t:  15%|█▍        | 208/1391 [07:25<42:12,  2.14s/it][A
re-ranking g2t:  15%|█▌        | 209/1391 [07:27<42:11,  2.14s/it][A
re-ranking g2t:  15%|█▌        | 210/1391 [07:29<42:09,  2.14s/it][A
re-ranking g2t:  15%|█▌        | 211/1391 [07:31<42:06,  2.14s/it][A
re-ranking g2t:  15%|█▌        | 212/1391 [07:33<42:03,  2.14s/it][A
re-ranking g2t:  15%|█▌        | 213/1391 [07:36<42:02,  2.14s/it][A
re-ranking g2t:  15%|█▌        | 214/1391 [07:38<42:00,  2.14s/it][A
re-ranking g2t:  15%|█▌        | 215/1391 [07:40<41:57,  2.14s/it][A
re-ranking g2t:  16%|█▌        | 216/1391 [07:42<41:54,  2.14s/it][A
re-ranking g2t:  16%|█▌        | 217/1391 [07:44<41:52,  2.14s/it][A
re-ranking g2t:  16%|█▌        | 218/1391 [07:46<41:51,  2.14s/it][A
re-ranking g2t:  16%|█▌        | 219/1391 [07:48<41:49,  2.14s/it][A
re-ranking g2t:  16%|█▌        | 220/1391 [07:51<41:47,  2.14s/it][A
re-ranking g2t:  16%|█▌        | 221/1391 [07:53<41:45,  2.14s/it][A
re-ranking g2t:  16%|█▌        | 222/1391 [07:55<41:43,  2.14s/it][A
re-ranking g2t:  16%|█▌        | 223/1391 [07:57<41:42,  2.14s/it][A
re-ranking g2t:  16%|█▌        | 224/1391 [07:59<41:38,  2.14s/it][A
re-ranking g2t:  16%|█▌        | 225/1391 [08:01<41:36,  2.14s/it][A
re-ranking g2t:  16%|█▌        | 226/1391 [08:03<41:33,  2.14s/it][A
re-ranking g2t:  16%|█▋        | 227/1391 [08:06<41:32,  2.14s/it][A
re-ranking g2t:  16%|█▋        | 228/1391 [08:08<41:31,  2.14s/it][A
re-ranking g2t:  16%|█▋        | 229/1391 [08:10<41:28,  2.14s/it][A
re-ranking g2t:  17%|█▋        | 230/1391 [08:12<41:25,  2.14s/it][A
re-ranking g2t:  17%|█▋        | 231/1391 [08:14<41:23,  2.14s/it][A
re-ranking g2t:  17%|█▋        | 232/1391 [08:16<41:20,  2.14s/it][A
re-ranking g2t:  17%|█▋        | 233/1391 [08:18<41:17,  2.14s/it][A
re-ranking g2t:  17%|█▋        | 234/1391 [08:20<41:15,  2.14s/it][A
re-ranking g2t:  17%|█▋        | 235/1391 [08:23<41:14,  2.14s/it][A
re-ranking g2t:  17%|█▋        | 236/1391 [08:25<41:12,  2.14s/it][A
re-ranking g2t:  17%|█▋        | 237/1391 [08:27<41:11,  2.14s/it][A
re-ranking g2t:  17%|█▋        | 238/1391 [08:29<41:09,  2.14s/it][A
re-ranking g2t:  17%|█▋        | 239/1391 [08:31<41:06,  2.14s/it][A
re-ranking g2t:  17%|█▋        | 240/1391 [08:33<41:04,  2.14s/it][A
re-ranking g2t:  17%|█▋        | 241/1391 [08:35<41:02,  2.14s/it][A
re-ranking g2t:  17%|█▋        | 242/1391 [08:38<41:01,  2.14s/it][A
re-ranking g2t:  17%|█▋        | 243/1391 [08:40<40:59,  2.14s/it][A
re-ranking g2t:  18%|█▊        | 244/1391 [08:42<40:56,  2.14s/it][A
re-ranking g2t:  18%|█▊        | 245/1391 [08:44<40:53,  2.14s/it][A
re-ranking g2t:  18%|█▊        | 246/1391 [08:46<40:51,  2.14s/it][A
re-ranking g2t:  18%|█▊        | 247/1391 [08:48<40:49,  2.14s/it][A
re-ranking g2t:  18%|█▊        | 248/1391 [08:50<40:47,  2.14s/it][A
re-ranking g2t:  18%|█▊        | 249/1391 [08:53<40:44,  2.14s/it][A
re-ranking g2t:  18%|█▊        | 250/1391 [08:55<40:41,  2.14s/it][A
re-ranking g2t:  18%|█▊        | 251/1391 [08:57<40:41,  2.14s/it][A
re-ranking g2t:  18%|█▊        | 252/1391 [08:59<40:39,  2.14s/it][A
re-ranking g2t:  18%|█▊        | 253/1391 [09:01<40:36,  2.14s/it][A
re-ranking g2t:  18%|█▊        | 254/1391 [09:03<40:33,  2.14s/it][A
re-ranking g2t:  18%|█▊        | 255/1391 [09:05<40:30,  2.14s/it][A
re-ranking g2t:  18%|█▊        | 256/1391 [09:08<40:29,  2.14s/it][A
re-ranking g2t:  18%|█▊        | 257/1391 [09:10<40:27,  2.14s/it][A
re-ranking g2t:  19%|█▊        | 258/1391 [09:12<40:25,  2.14s/it][A
re-ranking g2t:  19%|█▊        | 259/1391 [09:14<40:23,  2.14s/it][A
re-ranking g2t:  19%|█▊        | 260/1391 [09:16<40:20,  2.14s/it][A
re-ranking g2t:  19%|█▉        | 261/1391 [09:18<40:19,  2.14s/it][A
re-ranking g2t:  19%|█▉        | 262/1391 [09:20<40:16,  2.14s/it][A
re-ranking g2t:  19%|█▉        | 263/1391 [09:23<40:15,  2.14s/it][A
re-ranking g2t:  19%|█▉        | 264/1391 [09:25<40:12,  2.14s/it][A
re-ranking g2t:  19%|█▉        | 265/1391 [09:27<40:10,  2.14s/it][A
re-ranking g2t:  19%|█▉        | 266/1391 [09:29<40:09,  2.14s/it][A
re-ranking g2t:  19%|█▉        | 267/1391 [09:31<40:07,  2.14s/it][A
re-ranking g2t:  19%|█▉        | 268/1391 [09:33<40:04,  2.14s/it][A
re-ranking g2t:  19%|█▉        | 269/1391 [09:35<40:02,  2.14s/it][A
re-ranking g2t:  19%|█▉        | 270/1391 [09:38<40:00,  2.14s/it][A
re-ranking g2t:  19%|█▉        | 271/1391 [09:40<39:57,  2.14s/it][A
re-ranking g2t:  20%|█▉        | 272/1391 [09:42<39:55,  2.14s/it][A
re-ranking g2t:  20%|█▉        | 273/1391 [09:44<39:52,  2.14s/it][A
re-ranking g2t:  20%|█▉        | 274/1391 [09:46<39:49,  2.14s/it][A
re-ranking g2t:  20%|█▉        | 275/1391 [09:48<39:48,  2.14s/it][A
re-ranking g2t:  20%|█▉        | 276/1391 [09:50<39:46,  2.14s/it][A
re-ranking g2t:  20%|█▉        | 277/1391 [09:53<39:44,  2.14s/it][A
re-ranking g2t:  20%|█▉        | 278/1391 [09:55<39:41,  2.14s/it][A
re-ranking g2t:  20%|██        | 279/1391 [09:57<39:39,  2.14s/it][A
re-ranking g2t:  20%|██        | 280/1391 [09:59<39:37,  2.14s/it][A
re-ranking g2t:  20%|██        | 281/1391 [10:01<39:35,  2.14s/it][A
re-ranking g2t:  20%|██        | 282/1391 [10:03<39:33,  2.14s/it][A
re-ranking g2t:  20%|██        | 283/1391 [10:05<39:31,  2.14s/it][A
re-ranking g2t:  20%|██        | 284/1391 [10:08<39:28,  2.14s/it][A
re-ranking g2t:  20%|██        | 285/1391 [10:10<39:26,  2.14s/it][A
re-ranking g2t:  21%|██        | 286/1391 [10:12<39:25,  2.14s/it][A
re-ranking g2t:  21%|██        | 287/1391 [10:14<39:23,  2.14s/it][A
re-ranking g2t:  21%|██        | 288/1391 [10:16<39:21,  2.14s/it][A
re-ranking g2t:  21%|██        | 289/1391 [10:18<39:19,  2.14s/it][A
re-ranking g2t:  21%|██        | 290/1391 [10:20<39:17,  2.14s/it][A
re-ranking g2t:  21%|██        | 291/1391 [10:23<39:14,  2.14s/it][A
re-ranking g2t:  21%|██        | 292/1391 [10:25<39:11,  2.14s/it][A
re-ranking g2t:  21%|██        | 293/1391 [10:27<39:09,  2.14s/it][A
re-ranking g2t:  21%|██        | 294/1391 [10:29<39:07,  2.14s/it][A
re-ranking g2t:  21%|██        | 295/1391 [10:31<39:05,  2.14s/it][A
re-ranking g2t:  21%|██▏       | 296/1391 [10:33<39:03,  2.14s/it][A
re-ranking g2t:  21%|██▏       | 297/1391 [10:35<39:01,  2.14s/it][A
re-ranking g2t:  21%|██▏       | 298/1391 [10:37<38:58,  2.14s/it][A
re-ranking g2t:  21%|██▏       | 299/1391 [10:40<38:57,  2.14s/it][A
re-ranking g2t:  22%|██▏       | 300/1391 [10:42<38:55,  2.14s/it][A
re-ranking g2t:  22%|██▏       | 301/1391 [10:44<38:52,  2.14s/it][A
re-ranking g2t:  22%|██▏       | 302/1391 [10:46<38:49,  2.14s/it][A
re-ranking g2t:  22%|██▏       | 303/1391 [10:48<38:48,  2.14s/it][A
re-ranking g2t:  22%|██▏       | 304/1391 [10:50<38:45,  2.14s/it][A
re-ranking g2t:  22%|██▏       | 305/1391 [10:52<38:43,  2.14s/it][A
re-ranking g2t:  22%|██▏       | 306/1391 [10:55<38:41,  2.14s/it][A
re-ranking g2t:  22%|██▏       | 307/1391 [10:57<38:39,  2.14s/it][A
re-ranking g2t:  22%|██▏       | 308/1391 [10:59<38:39,  2.14s/it][A
re-ranking g2t:  22%|██▏       | 309/1391 [11:01<38:36,  2.14s/it][A
re-ranking g2t:  22%|██▏       | 310/1391 [11:03<38:34,  2.14s/it][A
re-ranking g2t:  22%|██▏       | 311/1391 [11:05<38:31,  2.14s/it][A
re-ranking g2t:  22%|██▏       | 312/1391 [11:07<38:29,  2.14s/it][A
re-ranking g2t:  23%|██▎       | 313/1391 [11:10<38:27,  2.14s/it][A
re-ranking g2t:  23%|██▎       | 314/1391 [11:12<38:25,  2.14s/it][A
re-ranking g2t:  23%|██▎       | 315/1391 [11:14<38:22,  2.14s/it][A
re-ranking g2t:  23%|██▎       | 316/1391 [11:16<38:20,  2.14s/it][A
re-ranking g2t:  23%|██▎       | 317/1391 [11:18<38:18,  2.14s/it][A
re-ranking g2t:  23%|██▎       | 318/1391 [11:20<38:16,  2.14s/it][A
re-ranking g2t:  23%|██▎       | 319/1391 [11:22<38:13,  2.14s/it][A
re-ranking g2t:  23%|██▎       | 320/1391 [11:25<38:11,  2.14s/it][A
re-ranking g2t:  23%|██▎       | 321/1391 [11:27<38:09,  2.14s/it][A
re-ranking g2t:  23%|██▎       | 322/1391 [11:29<38:08,  2.14s/it][A
re-ranking g2t:  23%|██▎       | 323/1391 [11:31<38:06,  2.14s/it][A
re-ranking g2t:  23%|██▎       | 324/1391 [11:33<38:04,  2.14s/it][A
re-ranking g2t:  23%|██▎       | 325/1391 [11:35<38:00,  2.14s/it][A
re-ranking g2t:  23%|██▎       | 326/1391 [11:37<37:57,  2.14s/it][A
re-ranking g2t:  24%|██▎       | 327/1391 [11:40<37:56,  2.14s/it][A
re-ranking g2t:  24%|██▎       | 328/1391 [11:42<37:54,  2.14s/it][A
re-ranking g2t:  24%|██▎       | 329/1391 [11:44<37:52,  2.14s/it][A
re-ranking g2t:  24%|██▎       | 330/1391 [11:46<37:50,  2.14s/it][A
re-ranking g2t:  24%|██▍       | 331/1391 [11:48<37:48,  2.14s/it][A
re-ranking g2t:  24%|██▍       | 332/1391 [11:50<37:46,  2.14s/it][A
re-ranking g2t:  24%|██▍       | 333/1391 [11:52<37:44,  2.14s/it][A
re-ranking g2t:  24%|██▍       | 334/1391 [11:55<37:41,  2.14s/it][A
re-ranking g2t:  24%|██▍       | 335/1391 [11:57<37:39,  2.14s/it][A
re-ranking g2t:  24%|██▍       | 336/1391 [11:59<37:38,  2.14s/it][A
re-ranking g2t:  24%|██▍       | 337/1391 [12:01<37:36,  2.14s/it][A
re-ranking g2t:  24%|██▍       | 338/1391 [12:03<37:33,  2.14s/it][A
re-ranking g2t:  24%|██▍       | 339/1391 [12:05<37:31,  2.14s/it][A
re-ranking g2t:  24%|██▍       | 340/1391 [12:07<37:29,  2.14s/it][A
re-ranking g2t:  25%|██▍       | 341/1391 [12:10<37:27,  2.14s/it][A
re-ranking g2t:  25%|██▍       | 342/1391 [12:12<37:25,  2.14s/it][A
re-ranking g2t:  25%|██▍       | 343/1391 [12:14<37:23,  2.14s/it][A
re-ranking g2t:  25%|██▍       | 344/1391 [12:16<37:20,  2.14s/it][A
re-ranking g2t:  25%|██▍       | 345/1391 [12:18<37:19,  2.14s/it][A
re-ranking g2t:  25%|██▍       | 346/1391 [12:20<37:16,  2.14s/it][A
re-ranking g2t:  25%|██▍       | 347/1391 [12:22<37:14,  2.14s/it][A
re-ranking g2t:  25%|██▌       | 348/1391 [12:25<37:12,  2.14s/it][A
re-ranking g2t:  25%|██▌       | 349/1391 [12:27<37:09,  2.14s/it][A
re-ranking g2t:  25%|██▌       | 350/1391 [12:29<37:08,  2.14s/it][A
re-ranking g2t:  25%|██▌       | 351/1391 [12:31<37:06,  2.14s/it][A
re-ranking g2t:  25%|██▌       | 352/1391 [12:33<37:04,  2.14s/it][A
re-ranking g2t:  25%|██▌       | 353/1391 [12:35<37:01,  2.14s/it][A
re-ranking g2t:  25%|██▌       | 354/1391 [12:37<36:59,  2.14s/it][A
re-ranking g2t:  26%|██▌       | 355/1391 [12:39<36:58,  2.14s/it][A
re-ranking g2t:  26%|██▌       | 356/1391 [12:42<36:55,  2.14s/it][A
re-ranking g2t:  26%|██▌       | 357/1391 [12:44<36:52,  2.14s/it][A
re-ranking g2t:  26%|██▌       | 358/1391 [12:46<36:50,  2.14s/it][A
re-ranking g2t:  26%|██▌       | 359/1391 [12:48<36:48,  2.14s/it][A
re-ranking g2t:  26%|██▌       | 360/1391 [12:50<36:46,  2.14s/it][A
re-ranking g2t:  26%|██▌       | 361/1391 [12:52<36:44,  2.14s/it][A
re-ranking g2t:  26%|██▌       | 362/1391 [12:54<36:42,  2.14s/it][A
re-ranking g2t:  26%|██▌       | 363/1391 [12:57<36:39,  2.14s/it][A
re-ranking g2t:  26%|██▌       | 364/1391 [12:59<36:37,  2.14s/it][A
re-ranking g2t:  26%|██▌       | 365/1391 [13:01<36:35,  2.14s/it][A
re-ranking g2t:  26%|██▋       | 366/1391 [13:03<36:33,  2.14s/it][A
re-ranking g2t:  26%|██▋       | 367/1391 [13:05<36:30,  2.14s/it][A
re-ranking g2t:  26%|██▋       | 368/1391 [13:07<36:30,  2.14s/it][A
re-ranking g2t:  27%|██▋       | 369/1391 [13:09<36:28,  2.14s/it][A
re-ranking g2t:  27%|██▋       | 370/1391 [13:12<36:26,  2.14s/it][A
re-ranking g2t:  27%|██▋       | 371/1391 [13:14<36:22,  2.14s/it][A
re-ranking g2t:  27%|██▋       | 372/1391 [13:16<36:20,  2.14s/it][A
re-ranking g2t:  27%|██▋       | 373/1391 [13:18<36:17,  2.14s/it][A
re-ranking g2t:  27%|██▋       | 374/1391 [13:20<36:17,  2.14s/it][A
re-ranking g2t:  27%|██▋       | 375/1391 [13:22<36:14,  2.14s/it][A
re-ranking g2t:  27%|██▋       | 376/1391 [13:24<36:12,  2.14s/it][A
re-ranking g2t:  27%|██▋       | 377/1391 [13:27<36:09,  2.14s/it][A
re-ranking g2t:  27%|██▋       | 378/1391 [13:29<36:08,  2.14s/it][A
re-ranking g2t:  27%|██▋       | 379/1391 [13:31<36:06,  2.14s/it][A
re-ranking g2t:  27%|██▋       | 380/1391 [13:33<36:04,  2.14s/it][A
re-ranking g2t:  27%|██▋       | 381/1391 [13:35<36:01,  2.14s/it][A
re-ranking g2t:  27%|██▋       | 382/1391 [13:37<35:59,  2.14s/it][A
re-ranking g2t:  28%|██▊       | 383/1391 [13:39<35:57,  2.14s/it][A
re-ranking g2t:  28%|██▊       | 384/1391 [13:42<35:54,  2.14s/it][A
re-ranking g2t:  28%|██▊       | 385/1391 [13:44<35:52,  2.14s/it][A
re-ranking g2t:  28%|██▊       | 386/1391 [13:46<35:50,  2.14s/it][A
re-ranking g2t:  28%|██▊       | 387/1391 [13:48<35:48,  2.14s/it][A
re-ranking g2t:  28%|██▊       | 388/1391 [13:50<35:46,  2.14s/it][A
re-ranking g2t:  28%|██▊       | 389/1391 [13:52<35:43,  2.14s/it][A
re-ranking g2t:  28%|██▊       | 390/1391 [13:54<35:42,  2.14s/it][A
re-ranking g2t:  28%|██▊       | 391/1391 [13:57<35:39,  2.14s/it][A
re-ranking g2t:  28%|██▊       | 392/1391 [13:59<35:37,  2.14s/it][A
re-ranking g2t:  28%|██▊       | 393/1391 [14:01<35:35,  2.14s/it][A
re-ranking g2t:  28%|██▊       | 394/1391 [14:03<35:33,  2.14s/it][A
re-ranking g2t:  28%|██▊       | 395/1391 [14:05<35:31,  2.14s/it][A
re-ranking g2t:  28%|██▊       | 396/1391 [14:07<35:29,  2.14s/it][A
re-ranking g2t:  29%|██▊       | 397/1391 [14:09<35:28,  2.14s/it][A
re-ranking g2t:  29%|██▊       | 398/1391 [14:12<35:25,  2.14s/it][A
re-ranking g2t:  29%|██▊       | 399/1391 [14:14<35:21,  2.14s/it][A
re-ranking g2t:  29%|██▉       | 400/1391 [14:16<35:20,  2.14s/it][A
re-ranking g2t:  29%|██▉       | 401/1391 [14:18<35:19,  2.14s/it][A
re-ranking g2t:  29%|██▉       | 402/1391 [14:20<35:17,  2.14s/it][A
re-ranking g2t:  29%|██▉       | 403/1391 [14:22<35:16,  2.14s/it][A
re-ranking g2t:  29%|██▉       | 404/1391 [14:24<35:13,  2.14s/it][A
re-ranking g2t:  29%|██▉       | 405/1391 [14:26<35:10,  2.14s/it][A
re-ranking g2t:  29%|██▉       | 406/1391 [14:29<35:08,  2.14s/it][A
re-ranking g2t:  29%|██▉       | 407/1391 [14:31<35:07,  2.14s/it][A
re-ranking g2t:  29%|██▉       | 408/1391 [14:33<35:04,  2.14s/it][A
re-ranking g2t:  29%|██▉       | 409/1391 [14:35<35:02,  2.14s/it][A
re-ranking g2t:  29%|██▉       | 410/1391 [14:37<35:00,  2.14s/it][A
re-ranking g2t:  30%|██▉       | 411/1391 [14:39<34:57,  2.14s/it][A
re-ranking g2t:  30%|██▉       | 412/1391 [14:41<34:56,  2.14s/it][A
re-ranking g2t:  30%|██▉       | 413/1391 [14:44<34:53,  2.14s/it][A
re-ranking g2t:  30%|██▉       | 414/1391 [14:46<34:50,  2.14s/it][A
re-ranking g2t:  30%|██▉       | 415/1391 [14:48<34:48,  2.14s/it][A
re-ranking g2t:  30%|██▉       | 416/1391 [14:50<34:46,  2.14s/it][A
re-ranking g2t:  30%|██▉       | 417/1391 [14:52<34:44,  2.14s/it][A
re-ranking g2t:  30%|███       | 418/1391 [14:54<34:42,  2.14s/it][A
re-ranking g2t:  30%|███       | 419/1391 [14:56<34:41,  2.14s/it][A
re-ranking g2t:  30%|███       | 420/1391 [14:59<34:39,  2.14s/it][A
re-ranking g2t:  30%|███       | 421/1391 [15:01<34:37,  2.14s/it][A
re-ranking g2t:  30%|███       | 422/1391 [15:03<34:34,  2.14s/it][A
re-ranking g2t:  30%|███       | 423/1391 [15:05<34:32,  2.14s/it][A
re-ranking g2t:  30%|███       | 424/1391 [15:07<34:30,  2.14s/it][A
re-ranking g2t:  31%|███       | 425/1391 [15:09<34:27,  2.14s/it][A
re-ranking g2t:  31%|███       | 426/1391 [15:11<34:25,  2.14s/it][A
re-ranking g2t:  31%|███       | 427/1391 [15:14<34:23,  2.14s/it][A
re-ranking g2t:  31%|███       | 428/1391 [15:16<34:21,  2.14s/it][A
re-ranking g2t:  31%|███       | 429/1391 [15:18<34:19,  2.14s/it][A
re-ranking g2t:  31%|███       | 430/1391 [15:20<34:17,  2.14s/it][A
re-ranking g2t:  31%|███       | 431/1391 [15:22<34:15,  2.14s/it][A
re-ranking g2t:  31%|███       | 432/1391 [15:24<34:13,  2.14s/it][A
re-ranking g2t:  31%|███       | 433/1391 [15:26<34:11,  2.14s/it][A
re-ranking g2t:  31%|███       | 434/1391 [15:29<34:08,  2.14s/it][A
re-ranking g2t:  31%|███▏      | 435/1391 [15:31<34:06,  2.14s/it][A
re-ranking g2t:  31%|███▏      | 436/1391 [15:33<34:04,  2.14s/it][A
re-ranking g2t:  31%|███▏      | 437/1391 [15:35<34:02,  2.14s/it][A
re-ranking g2t:  31%|███▏      | 438/1391 [15:37<34:00,  2.14s/it][A
re-ranking g2t:  32%|███▏      | 439/1391 [15:39<33:58,  2.14s/it][A
re-ranking g2t:  32%|███▏      | 440/1391 [15:41<33:56,  2.14s/it][A
re-ranking g2t:  32%|███▏      | 441/1391 [15:44<33:54,  2.14s/it][A
re-ranking g2t:  32%|███▏      | 442/1391 [15:46<33:52,  2.14s/it][A
re-ranking g2t:  32%|███▏      | 443/1391 [15:48<33:50,  2.14s/it][A
re-ranking g2t:  32%|███▏      | 444/1391 [15:50<33:47,  2.14s/it][A
re-ranking g2t:  32%|███▏      | 445/1391 [15:52<33:45,  2.14s/it][A
re-ranking g2t:  32%|███▏      | 446/1391 [15:54<33:43,  2.14s/it][A
re-ranking g2t:  32%|███▏      | 447/1391 [15:56<33:40,  2.14s/it][A
re-ranking g2t:  32%|███▏      | 448/1391 [15:59<33:38,  2.14s/it][A
re-ranking g2t:  32%|███▏      | 449/1391 [16:01<33:36,  2.14s/it][A
re-ranking g2t:  32%|███▏      | 450/1391 [16:03<33:35,  2.14s/it][A
re-ranking g2t:  32%|███▏      | 451/1391 [16:05<33:32,  2.14s/it][A
re-ranking g2t:  32%|███▏      | 452/1391 [16:07<33:30,  2.14s/it][A
re-ranking g2t:  33%|███▎      | 453/1391 [16:09<33:28,  2.14s/it][A
re-ranking g2t:  33%|███▎      | 454/1391 [16:11<33:24,  2.14s/it][A
re-ranking g2t:  33%|███▎      | 455/1391 [16:14<33:24,  2.14s/it][A
re-ranking g2t:  33%|███▎      | 456/1391 [16:16<33:21,  2.14s/it][A
re-ranking g2t:  33%|███▎      | 457/1391 [16:18<33:19,  2.14s/it][A
re-ranking g2t:  33%|███▎      | 458/1391 [16:20<33:17,  2.14s/it][A
re-ranking g2t:  33%|███▎      | 459/1391 [16:22<33:15,  2.14s/it][A
re-ranking g2t:  33%|███▎      | 460/1391 [16:24<33:12,  2.14s/it][A
re-ranking g2t:  33%|███▎      | 461/1391 [16:26<33:10,  2.14s/it][A
re-ranking g2t:  33%|███▎      | 462/1391 [16:29<33:08,  2.14s/it][A
re-ranking g2t:  33%|███▎      | 463/1391 [16:31<33:06,  2.14s/it][A
re-ranking g2t:  33%|███▎      | 464/1391 [16:33<33:03,  2.14s/it][A
re-ranking g2t:  33%|███▎      | 465/1391 [16:35<33:02,  2.14s/it][A
re-ranking g2t:  34%|███▎      | 466/1391 [16:37<32:59,  2.14s/it][A
re-ranking g2t:  34%|███▎      | 467/1391 [16:39<32:57,  2.14s/it][A
re-ranking g2t:  34%|███▎      | 468/1391 [16:41<32:55,  2.14s/it][A
re-ranking g2t:  34%|███▎      | 469/1391 [16:44<32:53,  2.14s/it][A
re-ranking g2t:  34%|███▍      | 470/1391 [16:46<32:51,  2.14s/it][A
re-ranking g2t:  34%|███▍      | 471/1391 [16:48<32:48,  2.14s/it][A
re-ranking g2t:  34%|███▍      | 472/1391 [16:50<32:45,  2.14s/it][A
re-ranking g2t:  34%|███▍      | 473/1391 [16:52<32:44,  2.14s/it][A
re-ranking g2t:  34%|███▍      | 474/1391 [16:54<32:42,  2.14s/it][A
re-ranking g2t:  34%|███▍      | 475/1391 [16:56<32:40,  2.14s/it][A
re-ranking g2t:  34%|███▍      | 476/1391 [16:58<32:37,  2.14s/it][A
re-ranking g2t:  34%|███▍      | 477/1391 [17:01<32:35,  2.14s/it][A
re-ranking g2t:  34%|███▍      | 478/1391 [17:03<32:34,  2.14s/it][A
re-ranking g2t:  34%|███▍      | 479/1391 [17:05<32:32,  2.14s/it][A
re-ranking g2t:  35%|███▍      | 480/1391 [17:07<32:30,  2.14s/it][A
re-ranking g2t:  35%|███▍      | 481/1391 [17:09<32:28,  2.14s/it][A
re-ranking g2t:  35%|███▍      | 482/1391 [17:11<32:26,  2.14s/it][A
re-ranking g2t:  35%|███▍      | 483/1391 [17:13<32:23,  2.14s/it][A
re-ranking g2t:  35%|███▍      | 484/1391 [17:16<32:21,  2.14s/it][A
re-ranking g2t:  35%|███▍      | 485/1391 [17:18<32:18,  2.14s/it][A
re-ranking g2t:  35%|███▍      | 486/1391 [17:20<32:15,  2.14s/it][A
re-ranking g2t:  35%|███▌      | 487/1391 [17:22<32:14,  2.14s/it][A
re-ranking g2t:  35%|███▌      | 488/1391 [17:24<32:12,  2.14s/it][A
re-ranking g2t:  35%|███▌      | 489/1391 [17:26<32:10,  2.14s/it][A
re-ranking g2t:  35%|███▌      | 490/1391 [17:28<32:07,  2.14s/it][A
re-ranking g2t:  35%|███▌      | 491/1391 [17:31<32:05,  2.14s/it][A
re-ranking g2t:  35%|███▌      | 492/1391 [17:33<32:03,  2.14s/it][A
re-ranking g2t:  35%|███▌      | 493/1391 [17:35<32:02,  2.14s/it][A
re-ranking g2t:  36%|███▌      | 494/1391 [17:37<32:00,  2.14s/it][A
re-ranking g2t:  36%|███▌      | 495/1391 [17:39<31:57,  2.14s/it][A
re-ranking g2t:  36%|███▌      | 496/1391 [17:41<31:55,  2.14s/it][A
re-ranking g2t:  36%|███▌      | 497/1391 [17:43<31:53,  2.14s/it][A
re-ranking g2t:  36%|███▌      | 498/1391 [17:46<31:50,  2.14s/it][A
re-ranking g2t:  36%|███▌      | 499/1391 [17:48<31:48,  2.14s/it][A
re-ranking g2t:  36%|███▌      | 500/1391 [17:50<31:46,  2.14s/it][A
re-ranking g2t:  36%|███▌      | 501/1391 [17:52<31:44,  2.14s/it][A
re-ranking g2t:  36%|███▌      | 502/1391 [17:54<31:42,  2.14s/it][A
re-ranking g2t:  36%|███▌      | 503/1391 [17:56<31:39,  2.14s/it][A
re-ranking g2t:  36%|███▌      | 504/1391 [17:58<31:37,  2.14s/it][A
re-ranking g2t:  36%|███▋      | 505/1391 [18:01<31:36,  2.14s/it][A
re-ranking g2t:  36%|███▋      | 506/1391 [18:03<31:34,  2.14s/it][A
re-ranking g2t:  36%|███▋      | 507/1391 [18:05<31:32,  2.14s/it][A
re-ranking g2t:  37%|███▋      | 508/1391 [18:07<31:29,  2.14s/it][A
re-ranking g2t:  37%|███▋      | 509/1391 [18:09<31:27,  2.14s/it][A
re-ranking g2t:  37%|███▋      | 510/1391 [18:11<31:24,  2.14s/it][A
re-ranking g2t:  37%|███▋      | 511/1391 [18:13<31:22,  2.14s/it][A
re-ranking g2t:  37%|███▋      | 512/1391 [18:16<31:21,  2.14s/it][A
re-ranking g2t:  37%|███▋      | 513/1391 [18:18<31:18,  2.14s/it][A
re-ranking g2t:  37%|███▋      | 514/1391 [18:20<31:15,  2.14s/it][A
re-ranking g2t:  37%|███▋      | 515/1391 [18:22<31:14,  2.14s/it][A
re-ranking g2t:  37%|███▋      | 516/1391 [18:24<31:12,  2.14s/it][A
re-ranking g2t:  37%|███▋      | 517/1391 [18:26<31:10,  2.14s/it][A
re-ranking g2t:  37%|███▋      | 518/1391 [18:28<31:07,  2.14s/it][A
re-ranking g2t:  37%|███▋      | 519/1391 [18:31<31:06,  2.14s/it][A
re-ranking g2t:  37%|███▋      | 520/1391 [18:33<31:04,  2.14s/it][A
re-ranking g2t:  37%|███▋      | 521/1391 [18:35<31:02,  2.14s/it][A
re-ranking g2t:  38%|███▊      | 522/1391 [18:37<30:59,  2.14s/it][A
re-ranking g2t:  38%|███▊      | 523/1391 [18:39<30:57,  2.14s/it][A
re-ranking g2t:  38%|███▊      | 524/1391 [18:41<30:55,  2.14s/it][A
re-ranking g2t:  38%|███▊      | 525/1391 [18:43<30:54,  2.14s/it][A
re-ranking g2t:  38%|███▊      | 526/1391 [18:45<30:51,  2.14s/it][A
re-ranking g2t:  38%|███▊      | 527/1391 [18:48<30:49,  2.14s/it][A
re-ranking g2t:  38%|███▊      | 528/1391 [18:50<30:46,  2.14s/it][A
re-ranking g2t:  38%|███▊      | 529/1391 [18:52<30:44,  2.14s/it][A
re-ranking g2t:  38%|███▊      | 530/1391 [18:54<30:43,  2.14s/it][A
re-ranking g2t:  38%|███▊      | 531/1391 [18:56<30:40,  2.14s/it][A
re-ranking g2t:  38%|███▊      | 532/1391 [18:58<30:38,  2.14s/it][A
re-ranking g2t:  38%|███▊      | 533/1391 [19:00<30:36,  2.14s/it][A
re-ranking g2t:  38%|███▊      | 534/1391 [19:03<30:34,  2.14s/it][A
re-ranking g2t:  38%|███▊      | 535/1391 [19:05<30:32,  2.14s/it][A
re-ranking g2t:  39%|███▊      | 536/1391 [19:07<30:29,  2.14s/it][A
re-ranking g2t:  39%|███▊      | 537/1391 [19:09<30:27,  2.14s/it][A
re-ranking g2t:  39%|███▊      | 538/1391 [19:11<30:26,  2.14s/it][A
re-ranking g2t:  39%|███▊      | 539/1391 [19:13<30:24,  2.14s/it][A
re-ranking g2t:  39%|███▉      | 540/1391 [19:15<30:21,  2.14s/it][A
re-ranking g2t:  39%|███▉      | 541/1391 [19:18<30:19,  2.14s/it][A
re-ranking g2t:  39%|███▉      | 542/1391 [19:20<30:16,  2.14s/it][A
re-ranking g2t:  39%|███▉      | 543/1391 [19:22<30:16,  2.14s/it][A
re-ranking g2t:  39%|███▉      | 544/1391 [19:24<30:14,  2.14s/it][A
re-ranking g2t:  39%|███▉      | 545/1391 [19:26<30:11,  2.14s/it][A
re-ranking g2t:  39%|███▉      | 546/1391 [19:28<30:08,  2.14s/it][A
re-ranking g2t:  39%|███▉      | 547/1391 [19:30<30:06,  2.14s/it][A
re-ranking g2t:  39%|███▉      | 548/1391 [19:33<30:04,  2.14s/it][A
re-ranking g2t:  39%|███▉      | 549/1391 [19:35<30:01,  2.14s/it][A
re-ranking g2t:  40%|███▉      | 550/1391 [19:37<29:59,  2.14s/it][A
re-ranking g2t:  40%|███▉      | 551/1391 [19:39<29:57,  2.14s/it][A
re-ranking g2t:  40%|███▉      | 552/1391 [19:41<29:55,  2.14s/it][A
re-ranking g2t:  40%|███▉      | 553/1391 [19:43<29:54,  2.14s/it][A
re-ranking g2t:  40%|███▉      | 554/1391 [19:45<29:51,  2.14s/it][A
re-ranking g2t:  40%|███▉      | 555/1391 [19:48<29:49,  2.14s/it][A
re-ranking g2t:  40%|███▉      | 556/1391 [19:50<29:46,  2.14s/it][A
re-ranking g2t:  40%|████      | 557/1391 [19:52<29:44,  2.14s/it][A
re-ranking g2t:  40%|████      | 558/1391 [19:54<29:43,  2.14s/it][A
re-ranking g2t:  40%|████      | 559/1391 [19:56<29:40,  2.14s/it][A
re-ranking g2t:  40%|████      | 560/1391 [19:58<29:38,  2.14s/it][A
re-ranking g2t:  40%|████      | 561/1391 [20:00<29:36,  2.14s/it][A
re-ranking g2t:  40%|████      | 562/1391 [20:03<29:34,  2.14s/it][A
re-ranking g2t:  40%|████      | 563/1391 [20:05<29:33,  2.14s/it][A
re-ranking g2t:  41%|████      | 564/1391 [20:07<29:30,  2.14s/it][A
re-ranking g2t:  41%|████      | 565/1391 [20:09<29:28,  2.14s/it][A
re-ranking g2t:  41%|████      | 566/1391 [20:11<29:26,  2.14s/it][A
re-ranking g2t:  41%|████      | 567/1391 [20:13<29:23,  2.14s/it][A
re-ranking g2t:  41%|████      | 568/1391 [20:15<29:21,  2.14s/it][A
re-ranking g2t:  41%|████      | 569/1391 [20:18<29:19,  2.14s/it][A
re-ranking g2t:  41%|████      | 570/1391 [20:20<29:18,  2.14s/it][A
re-ranking g2t:  41%|████      | 571/1391 [20:22<29:15,  2.14s/it][A
re-ranking g2t:  41%|████      | 572/1391 [20:24<29:14,  2.14s/it][A
re-ranking g2t:  41%|████      | 573/1391 [20:26<29:11,  2.14s/it][A
re-ranking g2t:  41%|████▏     | 574/1391 [20:28<29:09,  2.14s/it][A
re-ranking g2t:  41%|████▏     | 575/1391 [20:30<29:06,  2.14s/it][A
re-ranking g2t:  41%|████▏     | 576/1391 [20:33<29:04,  2.14s/it][A
re-ranking g2t:  41%|████▏     | 577/1391 [20:35<29:02,  2.14s/it][A
re-ranking g2t:  42%|████▏     | 578/1391 [20:37<29:00,  2.14s/it][A
re-ranking g2t:  42%|████▏     | 579/1391 [20:39<28:57,  2.14s/it][A
re-ranking g2t:  42%|████▏     | 580/1391 [20:41<28:55,  2.14s/it][A
re-ranking g2t:  42%|████▏     | 581/1391 [20:43<28:53,  2.14s/it][A
re-ranking g2t:  42%|████▏     | 582/1391 [20:45<28:51,  2.14s/it][A
re-ranking g2t:  42%|████▏     | 583/1391 [20:48<28:50,  2.14s/it][A
re-ranking g2t:  42%|████▏     | 584/1391 [20:50<28:47,  2.14s/it][A
re-ranking g2t:  42%|████▏     | 585/1391 [20:52<28:45,  2.14s/it][A
re-ranking g2t:  42%|████▏     | 586/1391 [20:54<28:43,  2.14s/it][A
re-ranking g2t:  42%|████▏     | 587/1391 [20:56<28:42,  2.14s/it][A
re-ranking g2t:  42%|████▏     | 588/1391 [20:58<28:40,  2.14s/it][A
re-ranking g2t:  42%|████▏     | 589/1391 [21:00<28:37,  2.14s/it][A
re-ranking g2t:  42%|████▏     | 590/1391 [21:02<28:34,  2.14s/it][A
re-ranking g2t:  42%|████▏     | 591/1391 [21:05<28:32,  2.14s/it][A
re-ranking g2t:  43%|████▎     | 592/1391 [21:07<28:30,  2.14s/it][A
re-ranking g2t:  43%|████▎     | 593/1391 [21:09<28:27,  2.14s/it][A
re-ranking g2t:  43%|████▎     | 594/1391 [21:11<28:25,  2.14s/it][A
re-ranking g2t:  43%|████▎     | 595/1391 [21:13<28:23,  2.14s/it][A
re-ranking g2t:  43%|████▎     | 596/1391 [21:15<28:21,  2.14s/it][A
re-ranking g2t:  43%|████▎     | 597/1391 [21:17<28:19,  2.14s/it][A
re-ranking g2t:  43%|████▎     | 598/1391 [21:20<28:17,  2.14s/it][A
re-ranking g2t:  43%|████▎     | 599/1391 [21:22<28:15,  2.14s/it][A
re-ranking g2t:  43%|████▎     | 600/1391 [21:24<28:12,  2.14s/it][A
re-ranking g2t:  43%|████▎     | 601/1391 [21:26<28:10,  2.14s/it][A
re-ranking g2t:  43%|████▎     | 602/1391 [21:28<28:08,  2.14s/it][A
re-ranking g2t:  43%|████▎     | 603/1391 [21:30<28:06,  2.14s/it][A
re-ranking g2t:  43%|████▎     | 604/1391 [21:32<28:04,  2.14s/it][A
re-ranking g2t:  43%|████▎     | 605/1391 [21:35<28:02,  2.14s/it][A
re-ranking g2t:  44%|████▎     | 606/1391 [21:37<28:00,  2.14s/it][A
re-ranking g2t:  44%|████▎     | 607/1391 [21:39<27:58,  2.14s/it][A
re-ranking g2t:  44%|████▎     | 608/1391 [21:41<27:55,  2.14s/it][A
re-ranking g2t:  44%|████▍     | 609/1391 [21:43<27:53,  2.14s/it][A
re-ranking g2t:  44%|████▍     | 610/1391 [21:45<27:51,  2.14s/it][A
re-ranking g2t:  44%|████▍     | 611/1391 [21:47<27:49,  2.14s/it][A
re-ranking g2t:  44%|████▍     | 612/1391 [21:50<27:46,  2.14s/it][A
re-ranking g2t:  44%|████▍     | 613/1391 [21:52<27:44,  2.14s/it][A
re-ranking g2t:  44%|████▍     | 614/1391 [21:54<27:42,  2.14s/it][A
re-ranking g2t:  44%|████▍     | 615/1391 [21:56<27:40,  2.14s/it][A
re-ranking g2t:  44%|████▍     | 616/1391 [21:58<27:38,  2.14s/it][A
re-ranking g2t:  44%|████▍     | 617/1391 [22:00<27:35,  2.14s/it][A
re-ranking g2t:  44%|████▍     | 618/1391 [22:02<27:32,  2.14s/it][A
re-ranking g2t:  45%|████▍     | 619/1391 [22:05<27:32,  2.14s/it][A
re-ranking g2t:  45%|████▍     | 620/1391 [22:07<27:30,  2.14s/it][A
re-ranking g2t:  45%|████▍     | 621/1391 [22:09<27:27,  2.14s/it][A
re-ranking g2t:  45%|████▍     | 622/1391 [22:11<27:25,  2.14s/it][A
re-ranking g2t:  45%|████▍     | 623/1391 [22:13<27:23,  2.14s/it][A
re-ranking g2t:  45%|████▍     | 624/1391 [22:15<27:21,  2.14s/it][A
re-ranking g2t:  45%|████▍     | 625/1391 [22:17<27:19,  2.14s/it][A
re-ranking g2t:  45%|████▌     | 626/1391 [22:20<27:16,  2.14s/it][A
re-ranking g2t:  45%|████▌     | 627/1391 [22:22<27:14,  2.14s/it][A
re-ranking g2t:  45%|████▌     | 628/1391 [22:24<27:12,  2.14s/it][A
re-ranking g2t:  45%|████▌     | 629/1391 [22:26<27:10,  2.14s/it][A
re-ranking g2t:  45%|████▌     | 630/1391 [22:28<27:08,  2.14s/it][A
re-ranking g2t:  45%|████▌     | 631/1391 [22:30<27:06,  2.14s/it][A
re-ranking g2t:  45%|████▌     | 632/1391 [22:32<27:04,  2.14s/it][A
re-ranking g2t:  46%|████▌     | 633/1391 [22:35<27:01,  2.14s/it][A
re-ranking g2t:  46%|████▌     | 634/1391 [22:37<26:59,  2.14s/it][A
re-ranking g2t:  46%|████▌     | 635/1391 [22:39<26:58,  2.14s/it][A
re-ranking g2t:  46%|████▌     | 636/1391 [22:41<26:56,  2.14s/it][A
re-ranking g2t:  46%|████▌     | 637/1391 [22:43<26:53,  2.14s/it][A
re-ranking g2t:  46%|████▌     | 638/1391 [22:45<26:51,  2.14s/it][A
re-ranking g2t:  46%|████▌     | 639/1391 [22:47<26:49,  2.14s/it][A
re-ranking g2t:  46%|████▌     | 640/1391 [22:49<26:46,  2.14s/it][A
re-ranking g2t:  46%|████▌     | 641/1391 [22:52<26:44,  2.14s/it][A
re-ranking g2t:  46%|████▌     | 642/1391 [22:54<26:43,  2.14s/it][A
re-ranking g2t:  46%|████▌     | 643/1391 [22:56<26:41,  2.14s/it][A
re-ranking g2t:  46%|████▋     | 644/1391 [22:58<26:39,  2.14s/it][A
re-ranking g2t:  46%|████▋     | 645/1391 [23:00<26:36,  2.14s/it][A
re-ranking g2t:  46%|████▋     | 646/1391 [23:02<26:34,  2.14s/it][A
re-ranking g2t:  47%|████▋     | 647/1391 [23:04<26:33,  2.14s/it][A
re-ranking g2t:  47%|████▋     | 648/1391 [23:07<26:30,  2.14s/it][A
re-ranking g2t:  47%|████▋     | 649/1391 [23:09<26:28,  2.14s/it][A
re-ranking g2t:  47%|████▋     | 650/1391 [23:11<26:26,  2.14s/it][A
re-ranking g2t:  47%|████▋     | 651/1391 [23:13<26:23,  2.14s/it][A
re-ranking g2t:  47%|████▋     | 652/1391 [23:15<26:21,  2.14s/it][A
re-ranking g2t:  47%|████▋     | 653/1391 [23:17<26:20,  2.14s/it][A
re-ranking g2t:  47%|████▋     | 654/1391 [23:19<26:18,  2.14s/it][A
re-ranking g2t:  47%|████▋     | 655/1391 [23:22<26:14,  2.14s/it][A
re-ranking g2t:  47%|████▋     | 656/1391 [23:24<26:11,  2.14s/it][A
re-ranking g2t:  47%|████▋     | 657/1391 [23:26<26:10,  2.14s/it][A
re-ranking g2t:  47%|████▋     | 658/1391 [23:28<26:08,  2.14s/it][A
re-ranking g2t:  47%|████▋     | 659/1391 [23:30<26:06,  2.14s/it][A
re-ranking g2t:  47%|████▋     | 660/1391 [23:32<26:03,  2.14s/it][A
re-ranking g2t:  48%|████▊     | 661/1391 [23:34<26:01,  2.14s/it][A
re-ranking g2t:  48%|████▊     | 662/1391 [23:37<26:00,  2.14s/it][A
re-ranking g2t:  48%|████▊     | 663/1391 [23:39<25:58,  2.14s/it][A
re-ranking g2t:  48%|████▊     | 664/1391 [23:41<25:55,  2.14s/it][A
re-ranking g2t:  48%|████▊     | 665/1391 [23:43<25:53,  2.14s/it][A
re-ranking g2t:  48%|████▊     | 666/1391 [23:45<25:51,  2.14s/it][A
re-ranking g2t:  48%|████▊     | 667/1391 [23:47<25:49,  2.14s/it][A
re-ranking g2t:  48%|████▊     | 668/1391 [23:49<25:46,  2.14s/it][A
re-ranking g2t:  48%|████▊     | 669/1391 [23:52<25:44,  2.14s/it][A
re-ranking g2t:  48%|████▊     | 670/1391 [23:54<25:43,  2.14s/it][A
re-ranking g2t:  48%|████▊     | 671/1391 [23:56<25:42,  2.14s/it][A
re-ranking g2t:  48%|████▊     | 672/1391 [23:58<25:39,  2.14s/it][A
re-ranking g2t:  48%|████▊     | 673/1391 [24:00<25:36,  2.14s/it][A
re-ranking g2t:  48%|████▊     | 674/1391 [24:02<25:35,  2.14s/it][A
re-ranking g2t:  49%|████▊     | 675/1391 [24:04<25:33,  2.14s/it][A
re-ranking g2t:  49%|████▊     | 676/1391 [24:07<25:31,  2.14s/it][A
re-ranking g2t:  49%|████▊     | 677/1391 [24:09<25:28,  2.14s/it][A
re-ranking g2t:  49%|████▊     | 678/1391 [24:11<25:26,  2.14s/it][A
re-ranking g2t:  49%|████▉     | 679/1391 [24:13<25:23,  2.14s/it][A
re-ranking g2t:  49%|████▉     | 680/1391 [24:15<25:21,  2.14s/it][A
re-ranking g2t:  49%|████▉     | 681/1391 [24:17<25:19,  2.14s/it][A
re-ranking g2t:  49%|████▉     | 682/1391 [24:19<25:16,  2.14s/it][A
re-ranking g2t:  49%|████▉     | 683/1391 [24:22<25:14,  2.14s/it][A
re-ranking g2t:  49%|████▉     | 684/1391 [24:24<25:12,  2.14s/it][A
re-ranking g2t:  49%|████▉     | 685/1391 [24:26<25:11,  2.14s/it][A
re-ranking g2t:  49%|████▉     | 686/1391 [24:28<25:08,  2.14s/it][A
re-ranking g2t:  49%|████▉     | 687/1391 [24:30<25:05,  2.14s/it][A
re-ranking g2t:  49%|████▉     | 688/1391 [24:32<25:03,  2.14s/it][A
re-ranking g2t:  50%|████▉     | 689/1391 [24:34<25:02,  2.14s/it][A
re-ranking g2t:  50%|████▉     | 690/1391 [24:37<25:00,  2.14s/it][A
re-ranking g2t:  50%|████▉     | 691/1391 [24:39<24:58,  2.14s/it][A
re-ranking g2t:  50%|████▉     | 692/1391 [24:41<24:55,  2.14s/it][A
re-ranking g2t:  50%|████▉     | 693/1391 [24:43<24:53,  2.14s/it][A
re-ranking g2t:  50%|████▉     | 694/1391 [24:45<24:51,  2.14s/it][A
re-ranking g2t:  50%|████▉     | 695/1391 [24:47<24:49,  2.14s/it][A
re-ranking g2t:  50%|█████     | 696/1391 [24:49<24:46,  2.14s/it][A
re-ranking g2t:  50%|█████     | 697/1391 [24:51<24:44,  2.14s/it][A
re-ranking g2t:  50%|█████     | 698/1391 [24:54<24:43,  2.14s/it][A
re-ranking g2t:  50%|█████     | 699/1391 [24:56<24:41,  2.14s/it][A
re-ranking g2t:  50%|█████     | 700/1391 [24:58<24:39,  2.14s/it][A
re-ranking g2t:  50%|█████     | 701/1391 [25:00<24:36,  2.14s/it][A
re-ranking g2t:  50%|█████     | 702/1391 [25:02<24:33,  2.14s/it][A
re-ranking g2t:  51%|█████     | 703/1391 [25:04<24:31,  2.14s/it][A
re-ranking g2t:  51%|█████     | 704/1391 [25:06<24:30,  2.14s/it][A
re-ranking g2t:  51%|█████     | 705/1391 [25:09<24:28,  2.14s/it][A
re-ranking g2t:  51%|█████     | 706/1391 [25:11<24:25,  2.14s/it][A
re-ranking g2t:  51%|█████     | 707/1391 [25:13<24:23,  2.14s/it][A
re-ranking g2t:  51%|█████     | 708/1391 [25:15<24:22,  2.14s/it][A
re-ranking g2t:  51%|█████     | 709/1391 [25:17<24:20,  2.14s/it][A
re-ranking g2t:  51%|█████     | 710/1391 [25:19<24:17,  2.14s/it][A
re-ranking g2t:  51%|█████     | 711/1391 [25:21<24:15,  2.14s/it][A
re-ranking g2t:  51%|█████     | 712/1391 [25:24<24:13,  2.14s/it][A
re-ranking g2t:  51%|█████▏    | 713/1391 [25:26<24:11,  2.14s/it][A
re-ranking g2t:  51%|█████▏    | 714/1391 [25:28<24:08,  2.14s/it][A
re-ranking g2t:  51%|█████▏    | 715/1391 [25:30<24:06,  2.14s/it][A
re-ranking g2t:  51%|█████▏    | 716/1391 [25:32<24:04,  2.14s/it][A
re-ranking g2t:  52%|█████▏    | 717/1391 [25:34<24:02,  2.14s/it][A
re-ranking g2t:  52%|█████▏    | 718/1391 [25:36<24:00,  2.14s/it][A
re-ranking g2t:  52%|█████▏    | 719/1391 [25:39<23:57,  2.14s/it][A
re-ranking g2t:  52%|█████▏    | 720/1391 [25:41<23:55,  2.14s/it][A
re-ranking g2t:  52%|█████▏    | 721/1391 [25:43<23:53,  2.14s/it][A
re-ranking g2t:  52%|█████▏    | 722/1391 [25:45<23:52,  2.14s/it][A
re-ranking g2t:  52%|█████▏    | 723/1391 [25:47<23:49,  2.14s/it][A
re-ranking g2t:  52%|█████▏    | 724/1391 [25:49<23:46,  2.14s/it][A
re-ranking g2t:  52%|█████▏    | 725/1391 [25:51<23:44,  2.14s/it][A
re-ranking g2t:  52%|█████▏    | 726/1391 [25:54<23:42,  2.14s/it][A
re-ranking g2t:  52%|█████▏    | 727/1391 [25:56<23:41,  2.14s/it][A
re-ranking g2t:  52%|█████▏    | 728/1391 [25:58<23:38,  2.14s/it][A
re-ranking g2t:  52%|█████▏    | 729/1391 [26:00<23:36,  2.14s/it][A
re-ranking g2t:  52%|█████▏    | 730/1391 [26:02<23:34,  2.14s/it][A
re-ranking g2t:  53%|█████▎    | 731/1391 [26:04<23:32,  2.14s/it][A
re-ranking g2t:  53%|█████▎    | 732/1391 [26:06<23:30,  2.14s/it][A
re-ranking g2t:  53%|█████▎    | 733/1391 [26:09<23:26,  2.14s/it][A
re-ranking g2t:  53%|█████▎    | 734/1391 [26:11<23:25,  2.14s/it][A
re-ranking g2t:  53%|█████▎    | 735/1391 [26:13<23:23,  2.14s/it][A
re-ranking g2t:  53%|█████▎    | 736/1391 [26:15<23:21,  2.14s/it][A
re-ranking g2t:  53%|█████▎    | 737/1391 [26:17<23:19,  2.14s/it][A
re-ranking g2t:  53%|█████▎    | 738/1391 [26:19<23:16,  2.14s/it][A
re-ranking g2t:  53%|█████▎    | 739/1391 [26:21<23:15,  2.14s/it][A
re-ranking g2t:  53%|█████▎    | 740/1391 [26:24<23:13,  2.14s/it][A
re-ranking g2t:  53%|█████▎    | 741/1391 [26:26<23:11,  2.14s/it][A
re-ranking g2t:  53%|█████▎    | 742/1391 [26:28<23:08,  2.14s/it][A
re-ranking g2t:  53%|█████▎    | 743/1391 [26:30<23:06,  2.14s/it][A
re-ranking g2t:  53%|█████▎    | 744/1391 [26:32<23:04,  2.14s/it][A
re-ranking g2t:  54%|█████▎    | 745/1391 [26:34<23:02,  2.14s/it][A
re-ranking g2t:  54%|█████▎    | 746/1391 [26:36<23:00,  2.14s/it][A
re-ranking g2t:  54%|█████▎    | 747/1391 [26:38<22:58,  2.14s/it][A
re-ranking g2t:  54%|█████▍    | 748/1391 [26:41<22:56,  2.14s/it][A
re-ranking g2t:  54%|█████▍    | 749/1391 [26:43<22:54,  2.14s/it][A
re-ranking g2t:  54%|█████▍    | 750/1391 [26:45<22:52,  2.14s/it][A
re-ranking g2t:  54%|█████▍    | 751/1391 [26:47<22:50,  2.14s/it][A
re-ranking g2t:  54%|█████▍    | 752/1391 [26:49<22:48,  2.14s/it][A
re-ranking g2t:  54%|█████▍    | 753/1391 [26:51<22:45,  2.14s/it][A
re-ranking g2t:  54%|█████▍    | 754/1391 [26:53<22:43,  2.14s/it][A
re-ranking g2t:  54%|█████▍    | 755/1391 [26:56<22:41,  2.14s/it][A
re-ranking g2t:  54%|█████▍    | 756/1391 [26:58<22:39,  2.14s/it][A
re-ranking g2t:  54%|█████▍    | 757/1391 [27:00<22:37,  2.14s/it][A
re-ranking g2t:  54%|█████▍    | 758/1391 [27:02<22:35,  2.14s/it][A
re-ranking g2t:  55%|█████▍    | 759/1391 [27:04<22:33,  2.14s/it][A
re-ranking g2t:  55%|█████▍    | 760/1391 [27:06<22:31,  2.14s/it][A
re-ranking g2t:  55%|█████▍    | 761/1391 [27:08<22:29,  2.14s/it][A
re-ranking g2t:  55%|█████▍    | 762/1391 [27:11<22:26,  2.14s/it][A
re-ranking g2t:  55%|█████▍    | 763/1391 [27:13<22:24,  2.14s/it][A
re-ranking g2t:  55%|█████▍    | 764/1391 [27:15<22:21,  2.14s/it][A
re-ranking g2t:  55%|█████▍    | 765/1391 [27:17<22:19,  2.14s/it][A
re-ranking g2t:  55%|█████▌    | 766/1391 [27:19<22:17,  2.14s/it][A
re-ranking g2t:  55%|█████▌    | 767/1391 [27:21<22:15,  2.14s/it][A
re-ranking g2t:  55%|█████▌    | 768/1391 [27:23<22:13,  2.14s/it][A
re-ranking g2t:  55%|█████▌    | 769/1391 [27:26<22:11,  2.14s/it][A
re-ranking g2t:  55%|█████▌    | 770/1391 [27:28<22:09,  2.14s/it][A
re-ranking g2t:  55%|█████▌    | 771/1391 [27:30<22:06,  2.14s/it][A
re-ranking g2t:  55%|█████▌    | 772/1391 [27:32<22:04,  2.14s/it][A
re-ranking g2t:  56%|█████▌    | 773/1391 [27:34<22:02,  2.14s/it][A
re-ranking g2t:  56%|█████▌    | 774/1391 [27:36<22:00,  2.14s/it][A
re-ranking g2t:  56%|█████▌    | 775/1391 [27:38<21:58,  2.14s/it][A
re-ranking g2t:  56%|█████▌    | 776/1391 [27:41<21:55,  2.14s/it][A
re-ranking g2t:  56%|█████▌    | 777/1391 [27:43<21:53,  2.14s/it][A
re-ranking g2t:  56%|█████▌    | 778/1391 [27:45<21:51,  2.14s/it][A
re-ranking g2t:  56%|█████▌    | 779/1391 [27:47<21:49,  2.14s/it][A
re-ranking g2t:  56%|█████▌    | 780/1391 [27:49<21:47,  2.14s/it][A
re-ranking g2t:  56%|█████▌    | 781/1391 [27:51<21:46,  2.14s/it][A
re-ranking g2t:  56%|█████▌    | 782/1391 [27:53<21:44,  2.14s/it][A
re-ranking g2t:  56%|█████▋    | 783/1391 [27:56<21:42,  2.14s/it][A
re-ranking g2t:  56%|█████▋    | 784/1391 [27:58<21:40,  2.14s/it][A
re-ranking g2t:  56%|█████▋    | 785/1391 [28:00<21:37,  2.14s/it][A
re-ranking g2t:  57%|█████▋    | 786/1391 [28:02<21:35,  2.14s/it][A
re-ranking g2t:  57%|█████▋    | 787/1391 [28:04<21:33,  2.14s/it][A
re-ranking g2t:  57%|█████▋    | 788/1391 [28:06<21:30,  2.14s/it][A
re-ranking g2t:  57%|█████▋    | 789/1391 [28:08<21:28,  2.14s/it][A
re-ranking g2t:  57%|█████▋    | 790/1391 [28:11<21:26,  2.14s/it][A
re-ranking g2t:  57%|█████▋    | 791/1391 [28:13<21:24,  2.14s/it][A
re-ranking g2t:  57%|█████▋    | 792/1391 [28:15<21:22,  2.14s/it][A
re-ranking g2t:  57%|█████▋    | 793/1391 [28:17<21:20,  2.14s/it][A
re-ranking g2t:  57%|█████▋    | 794/1391 [28:19<21:18,  2.14s/it][A
re-ranking g2t:  57%|█████▋    | 795/1391 [28:21<21:16,  2.14s/it][A
re-ranking g2t:  57%|█████▋    | 796/1391 [28:23<21:13,  2.14s/it][A
re-ranking g2t:  57%|█████▋    | 797/1391 [28:26<21:11,  2.14s/it][A
re-ranking g2t:  57%|█████▋    | 798/1391 [28:28<21:09,  2.14s/it][A
re-ranking g2t:  57%|█████▋    | 799/1391 [28:30<21:06,  2.14s/it][A
re-ranking g2t:  58%|█████▊    | 800/1391 [28:32<21:04,  2.14s/it][A
re-ranking g2t:  58%|█████▊    | 801/1391 [28:34<21:02,  2.14s/it][A
re-ranking g2t:  58%|█████▊    | 802/1391 [28:36<21:00,  2.14s/it][A
re-ranking g2t:  58%|█████▊    | 803/1391 [28:38<20:58,  2.14s/it][A
re-ranking g2t:  58%|█████▊    | 804/1391 [28:41<20:56,  2.14s/it][A
re-ranking g2t:  58%|█████▊    | 805/1391 [28:43<20:54,  2.14s/it][A
re-ranking g2t:  58%|█████▊    | 806/1391 [28:45<20:51,  2.14s/it][A
re-ranking g2t:  58%|█████▊    | 807/1391 [28:47<20:49,  2.14s/it][A
re-ranking g2t:  58%|█████▊    | 808/1391 [28:49<20:48,  2.14s/it][A
re-ranking g2t:  58%|█████▊    | 809/1391 [28:51<20:46,  2.14s/it][A
re-ranking g2t:  58%|█████▊    | 810/1391 [28:53<20:43,  2.14s/it][A
re-ranking g2t:  58%|█████▊    | 811/1391 [28:55<20:41,  2.14s/it][A
re-ranking g2t:  58%|█████▊    | 812/1391 [28:58<20:39,  2.14s/it][A
re-ranking g2t:  58%|█████▊    | 813/1391 [29:00<20:36,  2.14s/it][A
re-ranking g2t:  59%|█████▊    | 814/1391 [29:02<20:34,  2.14s/it][A
re-ranking g2t:  59%|█████▊    | 815/1391 [29:04<20:32,  2.14s/it][A
re-ranking g2t:  59%|█████▊    | 816/1391 [29:06<20:30,  2.14s/it][A
re-ranking g2t:  59%|█████▊    | 817/1391 [29:08<20:28,  2.14s/it][A
re-ranking g2t:  59%|█████▉    | 818/1391 [29:10<20:26,  2.14s/it][A
re-ranking g2t:  59%|█████▉    | 819/1391 [29:13<20:24,  2.14s/it][A
re-ranking g2t:  59%|█████▉    | 820/1391 [29:15<20:22,  2.14s/it][A
re-ranking g2t:  59%|█████▉    | 821/1391 [29:17<20:20,  2.14s/it][A
re-ranking g2t:  59%|█████▉    | 822/1391 [29:19<20:18,  2.14s/it][A
re-ranking g2t:  59%|█████▉    | 823/1391 [29:21<20:15,  2.14s/it][A
re-ranking g2t:  59%|█████▉    | 824/1391 [29:23<20:13,  2.14s/it][A
re-ranking g2t:  59%|█████▉    | 825/1391 [29:25<20:11,  2.14s/it][A
re-ranking g2t:  59%|█████▉    | 826/1391 [29:28<20:09,  2.14s/it][A
re-ranking g2t:  59%|█████▉    | 827/1391 [29:30<20:06,  2.14s/it][A
re-ranking g2t:  60%|█████▉    | 828/1391 [29:32<20:04,  2.14s/it][A
re-ranking g2t:  60%|█████▉    | 829/1391 [29:34<20:02,  2.14s/it][A
re-ranking g2t:  60%|█████▉    | 830/1391 [29:36<20:00,  2.14s/it][A
re-ranking g2t:  60%|█████▉    | 831/1391 [29:38<19:57,  2.14s/it][A
re-ranking g2t:  60%|█████▉    | 832/1391 [29:40<19:55,  2.14s/it][A
re-ranking g2t:  60%|█████▉    | 833/1391 [29:43<19:54,  2.14s/it][A
re-ranking g2t:  60%|█████▉    | 834/1391 [29:45<19:52,  2.14s/it][A
re-ranking g2t:  60%|██████    | 835/1391 [29:47<19:50,  2.14s/it][A
re-ranking g2t:  60%|██████    | 836/1391 [29:49<19:47,  2.14s/it][A
re-ranking g2t:  60%|██████    | 837/1391 [29:51<19:45,  2.14s/it][A
re-ranking g2t:  60%|██████    | 838/1391 [29:53<19:43,  2.14s/it][A
re-ranking g2t:  60%|██████    | 839/1391 [29:55<19:41,  2.14s/it][A
re-ranking g2t:  60%|██████    | 840/1391 [29:58<19:39,  2.14s/it][A
re-ranking g2t:  60%|██████    | 841/1391 [30:00<19:37,  2.14s/it][A
re-ranking g2t:  61%|██████    | 842/1391 [30:02<19:35,  2.14s/it][A
re-ranking g2t:  61%|██████    | 843/1391 [30:04<19:32,  2.14s/it][A
re-ranking g2t:  61%|██████    | 844/1391 [30:06<19:30,  2.14s/it][A
re-ranking g2t:  61%|██████    | 845/1391 [30:08<19:28,  2.14s/it][A
re-ranking g2t:  61%|██████    | 846/1391 [30:10<19:26,  2.14s/it][A
re-ranking g2t:  61%|██████    | 847/1391 [30:13<19:24,  2.14s/it][A
re-ranking g2t:  61%|██████    | 848/1391 [30:15<19:22,  2.14s/it][A
re-ranking g2t:  61%|██████    | 849/1391 [30:17<19:20,  2.14s/it][A
re-ranking g2t:  61%|██████    | 850/1391 [30:19<19:18,  2.14s/it][A
re-ranking g2t:  61%|██████    | 851/1391 [30:21<19:15,  2.14s/it][A
re-ranking g2t:  61%|██████▏   | 852/1391 [30:23<19:13,  2.14s/it][A
re-ranking g2t:  61%|██████▏   | 853/1391 [30:25<19:12,  2.14s/it][A
re-ranking g2t:  61%|██████▏   | 854/1391 [30:28<19:09,  2.14s/it][A
re-ranking g2t:  61%|██████▏   | 855/1391 [30:30<19:07,  2.14s/it][A
re-ranking g2t:  62%|██████▏   | 856/1391 [30:32<19:05,  2.14s/it][A
re-ranking g2t:  62%|██████▏   | 857/1391 [30:34<19:03,  2.14s/it][A
re-ranking g2t:  62%|██████▏   | 858/1391 [30:36<19:01,  2.14s/it][A
re-ranking g2t:  62%|██████▏   | 859/1391 [30:38<18:58,  2.14s/it][A
re-ranking g2t:  62%|██████▏   | 860/1391 [30:40<18:57,  2.14s/it][A
re-ranking g2t:  62%|██████▏   | 861/1391 [30:43<18:54,  2.14s/it][A
re-ranking g2t:  62%|██████▏   | 862/1391 [30:45<18:53,  2.14s/it][A
re-ranking g2t:  62%|██████▏   | 863/1391 [30:47<18:50,  2.14s/it][A
re-ranking g2t:  62%|██████▏   | 864/1391 [30:49<18:48,  2.14s/it][A
re-ranking g2t:  62%|██████▏   | 865/1391 [30:51<18:45,  2.14s/it][A
re-ranking g2t:  62%|██████▏   | 866/1391 [30:53<18:43,  2.14s/it][A
re-ranking g2t:  62%|██████▏   | 867/1391 [30:55<18:41,  2.14s/it][A
re-ranking g2t:  62%|██████▏   | 868/1391 [30:57<18:39,  2.14s/it][A
re-ranking g2t:  62%|██████▏   | 869/1391 [31:00<18:37,  2.14s/it][A
re-ranking g2t:  63%|██████▎   | 870/1391 [31:02<18:35,  2.14s/it][A
re-ranking g2t:  63%|██████▎   | 871/1391 [31:04<18:33,  2.14s/it][A
re-ranking g2t:  63%|██████▎   | 872/1391 [31:06<18:30,  2.14s/it][A
re-ranking g2t:  63%|██████▎   | 873/1391 [31:08<18:28,  2.14s/it][A
re-ranking g2t:  63%|██████▎   | 874/1391 [31:10<18:26,  2.14s/it][A
re-ranking g2t:  63%|██████▎   | 875/1391 [31:12<18:24,  2.14s/it][A
re-ranking g2t:  63%|██████▎   | 876/1391 [31:15<18:22,  2.14s/it][A
re-ranking g2t:  63%|██████▎   | 877/1391 [31:17<18:20,  2.14s/it][A
re-ranking g2t:  63%|██████▎   | 878/1391 [31:19<18:18,  2.14s/it][A
re-ranking g2t:  63%|██████▎   | 879/1391 [31:21<18:16,  2.14s/it][A
re-ranking g2t:  63%|██████▎   | 880/1391 [31:23<18:13,  2.14s/it][A
re-ranking g2t:  63%|██████▎   | 881/1391 [31:25<18:10,  2.14s/it][A
re-ranking g2t:  63%|██████▎   | 882/1391 [31:27<18:09,  2.14s/it][A
re-ranking g2t:  63%|██████▎   | 883/1391 [31:30<18:06,  2.14s/it][A
re-ranking g2t:  64%|██████▎   | 884/1391 [31:32<18:04,  2.14s/it][A
re-ranking g2t:  64%|██████▎   | 885/1391 [31:34<18:02,  2.14s/it][A
re-ranking g2t:  64%|██████▎   | 886/1391 [31:36<18:00,  2.14s/it][A
re-ranking g2t:  64%|██████▍   | 887/1391 [31:38<17:58,  2.14s/it][A
re-ranking g2t:  64%|██████▍   | 888/1391 [31:40<17:56,  2.14s/it][A
re-ranking g2t:  64%|██████▍   | 889/1391 [31:42<17:54,  2.14s/it][A
re-ranking g2t:  64%|██████▍   | 890/1391 [31:45<17:51,  2.14s/it][A
re-ranking g2t:  64%|██████▍   | 891/1391 [31:47<17:50,  2.14s/it][A
re-ranking g2t:  64%|██████▍   | 892/1391 [31:49<17:48,  2.14s/it][A
re-ranking g2t:  64%|██████▍   | 893/1391 [31:51<17:45,  2.14s/it][A
re-ranking g2t:  64%|██████▍   | 894/1391 [31:53<17:43,  2.14s/it][A
re-ranking g2t:  64%|██████▍   | 895/1391 [31:55<17:41,  2.14s/it][A
re-ranking g2t:  64%|██████▍   | 896/1391 [31:57<17:40,  2.14s/it][A
re-ranking g2t:  64%|██████▍   | 897/1391 [32:00<17:37,  2.14s/it][A
re-ranking g2t:  65%|██████▍   | 898/1391 [32:02<17:34,  2.14s/it][A
re-ranking g2t:  65%|██████▍   | 899/1391 [32:04<17:32,  2.14s/it][A
re-ranking g2t:  65%|██████▍   | 900/1391 [32:06<17:31,  2.14s/it][A
re-ranking g2t:  65%|██████▍   | 901/1391 [32:08<17:29,  2.14s/it][A
re-ranking g2t:  65%|██████▍   | 902/1391 [32:10<17:26,  2.14s/it][A
re-ranking g2t:  65%|██████▍   | 903/1391 [32:12<17:24,  2.14s/it][A
re-ranking g2t:  65%|██████▍   | 904/1391 [32:15<17:21,  2.14s/it][A
re-ranking g2t:  65%|██████▌   | 905/1391 [32:17<17:20,  2.14s/it][A
re-ranking g2t:  65%|██████▌   | 906/1391 [32:19<17:17,  2.14s/it][A
re-ranking g2t:  65%|██████▌   | 907/1391 [32:21<17:15,  2.14s/it][A
re-ranking g2t:  65%|██████▌   | 908/1391 [32:23<17:13,  2.14s/it][A
re-ranking g2t:  65%|██████▌   | 909/1391 [32:25<17:12,  2.14s/it][A
re-ranking g2t:  65%|██████▌   | 910/1391 [32:27<17:09,  2.14s/it][A
re-ranking g2t:  65%|██████▌   | 911/1391 [32:30<17:07,  2.14s/it][A
re-ranking g2t:  66%|██████▌   | 912/1391 [32:32<17:05,  2.14s/it][A
re-ranking g2t:  66%|██████▌   | 913/1391 [32:34<17:02,  2.14s/it][A
re-ranking g2t:  66%|██████▌   | 914/1391 [32:36<17:01,  2.14s/it][A
re-ranking g2t:  66%|██████▌   | 915/1391 [32:38<16:59,  2.14s/it][A
re-ranking g2t:  66%|██████▌   | 916/1391 [32:40<16:56,  2.14s/it][A
re-ranking g2t:  66%|██████▌   | 917/1391 [32:42<16:54,  2.14s/it][A
re-ranking g2t:  66%|██████▌   | 918/1391 [32:45<16:52,  2.14s/it][A
re-ranking g2t:  66%|██████▌   | 919/1391 [32:47<16:50,  2.14s/it][A
re-ranking g2t:  66%|██████▌   | 920/1391 [32:49<16:48,  2.14s/it][A
re-ranking g2t:  66%|██████▌   | 921/1391 [32:51<16:45,  2.14s/it][A
re-ranking g2t:  66%|██████▋   | 922/1391 [32:53<16:43,  2.14s/it][A
re-ranking g2t:  66%|██████▋   | 923/1391 [32:55<16:41,  2.14s/it][A
re-ranking g2t:  66%|██████▋   | 924/1391 [32:57<16:38,  2.14s/it][A
re-ranking g2t:  66%|██████▋   | 925/1391 [32:59<16:37,  2.14s/it][A
re-ranking g2t:  67%|██████▋   | 926/1391 [33:02<16:34,  2.14s/it][A
re-ranking g2t:  67%|██████▋   | 927/1391 [33:04<16:32,  2.14s/it][A
re-ranking g2t:  67%|██████▋   | 928/1391 [33:06<16:30,  2.14s/it][A
re-ranking g2t:  67%|██████▋   | 929/1391 [33:08<16:28,  2.14s/it][A
re-ranking g2t:  67%|██████▋   | 930/1391 [33:10<16:26,  2.14s/it][A
re-ranking g2t:  67%|██████▋   | 931/1391 [33:12<16:23,  2.14s/it][A
re-ranking g2t:  67%|██████▋   | 932/1391 [33:14<16:22,  2.14s/it][A
re-ranking g2t:  67%|██████▋   | 933/1391 [33:17<16:20,  2.14s/it][A
re-ranking g2t:  67%|██████▋   | 934/1391 [33:19<16:17,  2.14s/it][A
re-ranking g2t:  67%|██████▋   | 935/1391 [33:21<16:15,  2.14s/it][A
re-ranking g2t:  67%|██████▋   | 936/1391 [33:23<16:13,  2.14s/it][A
re-ranking g2t:  67%|██████▋   | 937/1391 [33:25<16:12,  2.14s/it][A
re-ranking g2t:  67%|██████▋   | 938/1391 [33:27<16:09,  2.14s/it][A
re-ranking g2t:  68%|██████▊   | 939/1391 [33:29<16:07,  2.14s/it][A
re-ranking g2t:  68%|██████▊   | 940/1391 [33:32<16:05,  2.14s/it][A
re-ranking g2t:  68%|██████▊   | 941/1391 [33:34<16:03,  2.14s/it][A
re-ranking g2t:  68%|██████▊   | 942/1391 [33:36<16:01,  2.14s/it][A
re-ranking g2t:  68%|██████▊   | 943/1391 [33:38<15:58,  2.14s/it][A
re-ranking g2t:  68%|██████▊   | 944/1391 [33:40<15:56,  2.14s/it][A
re-ranking g2t:  68%|██████▊   | 945/1391 [33:42<15:54,  2.14s/it][A
re-ranking g2t:  68%|██████▊   | 946/1391 [33:44<15:52,  2.14s/it][A
re-ranking g2t:  68%|██████▊   | 947/1391 [33:47<15:50,  2.14s/it][A
re-ranking g2t:  68%|██████▊   | 948/1391 [33:49<15:48,  2.14s/it][A
re-ranking g2t:  68%|██████▊   | 949/1391 [33:51<15:45,  2.14s/it][A
re-ranking g2t:  68%|██████▊   | 950/1391 [33:53<15:43,  2.14s/it][A
re-ranking g2t:  68%|██████▊   | 951/1391 [33:55<15:41,  2.14s/it][A
re-ranking g2t:  68%|██████▊   | 952/1391 [33:57<15:39,  2.14s/it][A
re-ranking g2t:  69%|██████▊   | 953/1391 [33:59<15:37,  2.14s/it][A
re-ranking g2t:  69%|██████▊   | 954/1391 [34:02<15:34,  2.14s/it][A
re-ranking g2t:  69%|██████▊   | 955/1391 [34:04<15:32,  2.14s/it][A
re-ranking g2t:  69%|██████▊   | 956/1391 [34:06<15:30,  2.14s/it][A
re-ranking g2t:  69%|██████▉   | 957/1391 [34:08<15:28,  2.14s/it][A
re-ranking g2t:  69%|██████▉   | 958/1391 [34:10<15:26,  2.14s/it][A
re-ranking g2t:  69%|██████▉   | 959/1391 [34:12<15:24,  2.14s/it][A
re-ranking g2t:  69%|██████▉   | 960/1391 [34:14<15:22,  2.14s/it][A
re-ranking g2t:  69%|██████▉   | 961/1391 [34:17<15:20,  2.14s/it][A
re-ranking g2t:  69%|██████▉   | 962/1391 [34:19<15:18,  2.14s/it][A
re-ranking g2t:  69%|██████▉   | 963/1391 [34:21<15:15,  2.14s/it][A
re-ranking g2t:  69%|██████▉   | 964/1391 [34:23<15:13,  2.14s/it][A
re-ranking g2t:  69%|██████▉   | 965/1391 [34:25<15:11,  2.14s/it][A
re-ranking g2t:  69%|██████▉   | 966/1391 [34:27<15:09,  2.14s/it][A
re-ranking g2t:  70%|██████▉   | 967/1391 [34:29<15:07,  2.14s/it][A
re-ranking g2t:  70%|██████▉   | 968/1391 [34:32<15:05,  2.14s/it][A
re-ranking g2t:  70%|██████▉   | 969/1391 [34:34<15:03,  2.14s/it][A
re-ranking g2t:  70%|██████▉   | 970/1391 [34:36<15:01,  2.14s/it][A
re-ranking g2t:  70%|██████▉   | 971/1391 [34:38<14:58,  2.14s/it][A
re-ranking g2t:  70%|██████▉   | 972/1391 [34:40<14:56,  2.14s/it][A
re-ranking g2t:  70%|██████▉   | 973/1391 [34:42<14:54,  2.14s/it][A
re-ranking g2t:  70%|███████   | 974/1391 [34:44<14:52,  2.14s/it][A
re-ranking g2t:  70%|███████   | 975/1391 [34:47<14:50,  2.14s/it][A
re-ranking g2t:  70%|███████   | 976/1391 [34:49<14:48,  2.14s/it][A
re-ranking g2t:  70%|███████   | 977/1391 [34:51<14:45,  2.14s/it][A
re-ranking g2t:  70%|███████   | 978/1391 [34:53<14:43,  2.14s/it][A
re-ranking g2t:  70%|███████   | 979/1391 [34:55<14:41,  2.14s/it][A
re-ranking g2t:  70%|███████   | 980/1391 [34:57<14:39,  2.14s/it][A
re-ranking g2t:  71%|███████   | 981/1391 [34:59<14:37,  2.14s/it][A
re-ranking g2t:  71%|███████   | 982/1391 [35:01<14:35,  2.14s/it][A
re-ranking g2t:  71%|███████   | 983/1391 [35:04<14:33,  2.14s/it][A
re-ranking g2t:  71%|███████   | 984/1391 [35:06<14:31,  2.14s/it][A
re-ranking g2t:  71%|███████   | 985/1391 [35:08<14:28,  2.14s/it][A
re-ranking g2t:  71%|███████   | 986/1391 [35:10<14:26,  2.14s/it][A
re-ranking g2t:  71%|███████   | 987/1391 [35:12<14:24,  2.14s/it][A
re-ranking g2t:  71%|███████   | 988/1391 [35:14<14:22,  2.14s/it][A
re-ranking g2t:  71%|███████   | 989/1391 [35:16<14:20,  2.14s/it][A
re-ranking g2t:  71%|███████   | 990/1391 [35:19<14:17,  2.14s/it][A
re-ranking g2t:  71%|███████   | 991/1391 [35:21<14:15,  2.14s/it][A
re-ranking g2t:  71%|███████▏  | 992/1391 [35:23<14:13,  2.14s/it][A
re-ranking g2t:  71%|███████▏  | 993/1391 [35:25<14:11,  2.14s/it][A
re-ranking g2t:  71%|███████▏  | 994/1391 [35:27<14:09,  2.14s/it][A
re-ranking g2t:  72%|███████▏  | 995/1391 [35:29<14:07,  2.14s/it][A
re-ranking g2t:  72%|███████▏  | 996/1391 [35:31<14:05,  2.14s/it][A
re-ranking g2t:  72%|███████▏  | 997/1391 [35:34<14:02,  2.14s/it][A
re-ranking g2t:  72%|███████▏  | 998/1391 [35:36<14:00,  2.14s/it][A
re-ranking g2t:  72%|███████▏  | 999/1391 [35:38<13:58,  2.14s/it][A
re-ranking g2t:  72%|███████▏  | 1000/1391 [35:40<13:56,  2.14s/it][A
re-ranking g2t:  72%|███████▏  | 1001/1391 [35:42<13:54,  2.14s/it][A
re-ranking g2t:  72%|███████▏  | 1002/1391 [35:44<13:52,  2.14s/it][A
re-ranking g2t:  72%|███████▏  | 1003/1391 [35:46<13:50,  2.14s/it][A
re-ranking g2t:  72%|███████▏  | 1004/1391 [35:49<13:48,  2.14s/it][A
re-ranking g2t:  72%|███████▏  | 1005/1391 [35:51<13:45,  2.14s/it][A
re-ranking g2t:  72%|███████▏  | 1006/1391 [35:53<13:43,  2.14s/it][A
re-ranking g2t:  72%|███████▏  | 1007/1391 [35:55<13:41,  2.14s/it][A
re-ranking g2t:  72%|███████▏  | 1008/1391 [35:57<13:39,  2.14s/it][A
re-ranking g2t:  73%|███████▎  | 1009/1391 [35:59<13:36,  2.14s/it][A
re-ranking g2t:  73%|███████▎  | 1010/1391 [36:01<13:34,  2.14s/it][A
re-ranking g2t:  73%|███████▎  | 1011/1391 [36:04<13:32,  2.14s/it][A
re-ranking g2t:  73%|███████▎  | 1012/1391 [36:06<13:30,  2.14s/it][A
re-ranking g2t:  73%|███████▎  | 1013/1391 [36:08<13:28,  2.14s/it][A
re-ranking g2t:  73%|███████▎  | 1014/1391 [36:10<13:26,  2.14s/it][A
re-ranking g2t:  73%|███████▎  | 1015/1391 [36:12<13:24,  2.14s/it][A
re-ranking g2t:  73%|███████▎  | 1016/1391 [36:14<13:22,  2.14s/it][A
re-ranking g2t:  73%|███████▎  | 1017/1391 [36:16<13:20,  2.14s/it][A
re-ranking g2t:  73%|███████▎  | 1018/1391 [36:18<13:17,  2.14s/it][A
re-ranking g2t:  73%|███████▎  | 1019/1391 [36:21<13:15,  2.14s/it][A
re-ranking g2t:  73%|███████▎  | 1020/1391 [36:23<13:13,  2.14s/it][A
re-ranking g2t:  73%|███████▎  | 1021/1391 [36:25<13:11,  2.14s/it][A
re-ranking g2t:  73%|███████▎  | 1022/1391 [36:27<13:09,  2.14s/it][A
re-ranking g2t:  74%|███████▎  | 1023/1391 [36:29<13:07,  2.14s/it][A
re-ranking g2t:  74%|███████▎  | 1024/1391 [36:31<13:04,  2.14s/it][A
re-ranking g2t:  74%|███████▎  | 1025/1391 [36:33<13:02,  2.14s/it][A
re-ranking g2t:  74%|███████▍  | 1026/1391 [36:36<13:00,  2.14s/it][A
re-ranking g2t:  74%|███████▍  | 1027/1391 [36:38<12:58,  2.14s/it][A
re-ranking g2t:  74%|███████▍  | 1028/1391 [36:40<12:56,  2.14s/it][A
re-ranking g2t:  74%|███████▍  | 1029/1391 [36:42<12:54,  2.14s/it][A
re-ranking g2t:  74%|███████▍  | 1030/1391 [36:44<12:52,  2.14s/it][A
re-ranking g2t:  74%|███████▍  | 1031/1391 [36:46<12:49,  2.14s/it][A
re-ranking g2t:  74%|███████▍  | 1032/1391 [36:48<12:47,  2.14s/it][A
re-ranking g2t:  74%|███████▍  | 1033/1391 [36:51<12:45,  2.14s/it][A
re-ranking g2t:  74%|███████▍  | 1034/1391 [36:53<12:43,  2.14s/it][A
re-ranking g2t:  74%|███████▍  | 1035/1391 [36:55<12:41,  2.14s/it][A
re-ranking g2t:  74%|███████▍  | 1036/1391 [36:57<12:39,  2.14s/it][A
re-ranking g2t:  75%|███████▍  | 1037/1391 [36:59<12:37,  2.14s/it][A
re-ranking g2t:  75%|███████▍  | 1038/1391 [37:01<12:35,  2.14s/it][A
re-ranking g2t:  75%|███████▍  | 1039/1391 [37:03<12:32,  2.14s/it][A
re-ranking g2t:  75%|███████▍  | 1040/1391 [37:06<12:30,  2.14s/it][A
re-ranking g2t:  75%|███████▍  | 1041/1391 [37:08<12:28,  2.14s/it][A
re-ranking g2t:  75%|███████▍  | 1042/1391 [37:10<12:26,  2.14s/it][A
re-ranking g2t:  75%|███████▍  | 1043/1391 [37:12<12:24,  2.14s/it][A
re-ranking g2t:  75%|███████▌  | 1044/1391 [37:14<12:22,  2.14s/it][A
re-ranking g2t:  75%|███████▌  | 1045/1391 [37:16<12:20,  2.14s/it][A
re-ranking g2t:  75%|███████▌  | 1046/1391 [37:18<12:17,  2.14s/it][A
re-ranking g2t:  75%|███████▌  | 1047/1391 [37:21<12:15,  2.14s/it][A
re-ranking g2t:  75%|███████▌  | 1048/1391 [37:23<12:13,  2.14s/it][A
re-ranking g2t:  75%|███████▌  | 1049/1391 [37:25<12:11,  2.14s/it][A
re-ranking g2t:  75%|███████▌  | 1050/1391 [37:27<12:09,  2.14s/it][A
re-ranking g2t:  76%|███████▌  | 1051/1391 [37:29<12:07,  2.14s/it][A
re-ranking g2t:  76%|███████▌  | 1052/1391 [37:31<12:05,  2.14s/it][A
re-ranking g2t:  76%|███████▌  | 1053/1391 [37:33<12:03,  2.14s/it][A
re-ranking g2t:  76%|███████▌  | 1054/1391 [37:36<12:01,  2.14s/it][A
re-ranking g2t:  76%|███████▌  | 1055/1391 [37:38<11:58,  2.14s/it][A
re-ranking g2t:  76%|███████▌  | 1056/1391 [37:40<11:56,  2.14s/it][A
re-ranking g2t:  76%|███████▌  | 1057/1391 [37:42<11:54,  2.14s/it][A
re-ranking g2t:  76%|███████▌  | 1058/1391 [37:44<11:52,  2.14s/it][A
re-ranking g2t:  76%|███████▌  | 1059/1391 [37:46<11:50,  2.14s/it][A
re-ranking g2t:  76%|███████▌  | 1060/1391 [37:48<11:47,  2.14s/it][A
re-ranking g2t:  76%|███████▋  | 1061/1391 [37:50<11:46,  2.14s/it][A
re-ranking g2t:  76%|███████▋  | 1062/1391 [37:53<11:44,  2.14s/it][A
re-ranking g2t:  76%|███████▋  | 1063/1391 [37:55<11:42,  2.14s/it][A
re-ranking g2t:  76%|███████▋  | 1064/1391 [37:57<11:39,  2.14s/it][A
re-ranking g2t:  77%|███████▋  | 1065/1391 [37:59<11:37,  2.14s/it][A
re-ranking g2t:  77%|███████▋  | 1066/1391 [38:01<11:35,  2.14s/it][A
re-ranking g2t:  77%|███████▋  | 1067/1391 [38:03<11:33,  2.14s/it][A
re-ranking g2t:  77%|███████▋  | 1068/1391 [38:05<11:30,  2.14s/it][A
re-ranking g2t:  77%|███████▋  | 1069/1391 [38:08<11:28,  2.14s/it][A
re-ranking g2t:  77%|███████▋  | 1070/1391 [38:10<11:26,  2.14s/it][A
re-ranking g2t:  77%|███████▋  | 1071/1391 [38:12<11:24,  2.14s/it][A
re-ranking g2t:  77%|███████▋  | 1072/1391 [38:14<11:22,  2.14s/it][A
re-ranking g2t:  77%|███████▋  | 1073/1391 [38:16<11:20,  2.14s/it][A
re-ranking g2t:  77%|███████▋  | 1074/1391 [38:18<11:18,  2.14s/it][A
re-ranking g2t:  77%|███████▋  | 1075/1391 [38:20<11:15,  2.14s/it][A
re-ranking g2t:  77%|███████▋  | 1076/1391 [38:23<11:14,  2.14s/it][A
re-ranking g2t:  77%|███████▋  | 1077/1391 [38:25<11:12,  2.14s/it][A
re-ranking g2t:  77%|███████▋  | 1078/1391 [38:27<11:09,  2.14s/it][A
re-ranking g2t:  78%|███████▊  | 1079/1391 [38:29<11:07,  2.14s/it][A
re-ranking g2t:  78%|███████▊  | 1080/1391 [38:31<11:05,  2.14s/it][A
re-ranking g2t:  78%|███████▊  | 1081/1391 [38:33<11:03,  2.14s/it][A
re-ranking g2t:  78%|███████▊  | 1082/1391 [38:35<11:01,  2.14s/it][A
re-ranking g2t:  78%|███████▊  | 1083/1391 [38:38<10:58,  2.14s/it][A
re-ranking g2t:  78%|███████▊  | 1084/1391 [38:40<10:56,  2.14s/it][A
re-ranking g2t:  78%|███████▊  | 1085/1391 [38:42<10:54,  2.14s/it][A
re-ranking g2t:  78%|███████▊  | 1086/1391 [38:44<10:52,  2.14s/it][A
re-ranking g2t:  78%|███████▊  | 1087/1391 [38:46<10:50,  2.14s/it][A
re-ranking g2t:  78%|███████▊  | 1088/1391 [38:48<10:48,  2.14s/it][A
re-ranking g2t:  78%|███████▊  | 1089/1391 [38:50<10:46,  2.14s/it][A
re-ranking g2t:  78%|███████▊  | 1090/1391 [38:53<10:44,  2.14s/it][A
re-ranking g2t:  78%|███████▊  | 1091/1391 [38:55<10:42,  2.14s/it][A
re-ranking g2t:  79%|███████▊  | 1092/1391 [38:57<10:40,  2.14s/it][A
re-ranking g2t:  79%|███████▊  | 1093/1391 [38:59<10:37,  2.14s/it][A
re-ranking g2t:  79%|███████▊  | 1094/1391 [39:01<10:35,  2.14s/it][A
re-ranking g2t:  79%|███████▊  | 1095/1391 [39:03<10:33,  2.14s/it][A
re-ranking g2t:  79%|███████▉  | 1096/1391 [39:05<10:31,  2.14s/it][A
re-ranking g2t:  79%|███████▉  | 1097/1391 [39:08<10:29,  2.14s/it][A
re-ranking g2t:  79%|███████▉  | 1098/1391 [39:10<10:27,  2.14s/it][A
re-ranking g2t:  79%|███████▉  | 1099/1391 [39:12<10:25,  2.14s/it][A
re-ranking g2t:  79%|███████▉  | 1100/1391 [39:14<10:23,  2.14s/it][A
re-ranking g2t:  79%|███████▉  | 1101/1391 [39:16<10:20,  2.14s/it][A
re-ranking g2t:  79%|███████▉  | 1102/1391 [39:18<10:18,  2.14s/it][A
re-ranking g2t:  79%|███████▉  | 1103/1391 [39:20<10:16,  2.14s/it][A
re-ranking g2t:  79%|███████▉  | 1104/1391 [39:23<10:14,  2.14s/it][A
re-ranking g2t:  79%|███████▉  | 1105/1391 [39:25<10:12,  2.14s/it][A
re-ranking g2t:  80%|███████▉  | 1106/1391 [39:27<10:10,  2.14s/it][A
re-ranking g2t:  80%|███████▉  | 1107/1391 [39:29<10:07,  2.14s/it][A
re-ranking g2t:  80%|███████▉  | 1108/1391 [39:31<10:05,  2.14s/it][A
re-ranking g2t:  80%|███████▉  | 1109/1391 [39:33<10:03,  2.14s/it][A
re-ranking g2t:  80%|███████▉  | 1110/1391 [39:35<10:01,  2.14s/it][A
re-ranking g2t:  80%|███████▉  | 1111/1391 [39:38<09:59,  2.14s/it][A
re-ranking g2t:  80%|███████▉  | 1112/1391 [39:40<09:57,  2.14s/it][A
re-ranking g2t:  80%|████████  | 1113/1391 [39:42<09:55,  2.14s/it][A
re-ranking g2t:  80%|████████  | 1114/1391 [39:44<09:52,  2.14s/it][A
re-ranking g2t:  80%|████████  | 1115/1391 [39:46<09:50,  2.14s/it][A
re-ranking g2t:  80%|████████  | 1116/1391 [39:48<09:48,  2.14s/it][A
re-ranking g2t:  80%|████████  | 1117/1391 [39:50<09:46,  2.14s/it][A
re-ranking g2t:  80%|████████  | 1118/1391 [39:52<09:44,  2.14s/it][A
re-ranking g2t:  80%|████████  | 1119/1391 [39:55<09:42,  2.14s/it][A
re-ranking g2t:  81%|████████  | 1120/1391 [39:57<09:40,  2.14s/it][A
re-ranking g2t:  81%|████████  | 1121/1391 [39:59<09:38,  2.14s/it][A
re-ranking g2t:  81%|████████  | 1122/1391 [40:01<09:35,  2.14s/it][A
re-ranking g2t:  81%|████████  | 1123/1391 [40:03<09:33,  2.14s/it][A
re-ranking g2t:  81%|████████  | 1124/1391 [40:05<09:31,  2.14s/it][A
re-ranking g2t:  81%|████████  | 1125/1391 [40:07<09:28,  2.14s/it][A
re-ranking g2t:  81%|████████  | 1126/1391 [40:10<09:26,  2.14s/it][A
re-ranking g2t:  81%|████████  | 1127/1391 [40:12<09:24,  2.14s/it][A
re-ranking g2t:  81%|████████  | 1128/1391 [40:14<09:22,  2.14s/it][A
re-ranking g2t:  81%|████████  | 1129/1391 [40:16<09:20,  2.14s/it][A
re-ranking g2t:  81%|████████  | 1130/1391 [40:18<09:18,  2.14s/it][A
re-ranking g2t:  81%|████████▏ | 1131/1391 [40:20<09:16,  2.14s/it][A
re-ranking g2t:  81%|████████▏ | 1132/1391 [40:22<09:14,  2.14s/it][A
re-ranking g2t:  81%|████████▏ | 1133/1391 [40:25<09:12,  2.14s/it][A
re-ranking g2t:  82%|████████▏ | 1134/1391 [40:27<09:10,  2.14s/it][A
re-ranking g2t:  82%|████████▏ | 1135/1391 [40:29<09:07,  2.14s/it][A
re-ranking g2t:  82%|████████▏ | 1136/1391 [40:31<09:05,  2.14s/it][A
re-ranking g2t:  82%|████████▏ | 1137/1391 [40:33<09:03,  2.14s/it][A
re-ranking g2t:  82%|████████▏ | 1138/1391 [40:35<09:01,  2.14s/it][A
re-ranking g2t:  82%|████████▏ | 1139/1391 [40:37<08:59,  2.14s/it][A
re-ranking g2t:  82%|████████▏ | 1140/1391 [40:40<08:56,  2.14s/it][A
re-ranking g2t:  82%|████████▏ | 1141/1391 [40:42<08:54,  2.14s/it][A
re-ranking g2t:  82%|████████▏ | 1142/1391 [40:44<08:52,  2.14s/it][A
re-ranking g2t:  82%|████████▏ | 1143/1391 [40:46<08:50,  2.14s/it][A
re-ranking g2t:  82%|████████▏ | 1144/1391 [40:48<08:48,  2.14s/it][A
re-ranking g2t:  82%|████████▏ | 1145/1391 [40:50<08:45,  2.14s/it][A
re-ranking g2t:  82%|████████▏ | 1146/1391 [40:52<08:44,  2.14s/it][A
re-ranking g2t:  82%|████████▏ | 1147/1391 [40:55<08:41,  2.14s/it][A
re-ranking g2t:  83%|████████▎ | 1148/1391 [40:57<08:39,  2.14s/it][A
re-ranking g2t:  83%|████████▎ | 1149/1391 [40:59<08:37,  2.14s/it][A
re-ranking g2t:  83%|████████▎ | 1150/1391 [41:01<08:35,  2.14s/it][A
re-ranking g2t:  83%|████████▎ | 1151/1391 [41:03<08:33,  2.14s/it][A
re-ranking g2t:  83%|████████▎ | 1152/1391 [41:05<08:31,  2.14s/it][A
re-ranking g2t:  83%|████████▎ | 1153/1391 [41:07<08:29,  2.14s/it][A
re-ranking g2t:  83%|████████▎ | 1154/1391 [41:10<08:27,  2.14s/it][A
re-ranking g2t:  83%|████████▎ | 1155/1391 [41:12<08:25,  2.14s/it][A
re-ranking g2t:  83%|████████▎ | 1156/1391 [41:14<08:22,  2.14s/it][A
re-ranking g2t:  83%|████████▎ | 1157/1391 [41:16<08:20,  2.14s/it][A
re-ranking g2t:  83%|████████▎ | 1158/1391 [41:18<08:18,  2.14s/it][A
re-ranking g2t:  83%|████████▎ | 1159/1391 [41:20<08:16,  2.14s/it][A
re-ranking g2t:  83%|████████▎ | 1160/1391 [41:22<08:14,  2.14s/it][A
re-ranking g2t:  83%|████████▎ | 1161/1391 [41:24<08:12,  2.14s/it][A
re-ranking g2t:  84%|████████▎ | 1162/1391 [41:27<08:09,  2.14s/it][A
re-ranking g2t:  84%|████████▎ | 1163/1391 [41:29<08:08,  2.14s/it][A
re-ranking g2t:  84%|████████▎ | 1164/1391 [41:31<08:06,  2.14s/it][A
re-ranking g2t:  84%|████████▍ | 1165/1391 [41:33<08:03,  2.14s/it][A
re-ranking g2t:  84%|████████▍ | 1166/1391 [41:35<08:01,  2.14s/it][A
re-ranking g2t:  84%|████████▍ | 1167/1391 [41:37<07:59,  2.14s/it][A
re-ranking g2t:  84%|████████▍ | 1168/1391 [41:39<07:57,  2.14s/it][A
re-ranking g2t:  84%|████████▍ | 1169/1391 [41:42<07:54,  2.14s/it][A
re-ranking g2t:  84%|████████▍ | 1170/1391 [41:44<07:52,  2.14s/it][A
re-ranking g2t:  84%|████████▍ | 1171/1391 [41:46<07:50,  2.14s/it][A
re-ranking g2t:  84%|████████▍ | 1172/1391 [41:48<07:48,  2.14s/it][A
re-ranking g2t:  84%|████████▍ | 1173/1391 [41:50<07:46,  2.14s/it][A
re-ranking g2t:  84%|████████▍ | 1174/1391 [41:52<07:44,  2.14s/it][A
re-ranking g2t:  84%|████████▍ | 1175/1391 [41:54<07:42,  2.14s/it][A
re-ranking g2t:  85%|████████▍ | 1176/1391 [41:57<07:39,  2.14s/it][A
re-ranking g2t:  85%|████████▍ | 1177/1391 [41:59<07:37,  2.14s/it][A
re-ranking g2t:  85%|████████▍ | 1178/1391 [42:01<07:35,  2.14s/it][A
re-ranking g2t:  85%|████████▍ | 1179/1391 [42:03<07:33,  2.14s/it][A
re-ranking g2t:  85%|████████▍ | 1180/1391 [42:05<07:31,  2.14s/it][A
re-ranking g2t:  85%|████████▍ | 1181/1391 [42:07<07:29,  2.14s/it][A
re-ranking g2t:  85%|████████▍ | 1182/1391 [42:09<07:27,  2.14s/it][A
re-ranking g2t:  85%|████████▌ | 1183/1391 [42:12<07:25,  2.14s/it][A
re-ranking g2t:  85%|████████▌ | 1184/1391 [42:14<07:22,  2.14s/it][A
re-ranking g2t:  85%|████████▌ | 1185/1391 [42:16<07:20,  2.14s/it][A
re-ranking g2t:  85%|████████▌ | 1186/1391 [42:18<07:18,  2.14s/it][A
re-ranking g2t:  85%|████████▌ | 1187/1391 [42:20<07:16,  2.14s/it][A
re-ranking g2t:  85%|████████▌ | 1188/1391 [42:22<07:14,  2.14s/it][A
re-ranking g2t:  85%|████████▌ | 1189/1391 [42:24<07:12,  2.14s/it][A
re-ranking g2t:  86%|████████▌ | 1190/1391 [42:27<07:09,  2.14s/it][A
re-ranking g2t:  86%|████████▌ | 1191/1391 [42:29<07:07,  2.14s/it][A
re-ranking g2t:  86%|████████▌ | 1192/1391 [42:31<07:05,  2.14s/it][A
re-ranking g2t:  86%|████████▌ | 1193/1391 [42:33<07:03,  2.14s/it][A
re-ranking g2t:  86%|████████▌ | 1194/1391 [42:35<07:01,  2.14s/it][A
re-ranking g2t:  86%|████████▌ | 1195/1391 [42:37<06:59,  2.14s/it][A
re-ranking g2t:  86%|████████▌ | 1196/1391 [42:39<06:57,  2.14s/it][A
re-ranking g2t:  86%|████████▌ | 1197/1391 [42:42<06:55,  2.14s/it][A
re-ranking g2t:  86%|████████▌ | 1198/1391 [42:44<06:53,  2.14s/it][A
re-ranking g2t:  86%|████████▌ | 1199/1391 [42:46<06:50,  2.14s/it][A
re-ranking g2t:  86%|████████▋ | 1200/1391 [42:48<06:48,  2.14s/it][A
re-ranking g2t:  86%|████████▋ | 1201/1391 [42:50<06:46,  2.14s/it][A
re-ranking g2t:  86%|████████▋ | 1202/1391 [42:52<06:44,  2.14s/it][A
re-ranking g2t:  86%|████████▋ | 1203/1391 [42:54<06:42,  2.14s/it][A
re-ranking g2t:  87%|████████▋ | 1204/1391 [42:56<06:40,  2.14s/it][A
re-ranking g2t:  87%|████████▋ | 1205/1391 [42:59<06:37,  2.14s/it][A
re-ranking g2t:  87%|████████▋ | 1206/1391 [43:01<06:35,  2.14s/it][A
re-ranking g2t:  87%|████████▋ | 1207/1391 [43:03<06:33,  2.14s/it][A
re-ranking g2t:  87%|████████▋ | 1208/1391 [43:05<06:31,  2.14s/it][A
re-ranking g2t:  87%|████████▋ | 1209/1391 [43:07<06:29,  2.14s/it][A
re-ranking g2t:  87%|████████▋ | 1210/1391 [43:09<06:27,  2.14s/it][A
re-ranking g2t:  87%|████████▋ | 1211/1391 [43:11<06:25,  2.14s/it][A
re-ranking g2t:  87%|████████▋ | 1212/1391 [43:14<06:23,  2.14s/it][A
re-ranking g2t:  87%|████████▋ | 1213/1391 [43:16<06:20,  2.14s/it][A
re-ranking g2t:  87%|████████▋ | 1214/1391 [43:18<06:18,  2.14s/it][A
re-ranking g2t:  87%|████████▋ | 1215/1391 [43:20<06:16,  2.14s/it][A
re-ranking g2t:  87%|████████▋ | 1216/1391 [43:22<06:14,  2.14s/it][A
re-ranking g2t:  87%|████████▋ | 1217/1391 [43:24<06:12,  2.14s/it][A
re-ranking g2t:  88%|████████▊ | 1218/1391 [43:26<06:10,  2.14s/it][A
re-ranking g2t:  88%|████████▊ | 1219/1391 [43:29<06:07,  2.14s/it][A
re-ranking g2t:  88%|████████▊ | 1220/1391 [43:31<06:06,  2.14s/it][A
re-ranking g2t:  88%|████████▊ | 1221/1391 [43:33<06:03,  2.14s/it][A
re-ranking g2t:  88%|████████▊ | 1222/1391 [43:35<06:01,  2.14s/it][A
re-ranking g2t:  88%|████████▊ | 1223/1391 [43:37<05:59,  2.14s/it][A
re-ranking g2t:  88%|████████▊ | 1224/1391 [43:39<05:57,  2.14s/it][A
re-ranking g2t:  88%|████████▊ | 1225/1391 [43:41<05:55,  2.14s/it][A
re-ranking g2t:  88%|████████▊ | 1226/1391 [43:44<05:53,  2.14s/it][A
re-ranking g2t:  88%|████████▊ | 1227/1391 [43:46<05:50,  2.14s/it][A
re-ranking g2t:  88%|████████▊ | 1228/1391 [43:48<05:48,  2.14s/it][A
re-ranking g2t:  88%|████████▊ | 1229/1391 [43:50<05:46,  2.14s/it][A
re-ranking g2t:  88%|████████▊ | 1230/1391 [43:52<05:44,  2.14s/it][A
re-ranking g2t:  88%|████████▊ | 1231/1391 [43:54<05:42,  2.14s/it][A
re-ranking g2t:  89%|████████▊ | 1232/1391 [43:56<05:40,  2.14s/it][A
re-ranking g2t:  89%|████████▊ | 1233/1391 [43:59<05:38,  2.14s/it][A
re-ranking g2t:  89%|████████▊ | 1234/1391 [44:01<05:36,  2.14s/it][A
re-ranking g2t:  89%|████████▉ | 1235/1391 [44:03<05:33,  2.14s/it][A
re-ranking g2t:  89%|████████▉ | 1236/1391 [44:05<05:31,  2.14s/it][A
re-ranking g2t:  89%|████████▉ | 1237/1391 [44:07<05:29,  2.14s/it][A
re-ranking g2t:  89%|████████▉ | 1238/1391 [44:09<05:27,  2.14s/it][A
re-ranking g2t:  89%|████████▉ | 1239/1391 [44:11<05:25,  2.14s/it][A
re-ranking g2t:  89%|████████▉ | 1240/1391 [44:14<05:23,  2.14s/it][A
re-ranking g2t:  89%|████████▉ | 1241/1391 [44:16<05:20,  2.14s/it][A
re-ranking g2t:  89%|████████▉ | 1242/1391 [44:18<05:18,  2.14s/it][A
re-ranking g2t:  89%|████████▉ | 1243/1391 [44:20<05:16,  2.14s/it][A
re-ranking g2t:  89%|████████▉ | 1244/1391 [44:22<05:14,  2.14s/it][A
re-ranking g2t:  90%|████████▉ | 1245/1391 [44:24<05:12,  2.14s/it][A
re-ranking g2t:  90%|████████▉ | 1246/1391 [44:26<05:10,  2.14s/it][A
re-ranking g2t:  90%|████████▉ | 1247/1391 [44:29<05:08,  2.14s/it][A
re-ranking g2t:  90%|████████▉ | 1248/1391 [44:31<05:06,  2.14s/it][A
re-ranking g2t:  90%|████████▉ | 1249/1391 [44:33<05:03,  2.14s/it][A
re-ranking g2t:  90%|████████▉ | 1250/1391 [44:35<05:01,  2.14s/it][A
re-ranking g2t:  90%|████████▉ | 1251/1391 [44:37<04:59,  2.14s/it][A
re-ranking g2t:  90%|█████████ | 1252/1391 [44:39<04:57,  2.14s/it][A
re-ranking g2t:  90%|█████████ | 1253/1391 [44:41<04:55,  2.14s/it][A
re-ranking g2t:  90%|█████████ | 1254/1391 [44:43<04:53,  2.14s/it][A
re-ranking g2t:  90%|█████████ | 1255/1391 [44:46<04:50,  2.14s/it][A
re-ranking g2t:  90%|█████████ | 1256/1391 [44:48<04:48,  2.14s/it][A
re-ranking g2t:  90%|█████████ | 1257/1391 [44:50<04:46,  2.14s/it][A
re-ranking g2t:  90%|█████████ | 1258/1391 [44:52<04:44,  2.14s/it][A
re-ranking g2t:  91%|█████████ | 1259/1391 [44:54<04:42,  2.14s/it][A
re-ranking g2t:  91%|█████████ | 1260/1391 [44:56<04:40,  2.14s/it][A
re-ranking g2t:  91%|█████████ | 1261/1391 [44:58<04:38,  2.14s/it][A
re-ranking g2t:  91%|█████████ | 1262/1391 [45:01<04:36,  2.14s/it][A
re-ranking g2t:  91%|█████████ | 1263/1391 [45:03<04:33,  2.14s/it][A
re-ranking g2t:  91%|█████████ | 1264/1391 [45:05<04:31,  2.14s/it][A
re-ranking g2t:  91%|█████████ | 1265/1391 [45:07<04:29,  2.14s/it][A
re-ranking g2t:  91%|█████████ | 1266/1391 [45:09<04:27,  2.14s/it][A
re-ranking g2t:  91%|█████████ | 1267/1391 [45:11<04:25,  2.14s/it][A
re-ranking g2t:  91%|█████████ | 1268/1391 [45:13<04:23,  2.14s/it][A
re-ranking g2t:  91%|█████████ | 1269/1391 [45:16<04:21,  2.14s/it][A
re-ranking g2t:  91%|█████████▏| 1270/1391 [45:18<04:19,  2.14s/it][A
re-ranking g2t:  91%|█████████▏| 1271/1391 [45:20<04:16,  2.14s/it][A
re-ranking g2t:  91%|█████████▏| 1272/1391 [45:22<04:14,  2.14s/it][A
re-ranking g2t:  92%|█████████▏| 1273/1391 [45:24<04:12,  2.14s/it][A
re-ranking g2t:  92%|█████████▏| 1274/1391 [45:26<04:10,  2.14s/it][A
re-ranking g2t:  92%|█████████▏| 1275/1391 [45:28<04:08,  2.14s/it][A
re-ranking g2t:  92%|█████████▏| 1276/1391 [45:31<04:06,  2.14s/it][A
re-ranking g2t:  92%|█████████▏| 1277/1391 [45:33<04:03,  2.14s/it][A
re-ranking g2t:  92%|█████████▏| 1278/1391 [45:35<04:01,  2.14s/it][A
re-ranking g2t:  92%|█████████▏| 1279/1391 [45:37<03:59,  2.14s/it][A
re-ranking g2t:  92%|█████████▏| 1280/1391 [45:39<03:57,  2.14s/it][A
re-ranking g2t:  92%|█████████▏| 1281/1391 [45:41<03:55,  2.14s/it][A
re-ranking g2t:  92%|█████████▏| 1282/1391 [45:43<03:53,  2.14s/it][A
re-ranking g2t:  92%|█████████▏| 1283/1391 [45:46<03:51,  2.14s/it][A
re-ranking g2t:  92%|█████████▏| 1284/1391 [45:48<03:48,  2.14s/it][A
re-ranking g2t:  92%|█████████▏| 1285/1391 [45:50<03:46,  2.14s/it][A
re-ranking g2t:  92%|█████████▏| 1286/1391 [45:52<03:44,  2.14s/it][A
re-ranking g2t:  93%|█████████▎| 1287/1391 [45:54<03:42,  2.14s/it][A
re-ranking g2t:  93%|█████████▎| 1288/1391 [45:56<03:40,  2.14s/it][A
re-ranking g2t:  93%|█████████▎| 1289/1391 [45:58<03:38,  2.14s/it][A
re-ranking g2t:  93%|█████████▎| 1290/1391 [46:01<03:36,  2.14s/it][A
re-ranking g2t:  93%|█████████▎| 1291/1391 [46:03<03:33,  2.14s/it][A
re-ranking g2t:  93%|█████████▎| 1292/1391 [46:05<03:31,  2.14s/it][A
re-ranking g2t:  93%|█████████▎| 1293/1391 [46:07<03:29,  2.14s/it][A
re-ranking g2t:  93%|█████████▎| 1294/1391 [46:09<03:27,  2.14s/it][A
re-ranking g2t:  93%|█████████▎| 1295/1391 [46:11<03:25,  2.14s/it][A
re-ranking g2t:  93%|█████████▎| 1296/1391 [46:13<03:23,  2.14s/it][A
re-ranking g2t:  93%|█████████▎| 1297/1391 [46:16<03:21,  2.14s/it][A
re-ranking g2t:  93%|█████████▎| 1298/1391 [46:18<03:18,  2.14s/it][A
re-ranking g2t:  93%|█████████▎| 1299/1391 [46:20<03:16,  2.14s/it][A
re-ranking g2t:  93%|█████████▎| 1300/1391 [46:22<03:14,  2.14s/it][A
re-ranking g2t:  94%|█████████▎| 1301/1391 [46:24<03:12,  2.14s/it][A
re-ranking g2t:  94%|█████████▎| 1302/1391 [46:26<03:10,  2.14s/it][A
re-ranking g2t:  94%|█████████▎| 1303/1391 [46:28<03:08,  2.14s/it][A
re-ranking g2t:  94%|█████████▎| 1304/1391 [46:31<03:06,  2.14s/it][A
re-ranking g2t:  94%|█████████▍| 1305/1391 [46:33<03:03,  2.14s/it][A
re-ranking g2t:  94%|█████████▍| 1306/1391 [46:35<03:01,  2.14s/it][A
re-ranking g2t:  94%|█████████▍| 1307/1391 [46:37<02:59,  2.14s/it][A
re-ranking g2t:  94%|█████████▍| 1308/1391 [46:39<02:57,  2.14s/it][A
re-ranking g2t:  94%|█████████▍| 1309/1391 [46:41<02:55,  2.14s/it][A
re-ranking g2t:  94%|█████████▍| 1310/1391 [46:43<02:53,  2.14s/it][A
re-ranking g2t:  94%|█████████▍| 1311/1391 [46:45<02:51,  2.14s/it][A
re-ranking g2t:  94%|█████████▍| 1312/1391 [46:48<02:49,  2.14s/it][A
re-ranking g2t:  94%|█████████▍| 1313/1391 [46:50<02:46,  2.14s/it][A
re-ranking g2t:  94%|█████████▍| 1314/1391 [46:52<02:44,  2.14s/it][A
re-ranking g2t:  95%|█████████▍| 1315/1391 [46:54<02:42,  2.14s/it][A
re-ranking g2t:  95%|█████████▍| 1316/1391 [46:56<02:40,  2.14s/it][A
re-ranking g2t:  95%|█████████▍| 1317/1391 [46:58<02:38,  2.14s/it][A
re-ranking g2t:  95%|█████████▍| 1318/1391 [47:00<02:36,  2.14s/it][A
re-ranking g2t:  95%|█████████▍| 1319/1391 [47:03<02:33,  2.14s/it][A
re-ranking g2t:  95%|█████████▍| 1320/1391 [47:05<02:31,  2.14s/it][A
re-ranking g2t:  95%|█████████▍| 1321/1391 [47:07<02:29,  2.14s/it][A
re-ranking g2t:  95%|█████████▌| 1322/1391 [47:09<02:27,  2.14s/it][A
re-ranking g2t:  95%|█████████▌| 1323/1391 [47:11<02:25,  2.14s/it][A
re-ranking g2t:  95%|█████████▌| 1324/1391 [47:13<02:23,  2.14s/it][A
re-ranking g2t:  95%|█████████▌| 1325/1391 [47:15<02:21,  2.14s/it][A
re-ranking g2t:  95%|█████████▌| 1326/1391 [47:18<02:19,  2.14s/it][A
re-ranking g2t:  95%|█████████▌| 1327/1391 [47:20<02:16,  2.14s/it][A
re-ranking g2t:  95%|█████████▌| 1328/1391 [47:22<02:14,  2.14s/it][A
re-ranking g2t:  96%|█████████▌| 1329/1391 [47:24<02:12,  2.14s/it][A
re-ranking g2t:  96%|█████████▌| 1330/1391 [47:26<02:10,  2.14s/it][A
re-ranking g2t:  96%|█████████▌| 1331/1391 [47:28<02:08,  2.14s/it][A
re-ranking g2t:  96%|█████████▌| 1332/1391 [47:30<02:06,  2.14s/it][A
re-ranking g2t:  96%|█████████▌| 1333/1391 [47:33<02:04,  2.14s/it][A
re-ranking g2t:  96%|█████████▌| 1334/1391 [47:35<02:01,  2.14s/it][A
re-ranking g2t:  96%|█████████▌| 1335/1391 [47:37<01:59,  2.14s/it][A
re-ranking g2t:  96%|█████████▌| 1336/1391 [47:39<01:57,  2.14s/it][A
re-ranking g2t:  96%|█████████▌| 1337/1391 [47:41<01:55,  2.14s/it][A
re-ranking g2t:  96%|█████████▌| 1338/1391 [47:43<01:53,  2.14s/it][A
re-ranking g2t:  96%|█████████▋| 1339/1391 [47:45<01:51,  2.14s/it][A
re-ranking g2t:  96%|█████████▋| 1340/1391 [47:48<01:49,  2.14s/it][A
re-ranking g2t:  96%|█████████▋| 1341/1391 [47:50<01:47,  2.14s/it][A
re-ranking g2t:  96%|█████████▋| 1342/1391 [47:52<01:44,  2.14s/it][A
re-ranking g2t:  97%|█████████▋| 1343/1391 [47:54<01:42,  2.14s/it][A
re-ranking g2t:  97%|█████████▋| 1344/1391 [47:56<01:40,  2.14s/it][A
re-ranking g2t:  97%|█████████▋| 1345/1391 [47:58<01:38,  2.14s/it][A
re-ranking g2t:  97%|█████████▋| 1346/1391 [48:00<01:36,  2.14s/it][A
re-ranking g2t:  97%|█████████▋| 1347/1391 [48:02<01:34,  2.14s/it][A
re-ranking g2t:  97%|█████████▋| 1348/1391 [48:05<01:32,  2.14s/it][A
re-ranking g2t:  97%|█████████▋| 1349/1391 [48:07<01:29,  2.14s/it][A
re-ranking g2t:  97%|█████████▋| 1350/1391 [48:09<01:27,  2.14s/it][A
re-ranking g2t:  97%|█████████▋| 1351/1391 [48:11<01:25,  2.14s/it][A
re-ranking g2t:  97%|█████████▋| 1352/1391 [48:13<01:23,  2.14s/it][A
re-ranking g2t:  97%|█████████▋| 1353/1391 [48:15<01:21,  2.14s/it][A
re-ranking g2t:  97%|█████████▋| 1354/1391 [48:17<01:19,  2.14s/it][A
re-ranking g2t:  97%|█████████▋| 1355/1391 [48:20<01:17,  2.14s/it][A
re-ranking g2t:  97%|█████████▋| 1356/1391 [48:22<01:14,  2.14s/it][A
re-ranking g2t:  98%|█████████▊| 1357/1391 [48:24<01:12,  2.14s/it][A
re-ranking g2t:  98%|█████████▊| 1358/1391 [48:26<01:10,  2.14s/it][A
re-ranking g2t:  98%|█████████▊| 1359/1391 [48:28<01:08,  2.14s/it][A
re-ranking g2t:  98%|█████████▊| 1360/1391 [48:30<01:06,  2.14s/it][A
re-ranking g2t:  98%|█████████▊| 1361/1391 [48:32<01:04,  2.14s/it][A
re-ranking g2t:  98%|█████████▊| 1362/1391 [48:35<01:02,  2.14s/it][A
re-ranking g2t:  98%|█████████▊| 1363/1391 [48:37<00:59,  2.14s/it][A
re-ranking g2t:  98%|█████████▊| 1364/1391 [48:39<00:57,  2.14s/it][A
re-ranking g2t:  98%|█████████▊| 1365/1391 [48:41<00:55,  2.14s/it][A
re-ranking g2t:  98%|█████████▊| 1366/1391 [48:43<00:53,  2.14s/it][A
re-ranking g2t:  98%|█████████▊| 1367/1391 [48:45<00:51,  2.14s/it][A
re-ranking g2t:  98%|█████████▊| 1368/1391 [48:47<00:49,  2.14s/it][A
re-ranking g2t:  98%|█████████▊| 1369/1391 [48:50<00:47,  2.14s/it][A
re-ranking g2t:  98%|█████████▊| 1370/1391 [48:52<00:44,  2.14s/it][A
re-ranking g2t:  99%|█████████▊| 1371/1391 [48:54<00:42,  2.14s/it][A
re-ranking g2t:  99%|█████████▊| 1372/1391 [48:56<00:40,  2.14s/it][A
re-ranking g2t:  99%|█████████▊| 1373/1391 [48:58<00:38,  2.14s/it][A
re-ranking g2t:  99%|█████████▉| 1374/1391 [49:00<00:36,  2.14s/it][A
re-ranking g2t:  99%|█████████▉| 1375/1391 [49:02<00:34,  2.14s/it][A
re-ranking g2t:  99%|█████████▉| 1376/1391 [49:05<00:32,  2.14s/it][A
re-ranking g2t:  99%|█████████▉| 1377/1391 [49:07<00:29,  2.14s/it][A
re-ranking g2t:  99%|█████████▉| 1378/1391 [49:09<00:27,  2.14s/it][A
re-ranking g2t:  99%|█████████▉| 1379/1391 [49:11<00:25,  2.14s/it][A
re-ranking g2t:  99%|█████████▉| 1380/1391 [49:13<00:23,  2.14s/it][A
re-ranking g2t:  99%|█████████▉| 1381/1391 [49:15<00:21,  2.14s/it][A
re-ranking g2t:  99%|█████████▉| 1382/1391 [49:17<00:19,  2.14s/it][A
re-ranking g2t:  99%|█████████▉| 1383/1391 [49:20<00:17,  2.14s/it][A
re-ranking g2t:  99%|█████████▉| 1384/1391 [49:22<00:14,  2.14s/it][A
re-ranking g2t: 100%|█████████▉| 1385/1391 [49:24<00:12,  2.14s/it][A
re-ranking g2t: 100%|█████████▉| 1386/1391 [49:26<00:10,  2.14s/it][A
re-ranking g2t: 100%|█████████▉| 1387/1391 [49:28<00:08,  2.14s/it][A
re-ranking g2t: 100%|█████████▉| 1388/1391 [49:30<00:06,  2.14s/it][A
re-ranking g2t: 100%|█████████▉| 1389/1391 [49:32<00:04,  2.14s/it][A
re-ranking g2t: 100%|█████████▉| 1390/1391 [49:34<00:02,  2.14s/it][A
re-ranking g2t: 100%|██████████| 1391/1391 [49:36<00:00,  1.82s/it][A
re-ranking g2t: 100%|██████████| 1391/1391 [49:36<00:00,  2.14s/it]
re-ranking t2g:   0%|          | 0/1391 [00:00<?, ?it/s][A
re-ranking t2g:   0%|          | 1/1391 [00:02<50:29,  2.18s/it][A
re-ranking t2g:   0%|          | 2/1391 [00:04<50:27,  2.18s/it][A
re-ranking t2g:   0%|          | 3/1391 [00:06<50:21,  2.18s/it][A
re-ranking t2g:   0%|          | 4/1391 [00:08<50:18,  2.18s/it][A
re-ranking t2g:   0%|          | 5/1391 [00:10<50:18,  2.18s/it][A
re-ranking t2g:   0%|          | 6/1391 [00:13<50:12,  2.18s/it][A
re-ranking t2g:   1%|          | 7/1391 [00:15<50:02,  2.17s/it][A
re-ranking t2g:   1%|          | 8/1391 [00:17<49:59,  2.17s/it][A
re-ranking t2g:   1%|          | 9/1391 [00:19<50:00,  2.17s/it][A
re-ranking t2g:   1%|          | 10/1391 [00:21<49:59,  2.17s/it][A
re-ranking t2g:   1%|          | 11/1391 [00:23<49:49,  2.17s/it][A
re-ranking t2g:   1%|          | 12/1391 [00:26<49:48,  2.17s/it][A
re-ranking t2g:   1%|          | 13/1391 [00:28<49:43,  2.16s/it][A
re-ranking t2g:   1%|          | 14/1391 [00:30<49:35,  2.16s/it][A
re-ranking t2g:   1%|          | 15/1391 [00:32<49:34,  2.16s/it][A
re-ranking t2g:   1%|          | 16/1391 [00:34<49:36,  2.16s/it][A
re-ranking t2g:   1%|          | 17/1391 [00:36<49:29,  2.16s/it][A
re-ranking t2g:   1%|▏         | 18/1391 [00:39<49:23,  2.16s/it][A
re-ranking t2g:   1%|▏         | 19/1391 [00:41<49:21,  2.16s/it][A
re-ranking t2g:   1%|▏         | 20/1391 [00:43<49:25,  2.16s/it][A
re-ranking t2g:   2%|▏         | 21/1391 [00:45<49:20,  2.16s/it][A
re-ranking t2g:   2%|▏         | 22/1391 [00:47<49:14,  2.16s/it][A
re-ranking t2g:   2%|▏         | 23/1391 [00:49<49:12,  2.16s/it][A
re-ranking t2g:   2%|▏         | 24/1391 [00:51<49:16,  2.16s/it][A
re-ranking t2g:   2%|▏         | 25/1391 [00:54<49:13,  2.16s/it][A
re-ranking t2g:   2%|▏         | 26/1391 [00:56<49:09,  2.16s/it][A
re-ranking t2g:   2%|▏         | 27/1391 [00:58<49:06,  2.16s/it][A
re-ranking t2g:   2%|▏         | 28/1391 [01:00<49:10,  2.16s/it][A
re-ranking t2g:   2%|▏         | 29/1391 [01:02<49:05,  2.16s/it][A
re-ranking t2g:   2%|▏         | 30/1391 [01:04<49:00,  2.16s/it][A
re-ranking t2g:   2%|▏         | 31/1391 [01:07<48:53,  2.16s/it][A
re-ranking t2g:   2%|▏         | 32/1391 [01:09<48:56,  2.16s/it][A
re-ranking t2g:   2%|▏         | 33/1391 [01:11<48:51,  2.16s/it][A
re-ranking t2g:   2%|▏         | 34/1391 [01:13<48:46,  2.16s/it][A
re-ranking t2g:   3%|▎         | 35/1391 [01:15<48:46,  2.16s/it][A
re-ranking t2g:   3%|▎         | 36/1391 [01:17<48:48,  2.16s/it][A
re-ranking t2g:   3%|▎         | 37/1391 [01:20<48:43,  2.16s/it][A
re-ranking t2g:   3%|▎         | 38/1391 [01:22<48:36,  2.16s/it][A
re-ranking t2g:   3%|▎         | 39/1391 [01:24<48:34,  2.16s/it][A
re-ranking t2g:   3%|▎         | 40/1391 [01:26<48:38,  2.16s/it][A
re-ranking t2g:   3%|▎         | 41/1391 [01:28<48:32,  2.16s/it][A
re-ranking t2g:   3%|▎         | 42/1391 [01:30<48:30,  2.16s/it][A
re-ranking t2g:   3%|▎         | 43/1391 [01:32<48:27,  2.16s/it][A
re-ranking t2g:   3%|▎         | 44/1391 [01:35<48:33,  2.16s/it][A
re-ranking t2g:   3%|▎         | 45/1391 [01:37<48:35,  2.17s/it][A
re-ranking t2g:   3%|▎         | 46/1391 [01:39<48:34,  2.17s/it][A
re-ranking t2g:   3%|▎         | 47/1391 [01:41<48:33,  2.17s/it][A
re-ranking t2g:   3%|▎         | 48/1391 [01:43<48:33,  2.17s/it][A
re-ranking t2g:   4%|▎         | 49/1391 [01:46<48:25,  2.16s/it][A
re-ranking t2g:   4%|▎         | 50/1391 [01:48<48:20,  2.16s/it][A
re-ranking t2g:   4%|▎         | 51/1391 [01:50<48:13,  2.16s/it][A
re-ranking t2g:   4%|▎         | 52/1391 [01:52<48:15,  2.16s/it][A
re-ranking t2g:   4%|▍         | 53/1391 [01:54<48:09,  2.16s/it][A
re-ranking t2g:   4%|▍         | 54/1391 [01:56<48:04,  2.16s/it][A
re-ranking t2g:   4%|▍         | 55/1391 [01:58<47:59,  2.16s/it][A
re-ranking t2g:   4%|▍         | 56/1391 [02:01<48:03,  2.16s/it][A
re-ranking t2g:   4%|▍         | 57/1391 [02:03<47:58,  2.16s/it][A
re-ranking t2g:   4%|▍         | 58/1391 [02:05<47:55,  2.16s/it][A
re-ranking t2g:   4%|▍         | 59/1391 [02:07<47:51,  2.16s/it][A
re-ranking t2g:   4%|▍         | 60/1391 [02:09<47:54,  2.16s/it][A
re-ranking t2g:   4%|▍         | 61/1391 [02:11<47:55,  2.16s/it][A
re-ranking t2g:   4%|▍         | 62/1391 [02:14<47:56,  2.16s/it][A
re-ranking t2g:   5%|▍         | 63/1391 [02:16<47:55,  2.17s/it][A
re-ranking t2g:   5%|▍         | 64/1391 [02:18<47:52,  2.16s/it][A
re-ranking t2g:   5%|▍         | 65/1391 [02:20<47:44,  2.16s/it][A
re-ranking t2g:   5%|▍         | 66/1391 [02:22<47:36,  2.16s/it][A
re-ranking t2g:   5%|▍         | 67/1391 [02:24<47:33,  2.16s/it][A
re-ranking t2g:   5%|▍         | 68/1391 [02:27<47:36,  2.16s/it][A
re-ranking t2g:   5%|▍         | 69/1391 [02:29<47:40,  2.16s/it][A
re-ranking t2g:   5%|▌         | 70/1391 [02:31<47:40,  2.17s/it][A
re-ranking t2g:   5%|▌         | 71/1391 [02:33<47:37,  2.16s/it][A
re-ranking t2g:   5%|▌         | 72/1391 [02:35<47:31,  2.16s/it][A
re-ranking t2g:   5%|▌         | 73/1391 [02:37<47:24,  2.16s/it][A
re-ranking t2g:   5%|▌         | 74/1391 [02:39<47:19,  2.16s/it][A
re-ranking t2g:   5%|▌         | 75/1391 [02:42<47:14,  2.15s/it][A
re-ranking t2g:   5%|▌         | 76/1391 [02:44<47:15,  2.16s/it][A
re-ranking t2g:   6%|▌         | 77/1391 [02:46<47:18,  2.16s/it][A
re-ranking t2g:   6%|▌         | 78/1391 [02:48<47:17,  2.16s/it][A
re-ranking t2g:   6%|▌         | 79/1391 [02:50<47:12,  2.16s/it][A
re-ranking t2g:   6%|▌         | 80/1391 [02:52<47:15,  2.16s/it][A
re-ranking t2g:   6%|▌         | 81/1391 [02:55<47:09,  2.16s/it][A
re-ranking t2g:   6%|▌         | 82/1391 [02:57<47:02,  2.16s/it][A
re-ranking t2g:   6%|▌         | 83/1391 [02:59<46:58,  2.16s/it][A
re-ranking t2g:   6%|▌         | 84/1391 [03:01<47:00,  2.16s/it][A
re-ranking t2g:   6%|▌         | 85/1391 [03:03<46:54,  2.16s/it][A
re-ranking t2g:   6%|▌         | 86/1391 [03:05<46:49,  2.15s/it][A
re-ranking t2g:   6%|▋         | 87/1391 [03:08<46:50,  2.15s/it][A
re-ranking t2g:   6%|▋         | 88/1391 [03:10<46:53,  2.16s/it][A
re-ranking t2g:   6%|▋         | 89/1391 [03:12<46:49,  2.16s/it][A
re-ranking t2g:   6%|▋         | 90/1391 [03:14<46:47,  2.16s/it][A
re-ranking t2g:   7%|▋         | 91/1391 [03:16<46:43,  2.16s/it][A
re-ranking t2g:   7%|▋         | 92/1391 [03:18<46:44,  2.16s/it][A
re-ranking t2g:   7%|▋         | 93/1391 [03:21<46:47,  2.16s/it][A
re-ranking t2g:   7%|▋         | 94/1391 [03:23<46:47,  2.16s/it][A
re-ranking t2g:   7%|▋         | 95/1391 [03:25<46:40,  2.16s/it][A
re-ranking t2g:   7%|▋         | 96/1391 [03:27<46:37,  2.16s/it][A
re-ranking t2g:   7%|▋         | 97/1391 [03:29<46:33,  2.16s/it][A
re-ranking t2g:   7%|▋         | 98/1391 [03:31<46:26,  2.16s/it][A
re-ranking t2g:   7%|▋         | 99/1391 [03:33<46:23,  2.15s/it][A
re-ranking t2g:   7%|▋         | 100/1391 [03:36<46:26,  2.16s/it][A
re-ranking t2g:   7%|▋         | 101/1391 [03:38<46:23,  2.16s/it][A
re-ranking t2g:   7%|▋         | 102/1391 [03:40<46:21,  2.16s/it][A
re-ranking t2g:   7%|▋         | 103/1391 [03:42<46:15,  2.16s/it][A
re-ranking t2g:   7%|▋         | 104/1391 [03:44<46:18,  2.16s/it][A
re-ranking t2g:   8%|▊         | 105/1391 [03:46<46:20,  2.16s/it][A
re-ranking t2g:   8%|▊         | 106/1391 [03:49<46:16,  2.16s/it][A
re-ranking t2g:   8%|▊         | 107/1391 [03:51<46:13,  2.16s/it][A
re-ranking t2g:   8%|▊         | 108/1391 [03:53<46:14,  2.16s/it][A
re-ranking t2g:   8%|▊         | 109/1391 [03:55<46:08,  2.16s/it][A
re-ranking t2g:   8%|▊         | 110/1391 [03:57<46:05,  2.16s/it][A
re-ranking t2g:   8%|▊         | 111/1391 [03:59<46:01,  2.16s/it][A
re-ranking t2g:   8%|▊         | 112/1391 [04:02<46:04,  2.16s/it][A
re-ranking t2g:   8%|▊         | 113/1391 [04:04<46:04,  2.16s/it][A
re-ranking t2g:   8%|▊         | 114/1391 [04:06<45:59,  2.16s/it][A
re-ranking t2g:   8%|▊         | 115/1391 [04:08<45:56,  2.16s/it][A
re-ranking t2g:   8%|▊         | 116/1391 [04:10<45:58,  2.16s/it][A
re-ranking t2g:   8%|▊         | 117/1391 [04:12<45:53,  2.16s/it][A
re-ranking t2g:   8%|▊         | 118/1391 [04:14<45:50,  2.16s/it][A
re-ranking t2g:   9%|▊         | 119/1391 [04:17<45:46,  2.16s/it][A
re-ranking t2g:   9%|▊         | 120/1391 [04:19<45:51,  2.16s/it][A
re-ranking t2g:   9%|▊         | 121/1391 [04:21<45:51,  2.17s/it][A
re-ranking t2g:   9%|▉         | 122/1391 [04:23<45:51,  2.17s/it][A
re-ranking t2g:   9%|▉         | 123/1391 [04:25<45:53,  2.17s/it][A
re-ranking t2g:   9%|▉         | 124/1391 [04:28<45:54,  2.17s/it][A
re-ranking t2g:   9%|▉         | 125/1391 [04:30<45:51,  2.17s/it][A
re-ranking t2g:   9%|▉         | 126/1391 [04:32<45:50,  2.17s/it][A
re-ranking t2g:   9%|▉         | 127/1391 [04:34<45:41,  2.17s/it][A
re-ranking t2g:   9%|▉         | 128/1391 [04:36<45:40,  2.17s/it][A
re-ranking t2g:   9%|▉         | 129/1391 [04:38<45:39,  2.17s/it][A
re-ranking t2g:   9%|▉         | 130/1391 [04:41<45:30,  2.17s/it][A
re-ranking t2g:   9%|▉         | 131/1391 [04:43<45:24,  2.16s/it][A
re-ranking t2g:   9%|▉         | 132/1391 [04:45<45:24,  2.16s/it][A
re-ranking t2g:  10%|▉         | 133/1391 [04:47<45:18,  2.16s/it][A
re-ranking t2g:  10%|▉         | 134/1391 [04:49<45:13,  2.16s/it][A
re-ranking t2g:  10%|▉         | 135/1391 [04:51<45:10,  2.16s/it][A
re-ranking t2g:  10%|▉         | 136/1391 [04:53<45:12,  2.16s/it][A
re-ranking t2g:  10%|▉         | 137/1391 [04:56<45:14,  2.16s/it][A
re-ranking t2g:  10%|▉         | 138/1391 [04:58<45:06,  2.16s/it][A
re-ranking t2g:  10%|▉         | 139/1391 [05:00<45:00,  2.16s/it][A
re-ranking t2g:  10%|█         | 140/1391 [05:02<45:03,  2.16s/it][A
re-ranking t2g:  10%|█         | 141/1391 [05:04<45:02,  2.16s/it][A
re-ranking t2g:  10%|█         | 142/1391 [05:06<44:56,  2.16s/it][A
re-ranking t2g:  10%|█         | 143/1391 [05:09<44:50,  2.16s/it][A
re-ranking t2g:  10%|█         | 144/1391 [05:11<44:54,  2.16s/it][A
re-ranking t2g:  10%|█         | 145/1391 [05:13<44:56,  2.16s/it][A
re-ranking t2g:  10%|█         | 146/1391 [05:15<44:56,  2.17s/it][A
re-ranking t2g:  11%|█         | 147/1391 [05:17<44:56,  2.17s/it][A
re-ranking t2g:  11%|█         | 148/1391 [05:19<44:49,  2.16s/it][A
re-ranking t2g:  11%|█         | 149/1391 [05:22<44:44,  2.16s/it][A
re-ranking t2g:  11%|█         | 150/1391 [05:24<44:39,  2.16s/it][A
re-ranking t2g:  11%|█         | 151/1391 [05:26<44:34,  2.16s/it][A
re-ranking t2g:  11%|█         | 152/1391 [05:28<44:36,  2.16s/it][A
re-ranking t2g:  11%|█         | 153/1391 [05:30<44:33,  2.16s/it][A
re-ranking t2g:  11%|█         | 154/1391 [05:32<44:29,  2.16s/it][A
re-ranking t2g:  11%|█         | 155/1391 [05:35<44:26,  2.16s/it][A
re-ranking t2g:  11%|█         | 156/1391 [05:37<44:28,  2.16s/it][A
re-ranking t2g:  11%|█▏        | 157/1391 [05:39<44:25,  2.16s/it][A
re-ranking t2g:  11%|█▏        | 158/1391 [05:41<44:22,  2.16s/it][A
re-ranking t2g:  11%|█▏        | 159/1391 [05:43<44:17,  2.16s/it][A
re-ranking t2g:  12%|█▏        | 160/1391 [05:45<44:19,  2.16s/it][A
re-ranking t2g:  12%|█▏        | 161/1391 [05:48<44:20,  2.16s/it][A
re-ranking t2g:  12%|█▏        | 162/1391 [05:50<44:13,  2.16s/it][A
re-ranking t2g:  12%|█▏        | 163/1391 [05:52<44:09,  2.16s/it][A
re-ranking t2g:  12%|█▏        | 164/1391 [05:54<44:11,  2.16s/it][A
re-ranking t2g:  12%|█▏        | 165/1391 [05:56<44:05,  2.16s/it][A
re-ranking t2g:  12%|█▏        | 166/1391 [05:58<44:02,  2.16s/it][A
re-ranking t2g:  12%|█▏        | 167/1391 [06:00<43:58,  2.16s/it][A
re-ranking t2g:  12%|█▏        | 168/1391 [06:03<44:01,  2.16s/it][A
re-ranking t2g:  12%|█▏        | 169/1391 [06:05<43:57,  2.16s/it][A
re-ranking t2g:  12%|█▏        | 170/1391 [06:07<43:55,  2.16s/it][A
re-ranking t2g:  12%|█▏        | 171/1391 [06:09<43:51,  2.16s/it][A
re-ranking t2g:  12%|█▏        | 172/1391 [06:11<43:53,  2.16s/it][A
re-ranking t2g:  12%|█▏        | 173/1391 [06:13<43:48,  2.16s/it][A
re-ranking t2g:  13%|█▎        | 174/1391 [06:16<43:43,  2.16s/it][A
re-ranking t2g:  13%|█▎        | 175/1391 [06:18<43:41,  2.16s/it][A
re-ranking t2g:  13%|█▎        | 176/1391 [06:20<43:45,  2.16s/it][A
re-ranking t2g:  13%|█▎        | 177/1391 [06:22<43:46,  2.16s/it][A
re-ranking t2g:  13%|█▎        | 178/1391 [06:24<43:47,  2.17s/it][A
re-ranking t2g:  13%|█▎        | 179/1391 [06:26<43:40,  2.16s/it][A
re-ranking t2g:  13%|█▎        | 180/1391 [06:29<43:40,  2.16s/it][A
re-ranking t2g:  13%|█▎        | 181/1391 [06:31<43:38,  2.16s/it][A
re-ranking t2g:  13%|█▎        | 182/1391 [06:33<43:31,  2.16s/it][A
re-ranking t2g:  13%|█▎        | 183/1391 [06:35<43:28,  2.16s/it][A
re-ranking t2g:  13%|█▎        | 184/1391 [06:37<43:30,  2.16s/it][A
re-ranking t2g:  13%|█▎        | 185/1391 [06:39<43:31,  2.17s/it][A
re-ranking t2g:  13%|█▎        | 186/1391 [06:42<43:24,  2.16s/it][A
re-ranking t2g:  13%|█▎        | 187/1391 [06:44<43:20,  2.16s/it][A
re-ranking t2g:  14%|█▎        | 188/1391 [06:46<43:22,  2.16s/it][A
re-ranking t2g:  14%|█▎        | 189/1391 [06:48<43:23,  2.17s/it][A
re-ranking t2g:  14%|█▎        | 190/1391 [06:50<43:24,  2.17s/it][A
re-ranking t2g:  14%|█▎        | 191/1391 [06:52<43:17,  2.16s/it][A
re-ranking t2g:  14%|█▍        | 192/1391 [06:55<43:18,  2.17s/it][A
re-ranking t2g:  14%|█▍        | 193/1391 [06:57<43:12,  2.16s/it][A
re-ranking t2g:  14%|█▍        | 194/1391 [06:59<43:05,  2.16s/it][A
re-ranking t2g:  14%|█▍        | 195/1391 [07:01<43:00,  2.16s/it][A
re-ranking t2g:  14%|█▍        | 196/1391 [07:03<43:02,  2.16s/it][A
re-ranking t2g:  14%|█▍        | 197/1391 [07:05<42:56,  2.16s/it][A
re-ranking t2g:  14%|█▍        | 198/1391 [07:07<42:54,  2.16s/it][A
re-ranking t2g:  14%|█▍        | 199/1391 [07:10<42:51,  2.16s/it][A
re-ranking t2g:  14%|█▍        | 200/1391 [07:12<42:54,  2.16s/it][A
re-ranking t2g:  14%|█▍        | 201/1391 [07:14<42:51,  2.16s/it][A
re-ranking t2g:  15%|█▍        | 202/1391 [07:16<42:46,  2.16s/it][A
re-ranking t2g:  15%|█▍        | 203/1391 [07:18<42:42,  2.16s/it][A
re-ranking t2g:  15%|█▍        | 204/1391 [07:20<42:44,  2.16s/it][A
re-ranking t2g:  15%|█▍        | 205/1391 [07:23<42:40,  2.16s/it][A
re-ranking t2g:  15%|█▍        | 206/1391 [07:25<42:35,  2.16s/it][A
re-ranking t2g:  15%|█▍        | 207/1391 [07:27<42:32,  2.16s/it][A
re-ranking t2g:  15%|█▍        | 208/1391 [07:29<42:34,  2.16s/it][A
re-ranking t2g:  15%|█▌        | 209/1391 [07:31<42:31,  2.16s/it][A
re-ranking t2g:  15%|█▌        | 210/1391 [07:33<42:26,  2.16s/it][A
re-ranking t2g:  15%|█▌        | 211/1391 [07:35<42:23,  2.16s/it][A
re-ranking t2g:  15%|█▌        | 212/1391 [07:38<42:27,  2.16s/it][A
re-ranking t2g:  15%|█▌        | 213/1391 [07:40<42:27,  2.16s/it][A
re-ranking t2g:  15%|█▌        | 214/1391 [07:42<42:26,  2.16s/it][A
re-ranking t2g:  15%|█▌        | 215/1391 [07:44<42:18,  2.16s/it][A
re-ranking t2g:  16%|█▌        | 216/1391 [07:46<42:19,  2.16s/it][A
re-ranking t2g:  16%|█▌        | 217/1391 [07:48<42:18,  2.16s/it][A
re-ranking t2g:  16%|█▌        | 218/1391 [07:51<42:17,  2.16s/it][A
re-ranking t2g:  16%|█▌        | 219/1391 [07:53<42:16,  2.16s/it][A
re-ranking t2g:  16%|█▌        | 220/1391 [07:55<42:11,  2.16s/it][A
re-ranking t2g:  16%|█▌        | 221/1391 [07:57<42:08,  2.16s/it][A
re-ranking t2g:  16%|█▌        | 222/1391 [07:59<42:03,  2.16s/it][A
re-ranking t2g:  16%|█▌        | 223/1391 [08:01<41:59,  2.16s/it][A
re-ranking t2g:  16%|█▌        | 224/1391 [08:04<42:01,  2.16s/it][A
re-ranking t2g:  16%|█▌        | 225/1391 [08:06<41:56,  2.16s/it][A
re-ranking t2g:  16%|█▌        | 226/1391 [08:08<41:52,  2.16s/it][A
re-ranking t2g:  16%|█▋        | 227/1391 [08:10<41:49,  2.16s/it][A
re-ranking t2g:  16%|█▋        | 228/1391 [08:12<41:51,  2.16s/it][A
re-ranking t2g:  16%|█▋        | 229/1391 [08:14<41:46,  2.16s/it][A
re-ranking t2g:  17%|█▋        | 230/1391 [08:17<41:43,  2.16s/it][A
re-ranking t2g:  17%|█▋        | 231/1391 [08:19<41:40,  2.16s/it][A
re-ranking t2g:  17%|█▋        | 232/1391 [08:21<41:43,  2.16s/it][A
re-ranking t2g:  17%|█▋        | 233/1391 [08:23<41:38,  2.16s/it][A
re-ranking t2g:  17%|█▋        | 234/1391 [08:25<41:34,  2.16s/it][A
re-ranking t2g:  17%|█▋        | 235/1391 [08:27<41:31,  2.16s/it][A
re-ranking t2g:  17%|█▋        | 236/1391 [08:29<41:32,  2.16s/it][A
re-ranking t2g:  17%|█▋        | 237/1391 [08:32<41:33,  2.16s/it][A
re-ranking t2g:  17%|█▋        | 238/1391 [08:34<41:29,  2.16s/it][A
re-ranking t2g:  17%|█▋        | 239/1391 [08:36<41:26,  2.16s/it][A
re-ranking t2g:  17%|█▋        | 240/1391 [08:38<41:27,  2.16s/it][A
re-ranking t2g:  17%|█▋        | 241/1391 [08:40<41:28,  2.16s/it][A
re-ranking t2g:  17%|█▋        | 242/1391 [08:42<41:23,  2.16s/it][A
re-ranking t2g:  17%|█▋        | 243/1391 [08:45<41:18,  2.16s/it][A
re-ranking t2g:  18%|█▊        | 244/1391 [08:47<41:18,  2.16s/it][A
re-ranking t2g:  18%|█▊        | 245/1391 [08:49<41:13,  2.16s/it][A
re-ranking t2g:  18%|█▊        | 246/1391 [08:51<41:09,  2.16s/it][A
re-ranking t2g:  18%|█▊        | 247/1391 [08:53<41:04,  2.15s/it][A
re-ranking t2g:  18%|█▊        | 248/1391 [08:55<41:06,  2.16s/it][A
re-ranking t2g:  18%|█▊        | 249/1391 [08:58<41:04,  2.16s/it][A
re-ranking t2g:  18%|█▊        | 250/1391 [09:00<40:59,  2.16s/it][A
re-ranking t2g:  18%|█▊        | 251/1391 [09:02<40:57,  2.16s/it][A
re-ranking t2g:  18%|█▊        | 252/1391 [09:04<40:58,  2.16s/it][A
re-ranking t2g:  18%|█▊        | 253/1391 [09:06<40:53,  2.16s/it][A
re-ranking t2g:  18%|█▊        | 254/1391 [09:08<40:51,  2.16s/it][A
re-ranking t2g:  18%|█▊        | 255/1391 [09:10<40:47,  2.15s/it][A
re-ranking t2g:  18%|█▊        | 256/1391 [09:13<40:50,  2.16s/it][A
re-ranking t2g:  18%|█▊        | 257/1391 [09:15<40:45,  2.16s/it][A
re-ranking t2g:  19%|█▊        | 258/1391 [09:17<40:43,  2.16s/it][A
re-ranking t2g:  19%|█▊        | 259/1391 [09:19<40:41,  2.16s/it][A
re-ranking t2g:  19%|█▊        | 260/1391 [09:21<40:43,  2.16s/it][A
re-ranking t2g:  19%|█▉        | 261/1391 [09:23<40:44,  2.16s/it][A
re-ranking t2g:  19%|█▉        | 262/1391 [09:26<40:38,  2.16s/it][A
re-ranking t2g:  19%|█▉        | 263/1391 [09:28<40:33,  2.16s/it][A
re-ranking t2g:  19%|█▉        | 264/1391 [09:30<40:33,  2.16s/it][A
re-ranking t2g:  19%|█▉        | 265/1391 [09:32<40:26,  2.16s/it][A
re-ranking t2g:  19%|█▉        | 266/1391 [09:34<40:24,  2.16s/it][A
re-ranking t2g:  19%|█▉        | 267/1391 [09:36<40:21,  2.15s/it][A
re-ranking t2g:  19%|█▉        | 268/1391 [09:39<40:23,  2.16s/it][A
re-ranking t2g:  19%|█▉        | 269/1391 [09:41<40:18,  2.16s/it][A
re-ranking t2g:  19%|█▉        | 270/1391 [09:43<40:16,  2.16s/it][A
re-ranking t2g:  19%|█▉        | 271/1391 [09:45<40:10,  2.15s/it][A
re-ranking t2g:  20%|█▉        | 272/1391 [09:47<40:14,  2.16s/it][A
re-ranking t2g:  20%|█▉        | 273/1391 [09:49<40:08,  2.15s/it][A
re-ranking t2g:  20%|█▉        | 274/1391 [09:51<40:06,  2.15s/it][A
re-ranking t2g:  20%|█▉        | 275/1391 [09:54<40:05,  2.16s/it][A
re-ranking t2g:  20%|█▉        | 276/1391 [09:56<40:07,  2.16s/it][A
re-ranking t2g:  20%|█▉        | 277/1391 [09:58<40:04,  2.16s/it][A
re-ranking t2g:  20%|█▉        | 278/1391 [10:00<40:01,  2.16s/it][A
re-ranking t2g:  20%|██        | 279/1391 [10:02<39:59,  2.16s/it][A
re-ranking t2g:  20%|██        | 280/1391 [10:04<39:58,  2.16s/it][A
re-ranking t2g:  20%|██        | 281/1391 [10:07<39:57,  2.16s/it][A
re-ranking t2g:  20%|██        | 282/1391 [10:09<39:54,  2.16s/it][A
re-ranking t2g:  20%|██        | 283/1391 [10:11<39:50,  2.16s/it][A
re-ranking t2g:  20%|██        | 284/1391 [10:13<39:52,  2.16s/it][A
re-ranking t2g:  20%|██        | 285/1391 [10:15<39:52,  2.16s/it][A
re-ranking t2g:  21%|██        | 286/1391 [10:17<39:48,  2.16s/it][A
re-ranking t2g:  21%|██        | 287/1391 [10:20<39:43,  2.16s/it][A
re-ranking t2g:  21%|██        | 288/1391 [10:22<39:43,  2.16s/it][A
re-ranking t2g:  21%|██        | 289/1391 [10:24<39:36,  2.16s/it][A
re-ranking t2g:  21%|██        | 290/1391 [10:26<39:31,  2.15s/it][A
re-ranking t2g:  21%|██        | 291/1391 [10:28<39:27,  2.15s/it][A
re-ranking t2g:  21%|██        | 292/1391 [10:30<39:29,  2.16s/it][A
re-ranking t2g:  21%|██        | 293/1391 [10:32<39:27,  2.16s/it][A
re-ranking t2g:  21%|██        | 294/1391 [10:35<39:23,  2.15s/it][A
re-ranking t2g:  21%|██        | 295/1391 [10:37<39:22,  2.16s/it][A
re-ranking t2g:  21%|██▏       | 296/1391 [10:39<39:23,  2.16s/it][A
re-ranking t2g:  21%|██▏       | 297/1391 [10:41<39:19,  2.16s/it][A
re-ranking t2g:  21%|██▏       | 298/1391 [10:43<39:15,  2.16s/it][A
re-ranking t2g:  21%|██▏       | 299/1391 [10:45<39:11,  2.15s/it][A
re-ranking t2g:  22%|██▏       | 300/1391 [10:48<39:12,  2.16s/it][A
re-ranking t2g:  22%|██▏       | 301/1391 [10:50<39:11,  2.16s/it][A
re-ranking t2g:  22%|██▏       | 302/1391 [10:52<39:07,  2.16s/it][A
re-ranking t2g:  22%|██▏       | 303/1391 [10:54<39:04,  2.16s/it][A
re-ranking t2g:  22%|██▏       | 304/1391 [10:56<39:05,  2.16s/it][A
re-ranking t2g:  22%|██▏       | 305/1391 [10:58<39:09,  2.16s/it][A
re-ranking t2g:  22%|██▏       | 306/1391 [11:01<39:04,  2.16s/it][A
re-ranking t2g:  22%|██▏       | 307/1391 [11:03<38:58,  2.16s/it][A
re-ranking t2g:  22%|██▏       | 308/1391 [11:05<39:00,  2.16s/it][A
re-ranking t2g:  22%|██▏       | 309/1391 [11:07<38:59,  2.16s/it][A
re-ranking t2g:  22%|██▏       | 310/1391 [11:09<38:51,  2.16s/it][A
re-ranking t2g:  22%|██▏       | 311/1391 [11:11<38:47,  2.16s/it][A
re-ranking t2g:  22%|██▏       | 312/1391 [11:13<38:48,  2.16s/it][A
re-ranking t2g:  23%|██▎       | 313/1391 [11:16<38:43,  2.16s/it][A
re-ranking t2g:  23%|██▎       | 314/1391 [11:18<38:41,  2.16s/it][A
re-ranking t2g:  23%|██▎       | 315/1391 [11:20<38:37,  2.15s/it][A
re-ranking t2g:  23%|██▎       | 316/1391 [11:22<38:39,  2.16s/it][A
re-ranking t2g:  23%|██▎       | 317/1391 [11:24<38:38,  2.16s/it][A
re-ranking t2g:  23%|██▎       | 318/1391 [11:26<38:38,  2.16s/it][A
re-ranking t2g:  23%|██▎       | 319/1391 [11:29<38:32,  2.16s/it][A
re-ranking t2g:  23%|██▎       | 320/1391 [11:31<38:31,  2.16s/it][A
re-ranking t2g:  23%|██▎       | 321/1391 [11:33<38:29,  2.16s/it][A
re-ranking t2g:  23%|██▎       | 322/1391 [11:35<38:26,  2.16s/it][A
re-ranking t2g:  23%|██▎       | 323/1391 [11:37<38:23,  2.16s/it][A
re-ranking t2g:  23%|██▎       | 324/1391 [11:39<38:25,  2.16s/it][A
re-ranking t2g:  23%|██▎       | 325/1391 [11:42<38:24,  2.16s/it][A
re-ranking t2g:  23%|██▎       | 326/1391 [11:44<38:24,  2.16s/it][A
re-ranking t2g:  24%|██▎       | 327/1391 [11:46<38:21,  2.16s/it][A
re-ranking t2g:  24%|██▎       | 328/1391 [11:48<38:19,  2.16s/it][A
re-ranking t2g:  24%|██▎       | 329/1391 [11:50<38:13,  2.16s/it][A
re-ranking t2g:  24%|██▎       | 330/1391 [11:52<38:11,  2.16s/it][A
re-ranking t2g:  24%|██▍       | 331/1391 [11:54<38:05,  2.16s/it][A
re-ranking t2g:  24%|██▍       | 332/1391 [11:57<38:06,  2.16s/it][A
re-ranking t2g:  24%|██▍       | 333/1391 [11:59<38:02,  2.16s/it][A
re-ranking t2g:  24%|██▍       | 334/1391 [12:01<37:56,  2.15s/it][A
re-ranking t2g:  24%|██▍       | 335/1391 [12:03<37:54,  2.15s/it][A
re-ranking t2g:  24%|██▍       | 336/1391 [12:05<37:55,  2.16s/it][A
re-ranking t2g:  24%|██▍       | 337/1391 [12:07<37:50,  2.15s/it][A
re-ranking t2g:  24%|██▍       | 338/1391 [12:10<37:48,  2.15s/it][A
re-ranking t2g:  24%|██▍       | 339/1391 [12:12<37:46,  2.15s/it][A
re-ranking t2g:  24%|██▍       | 340/1391 [12:14<37:48,  2.16s/it][A
re-ranking t2g:  25%|██▍       | 341/1391 [12:16<37:45,  2.16s/it][A
re-ranking t2g:  25%|██▍       | 342/1391 [12:18<37:41,  2.16s/it][A
re-ranking t2g:  25%|██▍       | 343/1391 [12:20<37:39,  2.16s/it][A
re-ranking t2g:  25%|██▍       | 344/1391 [12:23<37:43,  2.16s/it][A
re-ranking t2g:  25%|██▍       | 345/1391 [12:25<37:38,  2.16s/it][A
re-ranking t2g:  25%|██▍       | 346/1391 [12:27<37:33,  2.16s/it][A
re-ranking t2g:  25%|██▍       | 347/1391 [12:29<37:30,  2.16s/it][A
re-ranking t2g:  25%|██▌       | 348/1391 [12:31<37:32,  2.16s/it][A
re-ranking t2g:  25%|██▌       | 349/1391 [12:33<37:27,  2.16s/it][A
re-ranking t2g:  25%|██▌       | 350/1391 [12:35<37:24,  2.16s/it][A
re-ranking t2g:  25%|██▌       | 351/1391 [12:38<37:21,  2.16s/it][A
re-ranking t2g:  25%|██▌       | 352/1391 [12:40<37:24,  2.16s/it][A
re-ranking t2g:  25%|██▌       | 353/1391 [12:42<37:20,  2.16s/it][A
re-ranking t2g:  25%|██▌       | 354/1391 [12:44<37:16,  2.16s/it][A
re-ranking t2g:  26%|██▌       | 355/1391 [12:46<37:14,  2.16s/it][A
re-ranking t2g:  26%|██▌       | 356/1391 [12:48<37:15,  2.16s/it][A
re-ranking t2g:  26%|██▌       | 357/1391 [12:51<37:16,  2.16s/it][A
re-ranking t2g:  26%|██▌       | 358/1391 [12:53<37:11,  2.16s/it][A
re-ranking t2g:  26%|██▌       | 359/1391 [12:55<37:07,  2.16s/it][A
re-ranking t2g:  26%|██▌       | 360/1391 [12:57<37:11,  2.16s/it][A
re-ranking t2g:  26%|██▌       | 361/1391 [12:59<37:09,  2.16s/it][A
re-ranking t2g:  26%|██▌       | 362/1391 [13:01<37:08,  2.17s/it][A
re-ranking t2g:  26%|██▌       | 363/1391 [13:04<37:06,  2.17s/it][A
re-ranking t2g:  26%|██▌       | 364/1391 [13:06<37:05,  2.17s/it][A
re-ranking t2g:  26%|██▌       | 365/1391 [13:08<37:05,  2.17s/it][A
re-ranking t2g:  26%|██▋       | 366/1391 [13:10<37:00,  2.17s/it][A
re-ranking t2g:  26%|██▋       | 367/1391 [13:12<36:54,  2.16s/it][A
re-ranking t2g:  26%|██▋       | 368/1391 [13:14<36:53,  2.16s/it][A
re-ranking t2g:  27%|██▋       | 369/1391 [13:17<36:52,  2.17s/it][A
re-ranking t2g:  27%|██▋       | 370/1391 [13:19<36:51,  2.17s/it][A
re-ranking t2g:  27%|██▋       | 371/1391 [13:21<36:49,  2.17s/it][A
re-ranking t2g:  27%|██▋       | 372/1391 [13:23<36:47,  2.17s/it][A
re-ranking t2g:  27%|██▋       | 373/1391 [13:25<36:42,  2.16s/it][A
re-ranking t2g:  27%|██▋       | 374/1391 [13:27<36:37,  2.16s/it][A
re-ranking t2g:  27%|██▋       | 375/1391 [13:30<36:33,  2.16s/it][A
re-ranking t2g:  27%|██▋       | 376/1391 [13:32<36:33,  2.16s/it][A
re-ranking t2g:  27%|██▋       | 377/1391 [13:34<36:27,  2.16s/it][A
re-ranking t2g:  27%|██▋       | 378/1391 [13:36<36:25,  2.16s/it][A
re-ranking t2g:  27%|██▋       | 379/1391 [13:38<36:20,  2.15s/it][A
re-ranking t2g:  27%|██▋       | 380/1391 [13:40<36:22,  2.16s/it][A
re-ranking t2g:  27%|██▋       | 381/1391 [13:42<36:17,  2.16s/it][A
re-ranking t2g:  27%|██▋       | 382/1391 [13:45<36:13,  2.15s/it][A
re-ranking t2g:  28%|██▊       | 383/1391 [13:47<36:11,  2.15s/it][A
re-ranking t2g:  28%|██▊       | 384/1391 [13:49<36:15,  2.16s/it][A
re-ranking t2g:  28%|██▊       | 385/1391 [13:51<36:15,  2.16s/it][A
re-ranking t2g:  28%|██▊       | 386/1391 [13:53<36:12,  2.16s/it][A
re-ranking t2g:  28%|██▊       | 387/1391 [13:55<36:07,  2.16s/it][A
re-ranking t2g:  28%|██▊       | 388/1391 [13:58<36:09,  2.16s/it][A
re-ranking t2g:  28%|██▊       | 389/1391 [14:00<36:08,  2.16s/it][A
re-ranking t2g:  28%|██▊       | 390/1391 [14:02<36:08,  2.17s/it][A
re-ranking t2g:  28%|██▊       | 391/1391 [14:04<36:06,  2.17s/it][A
re-ranking t2g:  28%|██▊       | 392/1391 [14:06<36:00,  2.16s/it][A
re-ranking t2g:  28%|██▊       | 393/1391 [14:08<35:54,  2.16s/it][A
re-ranking t2g:  28%|██▊       | 394/1391 [14:11<35:49,  2.16s/it][A
re-ranking t2g:  28%|██▊       | 395/1391 [14:13<35:46,  2.16s/it][A
re-ranking t2g:  28%|██▊       | 396/1391 [14:15<35:48,  2.16s/it][A
re-ranking t2g:  29%|██▊       | 397/1391 [14:17<35:44,  2.16s/it][A
re-ranking t2g:  29%|██▊       | 398/1391 [14:19<35:42,  2.16s/it][A
re-ranking t2g:  29%|██▊       | 399/1391 [14:21<35:39,  2.16s/it][A
re-ranking t2g:  29%|██▉       | 400/1391 [14:24<35:40,  2.16s/it][A
re-ranking t2g:  29%|██▉       | 401/1391 [14:26<35:36,  2.16s/it][A
re-ranking t2g:  29%|██▉       | 402/1391 [14:28<35:32,  2.16s/it][A
re-ranking t2g:  29%|██▉       | 403/1391 [14:30<35:28,  2.15s/it][A
re-ranking t2g:  29%|██▉       | 404/1391 [14:32<35:32,  2.16s/it][A
re-ranking t2g:  29%|██▉       | 405/1391 [14:34<35:28,  2.16s/it][A
re-ranking t2g:  29%|██▉       | 406/1391 [14:36<35:26,  2.16s/it][A
re-ranking t2g:  29%|██▉       | 407/1391 [14:39<35:23,  2.16s/it][A
re-ranking t2g:  29%|██▉       | 408/1391 [14:41<35:24,  2.16s/it][A
re-ranking t2g:  29%|██▉       | 409/1391 [14:43<35:19,  2.16s/it][A
re-ranking t2g:  29%|██▉       | 410/1391 [14:45<35:16,  2.16s/it][A
re-ranking t2g:  30%|██▉       | 411/1391 [14:47<35:12,  2.16s/it][A
re-ranking t2g:  30%|██▉       | 412/1391 [14:49<35:13,  2.16s/it][A
re-ranking t2g:  30%|██▉       | 413/1391 [14:52<35:15,  2.16s/it][A
re-ranking t2g:  30%|██▉       | 414/1391 [14:54<35:14,  2.16s/it][A
re-ranking t2g:  30%|██▉       | 415/1391 [14:56<35:14,  2.17s/it][A
re-ranking t2g:  30%|██▉       | 416/1391 [14:58<35:13,  2.17s/it][A
re-ranking t2g:  30%|██▉       | 417/1391 [15:00<35:08,  2.17s/it][A
re-ranking t2g:  30%|███       | 418/1391 [15:02<35:03,  2.16s/it][A
re-ranking t2g:  30%|███       | 419/1391 [15:05<34:59,  2.16s/it][A
re-ranking t2g:  30%|███       | 420/1391 [15:07<35:00,  2.16s/it][A
re-ranking t2g:  30%|███       | 421/1391 [15:09<34:55,  2.16s/it][A
re-ranking t2g:  30%|███       | 422/1391 [15:11<34:50,  2.16s/it][A
re-ranking t2g:  30%|███       | 423/1391 [15:13<34:47,  2.16s/it][A
re-ranking t2g:  30%|███       | 424/1391 [15:15<34:48,  2.16s/it][A
re-ranking t2g:  31%|███       | 425/1391 [15:18<34:43,  2.16s/it][A
re-ranking t2g:  31%|███       | 426/1391 [15:20<34:40,  2.16s/it][A
re-ranking t2g:  31%|███       | 427/1391 [15:22<34:38,  2.16s/it][A
re-ranking t2g:  31%|███       | 428/1391 [15:24<34:41,  2.16s/it][A
re-ranking t2g:  31%|███       | 429/1391 [15:26<34:37,  2.16s/it][A
re-ranking t2g:  31%|███       | 430/1391 [15:28<34:33,  2.16s/it][A
re-ranking t2g:  31%|███       | 431/1391 [15:30<34:30,  2.16s/it][A
re-ranking t2g:  31%|███       | 432/1391 [15:33<34:32,  2.16s/it][A
re-ranking t2g:  31%|███       | 433/1391 [15:35<34:34,  2.17s/it][A
re-ranking t2g:  31%|███       | 434/1391 [15:37<34:28,  2.16s/it][A
re-ranking t2g:  31%|███▏      | 435/1391 [15:39<34:23,  2.16s/it][A
re-ranking t2g:  31%|███▏      | 436/1391 [15:41<34:23,  2.16s/it][A
re-ranking t2g:  31%|███▏      | 437/1391 [15:43<34:20,  2.16s/it][A
re-ranking t2g:  31%|███▏      | 438/1391 [15:46<34:16,  2.16s/it][A
re-ranking t2g:  32%|███▏      | 439/1391 [15:48<34:12,  2.16s/it][A
re-ranking t2g:  32%|███▏      | 440/1391 [15:50<34:12,  2.16s/it][A
re-ranking t2g:  32%|███▏      | 441/1391 [15:52<34:08,  2.16s/it][A
re-ranking t2g:  32%|███▏      | 442/1391 [15:54<34:04,  2.15s/it][A
re-ranking t2g:  32%|███▏      | 443/1391 [15:56<34:02,  2.15s/it][A
re-ranking t2g:  32%|███▏      | 444/1391 [15:59<34:04,  2.16s/it][A
re-ranking t2g:  32%|███▏      | 445/1391 [16:01<34:01,  2.16s/it][A
re-ranking t2g:  32%|███▏      | 446/1391 [16:03<33:58,  2.16s/it][A
re-ranking t2g:  32%|███▏      | 447/1391 [16:05<33:55,  2.16s/it][A
re-ranking t2g:  32%|███▏      | 448/1391 [16:07<33:55,  2.16s/it][A
re-ranking t2g:  32%|███▏      | 449/1391 [16:09<33:51,  2.16s/it][A
re-ranking t2g:  32%|███▏      | 450/1391 [16:11<33:47,  2.15s/it][A
re-ranking t2g:  32%|███▏      | 451/1391 [16:14<33:44,  2.15s/it][A
re-ranking t2g:  32%|███▏      | 452/1391 [16:16<33:45,  2.16s/it][A
re-ranking t2g:  33%|███▎      | 453/1391 [16:18<33:42,  2.16s/it][A
re-ranking t2g:  33%|███▎      | 454/1391 [16:20<33:39,  2.16s/it][A
re-ranking t2g:  33%|███▎      | 455/1391 [16:22<33:37,  2.16s/it][A
re-ranking t2g:  33%|███▎      | 456/1391 [16:24<33:40,  2.16s/it][A
re-ranking t2g:  33%|███▎      | 457/1391 [16:27<33:35,  2.16s/it][A
re-ranking t2g:  33%|███▎      | 458/1391 [16:29<33:33,  2.16s/it][A
re-ranking t2g:  33%|███▎      | 459/1391 [16:31<33:28,  2.16s/it][A
re-ranking t2g:  33%|███▎      | 460/1391 [16:33<33:28,  2.16s/it][A
re-ranking t2g:  33%|███▎      | 461/1391 [16:35<33:24,  2.16s/it][A
re-ranking t2g:  33%|███▎      | 462/1391 [16:37<33:23,  2.16s/it][A
re-ranking t2g:  33%|███▎      | 463/1391 [16:39<33:20,  2.16s/it][A
re-ranking t2g:  33%|███▎      | 464/1391 [16:42<33:23,  2.16s/it][A
re-ranking t2g:  33%|███▎      | 465/1391 [16:44<33:19,  2.16s/it][A
re-ranking t2g:  34%|███▎      | 466/1391 [16:46<33:16,  2.16s/it][A
re-ranking t2g:  34%|███▎      | 467/1391 [16:48<33:12,  2.16s/it][A
re-ranking t2g:  34%|███▎      | 468/1391 [16:50<33:13,  2.16s/it][A
re-ranking t2g:  34%|███▎      | 469/1391 [16:52<33:13,  2.16s/it][A
re-ranking t2g:  34%|███▍      | 470/1391 [16:55<33:11,  2.16s/it][A
re-ranking t2g:  34%|███▍      | 471/1391 [16:57<33:11,  2.16s/it][A
re-ranking t2g:  34%|███▍      | 472/1391 [16:59<33:05,  2.16s/it][A
re-ranking t2g:  34%|███▍      | 473/1391 [17:01<33:01,  2.16s/it][A
re-ranking t2g:  34%|███▍      | 474/1391 [17:03<32:58,  2.16s/it][A
re-ranking t2g:  34%|███▍      | 475/1391 [17:05<32:55,  2.16s/it][A
re-ranking t2g:  34%|███▍      | 476/1391 [17:08<32:56,  2.16s/it][A
re-ranking t2g:  34%|███▍      | 477/1391 [17:10<32:52,  2.16s/it][A
re-ranking t2g:  34%|███▍      | 478/1391 [17:12<32:48,  2.16s/it][A
re-ranking t2g:  34%|███▍      | 479/1391 [17:14<32:45,  2.15s/it][A
re-ranking t2g:  35%|███▍      | 480/1391 [17:16<32:45,  2.16s/it][A
re-ranking t2g:  35%|███▍      | 481/1391 [17:18<32:46,  2.16s/it][A
re-ranking t2g:  35%|███▍      | 482/1391 [17:21<32:44,  2.16s/it][A
re-ranking t2g:  35%|███▍      | 483/1391 [17:23<32:39,  2.16s/it][A
re-ranking t2g:  35%|███▍      | 484/1391 [17:25<32:39,  2.16s/it][A
re-ranking t2g:  35%|███▍      | 485/1391 [17:27<32:35,  2.16s/it][A
re-ranking t2g:  35%|███▍      | 486/1391 [17:29<32:31,  2.16s/it][A
re-ranking t2g:  35%|███▌      | 487/1391 [17:31<32:27,  2.15s/it][A
re-ranking t2g:  35%|███▌      | 488/1391 [17:33<32:29,  2.16s/it][A
re-ranking t2g:  35%|███▌      | 489/1391 [17:36<32:25,  2.16s/it][A
re-ranking t2g:  35%|███▌      | 490/1391 [17:38<32:21,  2.15s/it][A
re-ranking t2g:  35%|███▌      | 491/1391 [17:40<32:18,  2.15s/it][A
re-ranking t2g:  35%|███▌      | 492/1391 [17:42<32:21,  2.16s/it][A
re-ranking t2g:  35%|███▌      | 493/1391 [17:44<32:16,  2.16s/it][A
re-ranking t2g:  36%|███▌      | 494/1391 [17:46<32:13,  2.16s/it][A
re-ranking t2g:  36%|███▌      | 495/1391 [17:49<32:10,  2.15s/it][A
re-ranking t2g:  36%|███▌      | 496/1391 [17:51<32:10,  2.16s/it][A
re-ranking t2g:  36%|███▌      | 497/1391 [17:53<32:06,  2.15s/it][A
re-ranking t2g:  36%|███▌      | 498/1391 [17:55<32:02,  2.15s/it][A
re-ranking t2g:  36%|███▌      | 499/1391 [17:57<32:00,  2.15s/it][A
re-ranking t2g:  36%|███▌      | 500/1391 [17:59<32:03,  2.16s/it][A
re-ranking t2g:  36%|███▌      | 501/1391 [18:01<31:58,  2.16s/it][A
re-ranking t2g:  36%|███▌      | 502/1391 [18:04<31:55,  2.16s/it][A
re-ranking t2g:  36%|███▌      | 503/1391 [18:06<31:52,  2.15s/it][A
re-ranking t2g:  36%|███▌      | 504/1391 [18:08<31:54,  2.16s/it][A
re-ranking t2g:  36%|███▋      | 505/1391 [18:10<31:51,  2.16s/it][A
re-ranking t2g:  36%|███▋      | 506/1391 [18:12<31:47,  2.16s/it][A
re-ranking t2g:  36%|███▋      | 507/1391 [18:14<31:43,  2.15s/it][A
re-ranking t2g:  37%|███▋      | 508/1391 [18:17<31:44,  2.16s/it][A
re-ranking t2g:  37%|███▋      | 509/1391 [18:19<31:45,  2.16s/it][A
re-ranking t2g:  37%|███▋      | 510/1391 [18:21<31:40,  2.16s/it][A
re-ranking t2g:  37%|███▋      | 511/1391 [18:23<31:37,  2.16s/it][A
re-ranking t2g:  37%|███▋      | 512/1391 [18:25<31:39,  2.16s/it][A
re-ranking t2g:  37%|███▋      | 513/1391 [18:27<31:34,  2.16s/it][A
re-ranking t2g:  37%|███▋      | 514/1391 [18:30<31:30,  2.16s/it][A
re-ranking t2g:  37%|███▋      | 515/1391 [18:32<31:26,  2.15s/it][A
re-ranking t2g:  37%|███▋      | 516/1391 [18:34<31:28,  2.16s/it][A
re-ranking t2g:  37%|███▋      | 517/1391 [18:36<31:24,  2.16s/it][A
re-ranking t2g:  37%|███▋      | 518/1391 [18:38<31:21,  2.16s/it][A
re-ranking t2g:  37%|███▋      | 519/1391 [18:40<31:19,  2.16s/it][A
re-ranking t2g:  37%|███▋      | 520/1391 [18:42<31:20,  2.16s/it][A
re-ranking t2g:  37%|███▋      | 521/1391 [18:45<31:16,  2.16s/it][A
re-ranking t2g:  38%|███▊      | 522/1391 [18:47<31:12,  2.15s/it][A
re-ranking t2g:  38%|███▊      | 523/1391 [18:49<31:09,  2.15s/it][A
re-ranking t2g:  38%|███▊      | 524/1391 [18:51<31:09,  2.16s/it][A
re-ranking t2g:  38%|███▊      | 525/1391 [18:53<31:06,  2.16s/it][A
re-ranking t2g:  38%|███▊      | 526/1391 [18:55<31:03,  2.15s/it][A
re-ranking t2g:  38%|███▊      | 527/1391 [18:58<31:02,  2.16s/it][A
re-ranking t2g:  38%|███▊      | 528/1391 [19:00<31:03,  2.16s/it][A
re-ranking t2g:  38%|███▊      | 529/1391 [19:02<31:00,  2.16s/it][A
re-ranking t2g:  38%|███▊      | 530/1391 [19:04<30:56,  2.16s/it][A
re-ranking t2g:  38%|███▊      | 531/1391 [19:06<30:53,  2.16s/it][A
re-ranking t2g:  38%|███▊      | 532/1391 [19:08<30:54,  2.16s/it][A
re-ranking t2g:  38%|███▊      | 533/1391 [19:11<30:50,  2.16s/it][A
re-ranking t2g:  38%|███▊      | 534/1391 [19:13<30:48,  2.16s/it][A
re-ranking t2g:  38%|███▊      | 535/1391 [19:15<30:45,  2.16s/it][A
re-ranking t2g:  39%|███▊      | 536/1391 [19:17<30:46,  2.16s/it][A
re-ranking t2g:  39%|███▊      | 537/1391 [19:19<30:43,  2.16s/it][A
re-ranking t2g:  39%|███▊      | 538/1391 [19:21<30:41,  2.16s/it][A
re-ranking t2g:  39%|███▊      | 539/1391 [19:23<30:37,  2.16s/it][A
re-ranking t2g:  39%|███▉      | 540/1391 [19:26<30:37,  2.16s/it][A
re-ranking t2g:  39%|███▉      | 541/1391 [19:28<30:32,  2.16s/it][A
re-ranking t2g:  39%|███▉      | 542/1391 [19:30<30:28,  2.15s/it][A
re-ranking t2g:  39%|███▉      | 543/1391 [19:32<30:27,  2.15s/it][A
re-ranking t2g:  39%|███▉      | 544/1391 [19:34<30:28,  2.16s/it][A
re-ranking t2g:  39%|███▉      | 545/1391 [19:36<30:25,  2.16s/it][A
re-ranking t2g:  39%|███▉      | 546/1391 [19:39<30:21,  2.16s/it][A
re-ranking t2g:  39%|███▉      | 547/1391 [19:41<30:18,  2.15s/it][A
re-ranking t2g:  39%|███▉      | 548/1391 [19:43<30:19,  2.16s/it][A
re-ranking t2g:  39%|███▉      | 549/1391 [19:45<30:15,  2.16s/it][A
re-ranking t2g:  40%|███▉      | 550/1391 [19:47<30:12,  2.16s/it][A
re-ranking t2g:  40%|███▉      | 551/1391 [19:49<30:10,  2.16s/it][A
re-ranking t2g:  40%|███▉      | 552/1391 [19:51<30:11,  2.16s/it][A
re-ranking t2g:  40%|███▉      | 553/1391 [19:54<30:07,  2.16s/it][A
re-ranking t2g:  40%|███▉      | 554/1391 [19:56<30:05,  2.16s/it][A
re-ranking t2g:  40%|███▉      | 555/1391 [19:58<30:01,  2.15s/it][A
re-ranking t2g:  40%|███▉      | 556/1391 [20:00<30:01,  2.16s/it][A
re-ranking t2g:  40%|████      | 557/1391 [20:02<29:57,  2.16s/it][A
re-ranking t2g:  40%|████      | 558/1391 [20:04<29:54,  2.15s/it][A
re-ranking t2g:  40%|████      | 559/1391 [20:07<29:52,  2.15s/it][A
re-ranking t2g:  40%|████      | 560/1391 [20:09<29:52,  2.16s/it][A
re-ranking t2g:  40%|████      | 561/1391 [20:11<29:50,  2.16s/it][A
re-ranking t2g:  40%|████      | 562/1391 [20:13<29:46,  2.16s/it][A
re-ranking t2g:  40%|████      | 563/1391 [20:15<29:43,  2.15s/it][A
re-ranking t2g:  41%|████      | 564/1391 [20:17<29:45,  2.16s/it][A
re-ranking t2g:  41%|████      | 565/1391 [20:20<29:44,  2.16s/it][A
re-ranking t2g:  41%|████      | 566/1391 [20:22<29:43,  2.16s/it][A
re-ranking t2g:  41%|████      | 567/1391 [20:24<29:39,  2.16s/it][A
re-ranking t2g:  41%|████      | 568/1391 [20:26<29:39,  2.16s/it][A
re-ranking t2g:  41%|████      | 569/1391 [20:28<29:35,  2.16s/it][A
re-ranking t2g:  41%|████      | 570/1391 [20:30<29:32,  2.16s/it][A
re-ranking t2g:  41%|████      | 571/1391 [20:32<29:30,  2.16s/it][A
re-ranking t2g:  41%|████      | 572/1391 [20:35<29:30,  2.16s/it][A
re-ranking t2g:  41%|████      | 573/1391 [20:37<29:30,  2.16s/it][A
re-ranking t2g:  41%|████▏     | 574/1391 [20:39<29:29,  2.17s/it][A
re-ranking t2g:  41%|████▏     | 575/1391 [20:41<29:28,  2.17s/it][A
re-ranking t2g:  41%|████▏     | 576/1391 [20:43<29:26,  2.17s/it][A
re-ranking t2g:  41%|████▏     | 577/1391 [20:45<29:21,  2.16s/it][A
re-ranking t2g:  42%|████▏     | 578/1391 [20:48<29:16,  2.16s/it][A
re-ranking t2g:  42%|████▏     | 579/1391 [20:50<29:12,  2.16s/it][A
re-ranking t2g:  42%|████▏     | 580/1391 [20:52<29:11,  2.16s/it][A
re-ranking t2g:  42%|████▏     | 581/1391 [20:54<29:07,  2.16s/it][A
re-ranking t2g:  42%|████▏     | 582/1391 [20:56<29:05,  2.16s/it][A
re-ranking t2g:  42%|████▏     | 583/1391 [20:58<29:01,  2.16s/it][A
re-ranking t2g:  42%|████▏     | 584/1391 [21:01<29:03,  2.16s/it][A
re-ranking t2g:  42%|████▏     | 585/1391 [21:03<29:02,  2.16s/it][A
re-ranking t2g:  42%|████▏     | 586/1391 [21:05<28:58,  2.16s/it][A
re-ranking t2g:  42%|████▏     | 587/1391 [21:07<28:53,  2.16s/it][A
re-ranking t2g:  42%|████▏     | 588/1391 [21:09<28:54,  2.16s/it][A
re-ranking t2g:  42%|████▏     | 589/1391 [21:11<28:50,  2.16s/it][A
re-ranking t2g:  42%|████▏     | 590/1391 [21:14<28:47,  2.16s/it][A
re-ranking t2g:  42%|████▏     | 591/1391 [21:16<28:44,  2.16s/it][A
re-ranking t2g:  43%|████▎     | 592/1391 [21:18<28:44,  2.16s/it][A
re-ranking t2g:  43%|████▎     | 593/1391 [21:20<28:42,  2.16s/it][A
re-ranking t2g:  43%|████▎     | 594/1391 [21:22<28:39,  2.16s/it][A
re-ranking t2g:  43%|████▎     | 595/1391 [21:24<28:36,  2.16s/it][A
re-ranking t2g:  43%|████▎     | 596/1391 [21:26<28:36,  2.16s/it][A
re-ranking t2g:  43%|████▎     | 597/1391 [21:29<28:33,  2.16s/it][A
re-ranking t2g:  43%|████▎     | 598/1391 [21:31<28:30,  2.16s/it][A
re-ranking t2g:  43%|████▎     | 599/1391 [21:33<28:28,  2.16s/it][A
re-ranking t2g:  43%|████▎     | 600/1391 [21:35<28:28,  2.16s/it][A
re-ranking t2g:  43%|████▎     | 601/1391 [21:37<28:23,  2.16s/it][A
re-ranking t2g:  43%|████▎     | 602/1391 [21:39<28:19,  2.15s/it][A
re-ranking t2g:  43%|████▎     | 603/1391 [21:42<28:16,  2.15s/it][A
re-ranking t2g:  43%|████▎     | 604/1391 [21:44<28:17,  2.16s/it][A
re-ranking t2g:  43%|████▎     | 605/1391 [21:46<28:14,  2.16s/it][A
re-ranking t2g:  44%|████▎     | 606/1391 [21:48<28:11,  2.15s/it][A
re-ranking t2g:  44%|████▎     | 607/1391 [21:50<28:09,  2.16s/it][A
re-ranking t2g:  44%|████▎     | 608/1391 [21:52<28:10,  2.16s/it][A
re-ranking t2g:  44%|████▍     | 609/1391 [21:55<28:05,  2.16s/it][A
re-ranking t2g:  44%|████▍     | 610/1391 [21:57<28:04,  2.16s/it][A
re-ranking t2g:  44%|████▍     | 611/1391 [21:59<28:01,  2.16s/it][A
re-ranking t2g:  44%|████▍     | 612/1391 [22:01<28:02,  2.16s/it][A
re-ranking t2g:  44%|████▍     | 613/1391 [22:03<27:58,  2.16s/it][A
re-ranking t2g:  44%|████▍     | 614/1391 [22:05<27:54,  2.16s/it][A
re-ranking t2g:  44%|████▍     | 615/1391 [22:07<27:51,  2.15s/it][A
re-ranking t2g:  44%|████▍     | 616/1391 [22:10<27:52,  2.16s/it][A
re-ranking t2g:  44%|████▍     | 617/1391 [22:12<27:52,  2.16s/it][A
re-ranking t2g:  44%|████▍     | 618/1391 [22:14<27:49,  2.16s/it][A
re-ranking t2g:  45%|████▍     | 619/1391 [22:16<27:45,  2.16s/it][A
re-ranking t2g:  45%|████▍     | 620/1391 [22:18<27:45,  2.16s/it][A
re-ranking t2g:  45%|████▍     | 621/1391 [22:20<27:41,  2.16s/it][A
re-ranking t2g:  45%|████▍     | 622/1391 [22:23<27:37,  2.16s/it][A
re-ranking t2g:  45%|████▍     | 623/1391 [22:25<27:33,  2.15s/it][A
re-ranking t2g:  45%|████▍     | 624/1391 [22:27<27:34,  2.16s/it][A
re-ranking t2g:  45%|████▍     | 625/1391 [22:29<27:33,  2.16s/it][A
re-ranking t2g:  45%|████▌     | 626/1391 [22:31<27:32,  2.16s/it][A
re-ranking t2g:  45%|████▌     | 627/1391 [22:33<27:28,  2.16s/it][A
re-ranking t2g:  45%|████▌     | 628/1391 [22:36<27:28,  2.16s/it][A
re-ranking t2g:  45%|████▌     | 629/1391 [22:38<27:25,  2.16s/it][A
re-ranking t2g:  45%|████▌     | 630/1391 [22:40<27:22,  2.16s/it][A
re-ranking t2g:  45%|████▌     | 631/1391 [22:42<27:18,  2.16s/it][A
re-ranking t2g:  45%|████▌     | 632/1391 [22:44<27:16,  2.16s/it][A
re-ranking t2g:  46%|████▌     | 633/1391 [22:46<27:13,  2.16s/it][A
re-ranking t2g:  46%|████▌     | 634/1391 [22:48<27:10,  2.15s/it][A
re-ranking t2g:  46%|████▌     | 635/1391 [22:51<27:08,  2.15s/it][A
re-ranking t2g:  46%|████▌     | 636/1391 [22:53<27:09,  2.16s/it][A
re-ranking t2g:  46%|████▌     | 637/1391 [22:55<27:06,  2.16s/it][A
re-ranking t2g:  46%|████▌     | 638/1391 [22:57<27:03,  2.16s/it][A
re-ranking t2g:  46%|████▌     | 639/1391 [22:59<26:59,  2.15s/it][A
re-ranking t2g:  46%|████▌     | 640/1391 [23:01<27:01,  2.16s/it][A
re-ranking t2g:  46%|████▌     | 641/1391 [23:04<27:00,  2.16s/it][A
re-ranking t2g:  46%|████▌     | 642/1391 [23:06<26:57,  2.16s/it][A
re-ranking t2g:  46%|████▌     | 643/1391 [23:08<26:52,  2.16s/it][A
re-ranking t2g:  46%|████▋     | 644/1391 [23:10<26:52,  2.16s/it][A
re-ranking t2g:  46%|████▋     | 645/1391 [23:12<26:48,  2.16s/it][A
re-ranking t2g:  46%|████▋     | 646/1391 [23:14<26:46,  2.16s/it][A
re-ranking t2g:  47%|████▋     | 647/1391 [23:16<26:43,  2.16s/it][A
re-ranking t2g:  47%|████▋     | 648/1391 [23:19<26:45,  2.16s/it][A
re-ranking t2g:  47%|████▋     | 649/1391 [23:21<26:40,  2.16s/it][A
re-ranking t2g:  47%|████▋     | 650/1391 [23:23<26:37,  2.16s/it][A
re-ranking t2g:  47%|████▋     | 651/1391 [23:25<26:34,  2.16s/it][A
re-ranking t2g:  47%|████▋     | 652/1391 [23:27<26:35,  2.16s/it][A
re-ranking t2g:  47%|████▋     | 653/1391 [23:29<26:32,  2.16s/it][A
re-ranking t2g:  47%|████▋     | 654/1391 [23:32<26:29,  2.16s/it][A
re-ranking t2g:  47%|████▋     | 655/1391 [23:34<26:27,  2.16s/it][A
re-ranking t2g:  47%|████▋     | 656/1391 [23:36<26:28,  2.16s/it][A
re-ranking t2g:  47%|████▋     | 657/1391 [23:38<26:25,  2.16s/it][A
re-ranking t2g:  47%|████▋     | 658/1391 [23:40<26:22,  2.16s/it][A
re-ranking t2g:  47%|████▋     | 659/1391 [23:42<26:18,  2.16s/it][A
re-ranking t2g:  47%|████▋     | 660/1391 [23:45<26:19,  2.16s/it][A
re-ranking t2g:  48%|████▊     | 661/1391 [23:47<26:14,  2.16s/it][A
re-ranking t2g:  48%|████▊     | 662/1391 [23:49<26:11,  2.16s/it][A
re-ranking t2g:  48%|████▊     | 663/1391 [23:51<26:09,  2.16s/it][A
re-ranking t2g:  48%|████▊     | 664/1391 [23:53<26:09,  2.16s/it][A
re-ranking t2g:  48%|████▊     | 665/1391 [23:55<26:06,  2.16s/it][A
re-ranking t2g:  48%|████▊     | 666/1391 [23:57<26:01,  2.15s/it][A
re-ranking t2g:  48%|████▊     | 667/1391 [24:00<26:00,  2.15s/it][A
re-ranking t2g:  48%|████▊     | 668/1391 [24:02<26:01,  2.16s/it][A
re-ranking t2g:  48%|████▊     | 669/1391 [24:04<25:58,  2.16s/it][A
re-ranking t2g:  48%|████▊     | 670/1391 [24:06<25:54,  2.16s/it][A
re-ranking t2g:  48%|████▊     | 671/1391 [24:08<25:52,  2.16s/it][A
re-ranking t2g:  48%|████▊     | 672/1391 [24:10<25:52,  2.16s/it][A
re-ranking t2g:  48%|████▊     | 673/1391 [24:13<25:48,  2.16s/it][A
re-ranking t2g:  48%|████▊     | 674/1391 [24:15<25:44,  2.15s/it][A
re-ranking t2g:  49%|████▊     | 675/1391 [24:17<25:42,  2.15s/it][A
re-ranking t2g:  49%|████▊     | 676/1391 [24:19<25:43,  2.16s/it][A
re-ranking t2g:  49%|████▊     | 677/1391 [24:21<25:40,  2.16s/it][A
re-ranking t2g:  49%|████▊     | 678/1391 [24:23<25:35,  2.15s/it][A
re-ranking t2g:  49%|████▉     | 679/1391 [24:26<25:33,  2.15s/it][A
re-ranking t2g:  49%|████▉     | 680/1391 [24:28<25:34,  2.16s/it][A
re-ranking t2g:  49%|████▉     | 681/1391 [24:30<25:31,  2.16s/it][A
re-ranking t2g:  49%|████▉     | 682/1391 [24:32<25:27,  2.15s/it][A
re-ranking t2g:  49%|████▉     | 683/1391 [24:34<25:24,  2.15s/it][A
re-ranking t2g:  49%|████▉     | 684/1391 [24:36<25:24,  2.16s/it][A
re-ranking t2g:  49%|████▉     | 685/1391 [24:38<25:21,  2.15s/it][A
re-ranking t2g:  49%|████▉     | 686/1391 [24:41<25:17,  2.15s/it][A
re-ranking t2g:  49%|████▉     | 687/1391 [24:43<25:14,  2.15s/it][A
re-ranking t2g:  49%|████▉     | 688/1391 [24:45<25:15,  2.16s/it][A
re-ranking t2g:  50%|████▉     | 689/1391 [24:47<25:12,  2.16s/it][A
re-ranking t2g:  50%|████▉     | 690/1391 [24:49<25:09,  2.15s/it][A
re-ranking t2g:  50%|████▉     | 691/1391 [24:51<25:08,  2.15s/it][A
re-ranking t2g:  50%|████▉     | 692/1391 [24:54<25:07,  2.16s/it][A
re-ranking t2g:  50%|████▉     | 693/1391 [24:56<25:03,  2.15s/it][A
re-ranking t2g:  50%|████▉     | 694/1391 [24:58<25:00,  2.15s/it][A
re-ranking t2g:  50%|████▉     | 695/1391 [25:00<24:58,  2.15s/it][A
re-ranking t2g:  50%|█████     | 696/1391 [25:02<24:59,  2.16s/it][A
re-ranking t2g:  50%|█████     | 697/1391 [25:04<24:55,  2.16s/it][A
re-ranking t2g:  50%|█████     | 698/1391 [25:06<24:52,  2.15s/it][A
re-ranking t2g:  50%|█████     | 699/1391 [25:09<24:48,  2.15s/it][A
re-ranking t2g:  50%|█████     | 700/1391 [25:11<24:51,  2.16s/it][A
re-ranking t2g:  50%|█████     | 701/1391 [25:13<24:48,  2.16s/it][A
re-ranking t2g:  50%|█████     | 702/1391 [25:15<24:45,  2.16s/it][A
re-ranking t2g:  51%|█████     | 703/1391 [25:17<24:42,  2.16s/it][A
re-ranking t2g:  51%|█████     | 704/1391 [25:19<24:43,  2.16s/it][A
re-ranking t2g:  51%|█████     | 705/1391 [25:22<24:39,  2.16s/it][A
re-ranking t2g:  51%|█████     | 706/1391 [25:24<24:37,  2.16s/it][A
re-ranking t2g:  51%|█████     | 707/1391 [25:26<24:33,  2.15s/it][A
re-ranking t2g:  51%|█████     | 708/1391 [25:28<24:33,  2.16s/it][A
re-ranking t2g:  51%|█████     | 709/1391 [25:30<24:30,  2.16s/it][A
re-ranking t2g:  51%|█████     | 710/1391 [25:32<24:27,  2.15s/it][A
re-ranking t2g:  51%|█████     | 711/1391 [25:34<24:24,  2.15s/it][A
re-ranking t2g:  51%|█████     | 712/1391 [25:37<24:24,  2.16s/it][A
re-ranking t2g:  51%|█████▏    | 713/1391 [25:39<24:21,  2.16s/it][A
re-ranking t2g:  51%|█████▏    | 714/1391 [25:41<24:18,  2.15s/it][A
re-ranking t2g:  51%|█████▏    | 715/1391 [25:43<24:15,  2.15s/it][A
re-ranking t2g:  51%|█████▏    | 716/1391 [25:45<24:16,  2.16s/it][A
re-ranking t2g:  52%|█████▏    | 717/1391 [25:47<24:16,  2.16s/it][A
re-ranking t2g:  52%|█████▏    | 718/1391 [25:50<24:16,  2.16s/it][A
re-ranking t2g:  52%|█████▏    | 719/1391 [25:52<24:13,  2.16s/it][A
re-ranking t2g:  52%|█████▏    | 720/1391 [25:54<24:08,  2.16s/it][A
re-ranking t2g:  52%|█████▏    | 721/1391 [25:56<24:06,  2.16s/it][A
re-ranking t2g:  52%|█████▏    | 722/1391 [25:58<24:03,  2.16s/it][A
re-ranking t2g:  52%|█████▏    | 723/1391 [26:00<24:00,  2.16s/it][A
re-ranking t2g:  52%|█████▏    | 724/1391 [26:03<24:00,  2.16s/it][A
re-ranking t2g:  52%|█████▏    | 725/1391 [26:05<24:00,  2.16s/it][A
re-ranking t2g:  52%|█████▏    | 726/1391 [26:07<23:56,  2.16s/it][A
re-ranking t2g:  52%|█████▏    | 727/1391 [26:09<23:53,  2.16s/it][A
re-ranking t2g:  52%|█████▏    | 728/1391 [26:11<23:53,  2.16s/it][A
re-ranking t2g:  52%|█████▏    | 729/1391 [26:13<23:49,  2.16s/it][A
re-ranking t2g:  52%|█████▏    | 730/1391 [26:15<23:45,  2.16s/it][A
re-ranking t2g:  53%|█████▎    | 731/1391 [26:18<23:42,  2.16s/it][A
re-ranking t2g:  53%|█████▎    | 732/1391 [26:20<23:43,  2.16s/it][A
re-ranking t2g:  53%|█████▎    | 733/1391 [26:22<23:39,  2.16s/it][A
re-ranking t2g:  53%|█████▎    | 734/1391 [26:24<23:36,  2.16s/it][A
re-ranking t2g:  53%|█████▎    | 735/1391 [26:26<23:34,  2.16s/it][A
re-ranking t2g:  53%|█████▎    | 736/1391 [26:28<23:34,  2.16s/it][A
re-ranking t2g:  53%|█████▎    | 737/1391 [26:31<23:30,  2.16s/it][A
re-ranking t2g:  53%|█████▎    | 738/1391 [26:33<23:28,  2.16s/it][A
re-ranking t2g:  53%|█████▎    | 739/1391 [26:35<23:24,  2.15s/it][A
re-ranking t2g:  53%|█████▎    | 740/1391 [26:37<23:24,  2.16s/it][A
re-ranking t2g:  53%|█████▎    | 741/1391 [26:39<23:19,  2.15s/it][A
re-ranking t2g:  53%|█████▎    | 742/1391 [26:41<23:17,  2.15s/it][A
re-ranking t2g:  53%|█████▎    | 743/1391 [26:44<23:14,  2.15s/it][A
re-ranking t2g:  53%|█████▎    | 744/1391 [26:46<23:15,  2.16s/it][A
re-ranking t2g:  54%|█████▎    | 745/1391 [26:48<23:12,  2.16s/it][A
re-ranking t2g:  54%|█████▎    | 746/1391 [26:50<23:09,  2.15s/it][A
re-ranking t2g:  54%|█████▎    | 747/1391 [26:52<23:06,  2.15s/it][A
re-ranking t2g:  54%|█████▍    | 748/1391 [26:54<23:05,  2.16s/it][A
re-ranking t2g:  54%|█████▍    | 749/1391 [26:56<23:04,  2.16s/it][A
re-ranking t2g:  54%|█████▍    | 750/1391 [26:59<23:01,  2.15s/it][A
re-ranking t2g:  54%|█████▍    | 751/1391 [27:01<22:58,  2.15s/it][A
re-ranking t2g:  54%|█████▍    | 752/1391 [27:03<22:58,  2.16s/it][A
re-ranking t2g:  54%|█████▍    | 753/1391 [27:05<22:58,  2.16s/it][A
re-ranking t2g:  54%|█████▍    | 754/1391 [27:07<22:57,  2.16s/it][A
re-ranking t2g:  54%|█████▍    | 755/1391 [27:09<22:53,  2.16s/it][A
re-ranking t2g:  54%|█████▍    | 756/1391 [27:12<22:52,  2.16s/it][A
re-ranking t2g:  54%|█████▍    | 757/1391 [27:14<22:47,  2.16s/it][A
re-ranking t2g:  54%|█████▍    | 758/1391 [27:16<22:44,  2.16s/it][A
re-ranking t2g:  55%|█████▍    | 759/1391 [27:18<22:41,  2.15s/it][A
re-ranking t2g:  55%|█████▍    | 760/1391 [27:20<22:41,  2.16s/it][A
re-ranking t2g:  55%|█████▍    | 761/1391 [27:22<22:38,  2.16s/it][A
re-ranking t2g:  55%|█████▍    | 762/1391 [27:24<22:35,  2.16s/it][A
re-ranking t2g:  55%|█████▍    | 763/1391 [27:27<22:31,  2.15s/it][A
re-ranking t2g:  55%|█████▍    | 764/1391 [27:29<22:30,  2.15s/it][A
re-ranking t2g:  55%|█████▍    | 765/1391 [27:31<22:28,  2.15s/it][A
re-ranking t2g:  55%|█████▌    | 766/1391 [27:33<22:26,  2.15s/it][A
re-ranking t2g:  55%|█████▌    | 767/1391 [27:35<22:24,  2.15s/it][A
re-ranking t2g:  55%|█████▌    | 768/1391 [27:37<22:24,  2.16s/it][A
re-ranking t2g:  55%|█████▌    | 769/1391 [27:40<22:21,  2.16s/it][A
re-ranking t2g:  55%|█████▌    | 770/1391 [27:42<22:17,  2.15s/it][A
re-ranking t2g:  55%|█████▌    | 771/1391 [27:44<22:14,  2.15s/it][A
re-ranking t2g:  55%|█████▌    | 772/1391 [27:46<22:13,  2.15s/it][A
re-ranking t2g:  56%|█████▌    | 773/1391 [27:48<22:10,  2.15s/it][A
re-ranking t2g:  56%|█████▌    | 774/1391 [27:50<22:07,  2.15s/it][A
re-ranking t2g:  56%|█████▌    | 775/1391 [27:52<22:05,  2.15s/it][A
re-ranking t2g:  56%|█████▌    | 776/1391 [27:55<22:06,  2.16s/it][A
re-ranking t2g:  56%|█████▌    | 777/1391 [27:57<22:04,  2.16s/it][A
re-ranking t2g:  56%|█████▌    | 778/1391 [27:59<22:00,  2.15s/it][A
re-ranking t2g:  56%|█████▌    | 779/1391 [28:01<21:57,  2.15s/it][A
re-ranking t2g:  56%|█████▌    | 780/1391 [28:03<21:57,  2.16s/it][A
re-ranking t2g:  56%|█████▌    | 781/1391 [28:05<21:57,  2.16s/it][A
re-ranking t2g:  56%|█████▌    | 782/1391 [28:08<21:53,  2.16s/it][A
re-ranking t2g:  56%|█████▋    | 783/1391 [28:10<21:51,  2.16s/it][A
re-ranking t2g:  56%|█████▋    | 784/1391 [28:12<21:51,  2.16s/it][A
re-ranking t2g:  56%|█████▋    | 785/1391 [28:14<21:48,  2.16s/it][A
re-ranking t2g:  57%|█████▋    | 786/1391 [28:16<21:44,  2.16s/it][A
re-ranking t2g:  57%|█████▋    | 787/1391 [28:18<21:42,  2.16s/it][A
re-ranking t2g:  57%|█████▋    | 788/1391 [28:21<21:40,  2.16s/it][A
re-ranking t2g:  57%|█████▋    | 789/1391 [28:23<21:37,  2.16s/it][A
re-ranking t2g:  57%|█████▋    | 790/1391 [28:25<21:34,  2.15s/it][A
re-ranking t2g:  57%|█████▋    | 791/1391 [28:27<21:31,  2.15s/it][A
re-ranking t2g:  57%|█████▋    | 792/1391 [28:29<21:32,  2.16s/it][A
re-ranking t2g:  57%|█████▋    | 793/1391 [28:31<21:29,  2.16s/it][A
re-ranking t2g:  57%|█████▋    | 794/1391 [28:33<21:27,  2.16s/it][A
re-ranking t2g:  57%|█████▋    | 795/1391 [28:36<21:24,  2.16s/it][A
re-ranking t2g:  57%|█████▋    | 796/1391 [28:38<21:24,  2.16s/it][A
re-ranking t2g:  57%|█████▋    | 797/1391 [28:40<21:20,  2.16s/it][A
re-ranking t2g:  57%|█████▋    | 798/1391 [28:42<21:18,  2.16s/it][A
re-ranking t2g:  57%|█████▋    | 799/1391 [28:44<21:14,  2.15s/it][A
re-ranking t2g:  58%|█████▊    | 800/1391 [28:46<21:15,  2.16s/it][A
re-ranking t2g:  58%|█████▊    | 801/1391 [28:49<21:12,  2.16s/it][A
re-ranking t2g:  58%|█████▊    | 802/1391 [28:51<21:10,  2.16s/it][A
re-ranking t2g:  58%|█████▊    | 803/1391 [28:53<21:07,  2.15s/it][A
re-ranking t2g:  58%|█████▊    | 804/1391 [28:55<21:07,  2.16s/it][A
re-ranking t2g:  58%|█████▊    | 805/1391 [28:57<21:03,  2.16s/it][A
re-ranking t2g:  58%|█████▊    | 806/1391 [28:59<20:59,  2.15s/it][A
re-ranking t2g:  58%|█████▊    | 807/1391 [29:01<20:56,  2.15s/it][A
re-ranking t2g:  58%|█████▊    | 808/1391 [29:04<20:57,  2.16s/it][A
re-ranking t2g:  58%|█████▊    | 809/1391 [29:06<20:54,  2.16s/it][A
re-ranking t2g:  58%|█████▊    | 810/1391 [29:08<20:52,  2.16s/it][A
re-ranking t2g:  58%|█████▊    | 811/1391 [29:10<20:50,  2.16s/it][A
re-ranking t2g:  58%|█████▊    | 812/1391 [29:12<20:50,  2.16s/it][A
re-ranking t2g:  58%|█████▊    | 813/1391 [29:14<20:46,  2.16s/it][A
re-ranking t2g:  59%|█████▊    | 814/1391 [29:17<20:43,  2.16s/it][A
re-ranking t2g:  59%|█████▊    | 815/1391 [29:19<20:40,  2.15s/it][A
re-ranking t2g:  59%|█████▊    | 816/1391 [29:21<20:40,  2.16s/it][A
re-ranking t2g:  59%|█████▊    | 817/1391 [29:23<20:40,  2.16s/it][A
re-ranking t2g:  59%|█████▉    | 818/1391 [29:25<20:36,  2.16s/it][A
re-ranking t2g:  59%|█████▉    | 819/1391 [29:27<20:33,  2.16s/it][A
re-ranking t2g:  59%|█████▉    | 820/1391 [29:30<20:33,  2.16s/it][A
re-ranking t2g:  59%|█████▉    | 821/1391 [29:32<20:30,  2.16s/it][A
re-ranking t2g:  59%|█████▉    | 822/1391 [29:34<20:26,  2.16s/it][A
re-ranking t2g:  59%|█████▉    | 823/1391 [29:36<20:24,  2.16s/it][A
re-ranking t2g:  59%|█████▉    | 824/1391 [29:38<20:22,  2.16s/it][A
re-ranking t2g:  59%|█████▉    | 825/1391 [29:40<20:20,  2.16s/it][A
re-ranking t2g:  59%|█████▉    | 826/1391 [29:42<20:17,  2.16s/it][A
re-ranking t2g:  59%|█████▉    | 827/1391 [29:45<20:14,  2.15s/it][A
re-ranking t2g:  60%|█████▉    | 828/1391 [29:47<20:15,  2.16s/it][A
re-ranking t2g:  60%|█████▉    | 829/1391 [29:49<20:11,  2.16s/it][A
re-ranking t2g:  60%|█████▉    | 830/1391 [29:51<20:08,  2.15s/it][A
re-ranking t2g:  60%|█████▉    | 831/1391 [29:53<20:05,  2.15s/it][A
re-ranking t2g:  60%|█████▉    | 832/1391 [29:55<20:04,  2.15s/it][A
re-ranking t2g:  60%|█████▉    | 833/1391 [29:58<20:02,  2.15s/it][A
re-ranking t2g:  60%|█████▉    | 834/1391 [30:00<19:59,  2.15s/it][A
re-ranking t2g:  60%|██████    | 835/1391 [30:02<19:57,  2.15s/it][A
re-ranking t2g:  60%|██████    | 836/1391 [30:04<19:57,  2.16s/it][A
re-ranking t2g:  60%|██████    | 837/1391 [30:06<19:55,  2.16s/it][A
re-ranking t2g:  60%|██████    | 838/1391 [30:08<19:52,  2.16s/it][A
re-ranking t2g:  60%|██████    | 839/1391 [30:10<19:49,  2.15s/it][A
re-ranking t2g:  60%|██████    | 840/1391 [30:13<19:48,  2.16s/it][A
re-ranking t2g:  60%|██████    | 841/1391 [30:15<19:48,  2.16s/it][A
re-ranking t2g:  61%|██████    | 842/1391 [30:17<19:44,  2.16s/it][A
re-ranking t2g:  61%|██████    | 843/1391 [30:19<19:41,  2.16s/it][A
re-ranking t2g:  61%|██████    | 844/1391 [30:21<19:41,  2.16s/it][A
re-ranking t2g:  61%|██████    | 845/1391 [30:23<19:38,  2.16s/it][A
re-ranking t2g:  61%|██████    | 846/1391 [30:26<19:35,  2.16s/it][A
re-ranking t2g:  61%|██████    | 847/1391 [30:28<19:33,  2.16s/it][A
re-ranking t2g:  61%|██████    | 848/1391 [30:30<19:32,  2.16s/it][A
re-ranking t2g:  61%|██████    | 849/1391 [30:32<19:28,  2.16s/it][A
re-ranking t2g:  61%|██████    | 850/1391 [30:34<19:26,  2.16s/it][A
re-ranking t2g:  61%|██████    | 851/1391 [30:36<19:24,  2.16s/it][A
re-ranking t2g:  61%|██████▏   | 852/1391 [30:39<19:24,  2.16s/it][A
re-ranking t2g:  61%|██████▏   | 853/1391 [30:41<19:21,  2.16s/it][A
re-ranking t2g:  61%|██████▏   | 854/1391 [30:43<19:18,  2.16s/it][A
re-ranking t2g:  61%|██████▏   | 855/1391 [30:45<19:15,  2.16s/it][A
re-ranking t2g:  62%|██████▏   | 856/1391 [30:47<19:15,  2.16s/it][A
re-ranking t2g:  62%|██████▏   | 857/1391 [30:49<19:12,  2.16s/it][A
re-ranking t2g:  62%|██████▏   | 858/1391 [30:51<19:09,  2.16s/it][A
re-ranking t2g:  62%|██████▏   | 859/1391 [30:54<19:05,  2.15s/it][A
re-ranking t2g:  62%|██████▏   | 860/1391 [30:56<19:05,  2.16s/it][A
re-ranking t2g:  62%|██████▏   | 861/1391 [30:58<19:05,  2.16s/it][A
re-ranking t2g:  62%|██████▏   | 862/1391 [31:00<19:04,  2.16s/it][A
re-ranking t2g:  62%|██████▏   | 863/1391 [31:02<19:03,  2.17s/it][A
re-ranking t2g:  62%|██████▏   | 864/1391 [31:04<18:59,  2.16s/it][A
re-ranking t2g:  62%|██████▏   | 865/1391 [31:07<18:56,  2.16s/it][A
re-ranking t2g:  62%|██████▏   | 866/1391 [31:09<18:52,  2.16s/it][A
re-ranking t2g:  62%|██████▏   | 867/1391 [31:11<18:50,  2.16s/it][A
re-ranking t2g:  62%|██████▏   | 868/1391 [31:13<18:49,  2.16s/it][A
re-ranking t2g:  62%|██████▏   | 869/1391 [31:15<18:46,  2.16s/it][A
re-ranking t2g:  63%|██████▎   | 870/1391 [31:17<18:43,  2.16s/it][A
re-ranking t2g:  63%|██████▎   | 871/1391 [31:20<18:41,  2.16s/it][A
re-ranking t2g:  63%|██████▎   | 872/1391 [31:22<18:40,  2.16s/it][A
re-ranking t2g:  63%|██████▎   | 873/1391 [31:24<18:38,  2.16s/it][A
re-ranking t2g:  63%|██████▎   | 874/1391 [31:26<18:35,  2.16s/it][A
re-ranking t2g:  63%|██████▎   | 875/1391 [31:28<18:32,  2.16s/it][A
re-ranking t2g:  63%|██████▎   | 876/1391 [31:30<18:31,  2.16s/it][A
re-ranking t2g:  63%|██████▎   | 877/1391 [31:33<18:28,  2.16s/it][A
re-ranking t2g:  63%|██████▎   | 878/1391 [31:35<18:26,  2.16s/it][A
re-ranking t2g:  63%|██████▎   | 879/1391 [31:37<18:23,  2.15s/it][A
re-ranking t2g:  63%|██████▎   | 880/1391 [31:39<18:23,  2.16s/it][A
re-ranking t2g:  63%|██████▎   | 881/1391 [31:41<18:20,  2.16s/it][A
re-ranking t2g:  63%|██████▎   | 882/1391 [31:43<18:16,  2.16s/it][A
re-ranking t2g:  63%|██████▎   | 883/1391 [31:45<18:15,  2.16s/it][A
re-ranking t2g:  64%|██████▎   | 884/1391 [31:48<18:14,  2.16s/it][A
re-ranking t2g:  64%|██████▎   | 885/1391 [31:50<18:12,  2.16s/it][A
re-ranking t2g:  64%|██████▎   | 886/1391 [31:52<18:08,  2.16s/it][A
re-ranking t2g:  64%|██████▍   | 887/1391 [31:54<18:05,  2.15s/it][A
re-ranking t2g:  64%|██████▍   | 888/1391 [31:56<18:05,  2.16s/it][A
re-ranking t2g:  64%|██████▍   | 889/1391 [31:58<18:02,  2.16s/it][A
re-ranking t2g:  64%|██████▍   | 890/1391 [32:01<17:59,  2.15s/it][A
re-ranking t2g:  64%|██████▍   | 891/1391 [32:03<17:56,  2.15s/it][A
re-ranking t2g:  64%|██████▍   | 892/1391 [32:05<17:56,  2.16s/it][A
re-ranking t2g:  64%|██████▍   | 893/1391 [32:07<17:54,  2.16s/it][A
re-ranking t2g:  64%|██████▍   | 894/1391 [32:09<17:51,  2.16s/it][A
re-ranking t2g:  64%|██████▍   | 895/1391 [32:11<17:49,  2.16s/it][A
re-ranking t2g:  64%|██████▍   | 896/1391 [32:13<17:48,  2.16s/it][A
re-ranking t2g:  64%|██████▍   | 897/1391 [32:16<17:45,  2.16s/it][A
re-ranking t2g:  65%|██████▍   | 898/1391 [32:18<17:43,  2.16s/it][A
re-ranking t2g:  65%|██████▍   | 899/1391 [32:20<17:40,  2.16s/it][A
re-ranking t2g:  65%|██████▍   | 900/1391 [32:22<17:40,  2.16s/it][A
re-ranking t2g:  65%|██████▍   | 901/1391 [32:24<17:37,  2.16s/it][A
re-ranking t2g:  65%|██████▍   | 902/1391 [32:26<17:34,  2.16s/it][A
re-ranking t2g:  65%|██████▍   | 903/1391 [32:29<17:31,  2.15s/it][A
re-ranking t2g:  65%|██████▍   | 904/1391 [32:31<17:30,  2.16s/it][A
re-ranking t2g:  65%|██████▌   | 905/1391 [32:33<17:27,  2.16s/it][A
re-ranking t2g:  65%|██████▌   | 906/1391 [32:35<17:25,  2.16s/it][A
re-ranking t2g:  65%|██████▌   | 907/1391 [32:37<17:23,  2.16s/it][A
re-ranking t2g:  65%|██████▌   | 908/1391 [32:39<17:23,  2.16s/it][A
re-ranking t2g:  65%|██████▌   | 909/1391 [32:42<17:20,  2.16s/it][A
re-ranking t2g:  65%|██████▌   | 910/1391 [32:44<17:17,  2.16s/it][A
re-ranking t2g:  65%|██████▌   | 911/1391 [32:46<17:14,  2.16s/it][A
re-ranking t2g:  66%|██████▌   | 912/1391 [32:48<17:14,  2.16s/it][A
re-ranking t2g:  66%|██████▌   | 913/1391 [32:50<17:12,  2.16s/it][A
re-ranking t2g:  66%|██████▌   | 914/1391 [32:52<17:09,  2.16s/it][A
re-ranking t2g:  66%|██████▌   | 915/1391 [32:54<17:05,  2.16s/it][A
re-ranking t2g:  66%|██████▌   | 916/1391 [32:57<17:06,  2.16s/it][A
re-ranking t2g:  66%|██████▌   | 917/1391 [32:59<17:03,  2.16s/it][A
re-ranking t2g:  66%|██████▌   | 918/1391 [33:01<17:00,  2.16s/it][A
re-ranking t2g:  66%|██████▌   | 919/1391 [33:03<16:58,  2.16s/it][A
re-ranking t2g:  66%|██████▌   | 920/1391 [33:05<16:57,  2.16s/it][A
re-ranking t2g:  66%|██████▌   | 921/1391 [33:07<16:54,  2.16s/it][A
re-ranking t2g:  66%|██████▋   | 922/1391 [33:10<16:52,  2.16s/it][A
re-ranking t2g:  66%|██████▋   | 923/1391 [33:12<16:49,  2.16s/it][A
re-ranking t2g:  66%|██████▋   | 924/1391 [33:14<16:48,  2.16s/it][A
re-ranking t2g:  66%|██████▋   | 925/1391 [33:16<16:45,  2.16s/it][A
re-ranking t2g:  67%|██████▋   | 926/1391 [33:18<16:43,  2.16s/it][A
re-ranking t2g:  67%|██████▋   | 927/1391 [33:20<16:41,  2.16s/it][A
re-ranking t2g:  67%|██████▋   | 928/1391 [33:23<16:41,  2.16s/it][A
re-ranking t2g:  67%|██████▋   | 929/1391 [33:25<16:38,  2.16s/it][A
re-ranking t2g:  67%|██████▋   | 930/1391 [33:27<16:35,  2.16s/it][A
re-ranking t2g:  67%|██████▋   | 931/1391 [33:29<16:32,  2.16s/it][A
re-ranking t2g:  67%|██████▋   | 932/1391 [33:31<16:31,  2.16s/it][A
re-ranking t2g:  67%|██████▋   | 933/1391 [33:33<16:28,  2.16s/it][A
re-ranking t2g:  67%|██████▋   | 934/1391 [33:35<16:25,  2.16s/it][A
re-ranking t2g:  67%|██████▋   | 935/1391 [33:38<16:23,  2.16s/it][A
re-ranking t2g:  67%|██████▋   | 936/1391 [33:40<16:24,  2.16s/it][A
re-ranking t2g:  67%|██████▋   | 937/1391 [33:42<16:20,  2.16s/it][A
re-ranking t2g:  67%|██████▋   | 938/1391 [33:44<16:18,  2.16s/it][A
re-ranking t2g:  68%|██████▊   | 939/1391 [33:46<16:14,  2.16s/it][A
re-ranking t2g:  68%|██████▊   | 940/1391 [33:48<16:14,  2.16s/it][A
re-ranking t2g:  68%|██████▊   | 941/1391 [33:51<16:11,  2.16s/it][A
re-ranking t2g:  68%|██████▊   | 942/1391 [33:53<16:08,  2.16s/it][A
re-ranking t2g:  68%|██████▊   | 943/1391 [33:55<16:06,  2.16s/it][A
re-ranking t2g:  68%|██████▊   | 944/1391 [33:57<16:06,  2.16s/it][A
re-ranking t2g:  68%|██████▊   | 945/1391 [33:59<16:05,  2.16s/it][A
re-ranking t2g:  68%|██████▊   | 946/1391 [34:01<16:01,  2.16s/it][A
re-ranking t2g:  68%|██████▊   | 947/1391 [34:04<15:58,  2.16s/it][A
re-ranking t2g:  68%|██████▊   | 948/1391 [34:06<15:58,  2.16s/it][A
re-ranking t2g:  68%|██████▊   | 949/1391 [34:08<15:55,  2.16s/it][A
re-ranking t2g:  68%|██████▊   | 950/1391 [34:10<15:52,  2.16s/it][A
re-ranking t2g:  68%|██████▊   | 951/1391 [34:12<15:49,  2.16s/it][A
re-ranking t2g:  68%|██████▊   | 952/1391 [34:14<15:49,  2.16s/it][A
re-ranking t2g:  69%|██████▊   | 953/1391 [34:17<15:45,  2.16s/it][A
re-ranking t2g:  69%|██████▊   | 954/1391 [34:19<15:43,  2.16s/it][A
re-ranking t2g:  69%|██████▊   | 955/1391 [34:21<15:40,  2.16s/it][A
re-ranking t2g:  69%|██████▊   | 956/1391 [34:23<15:39,  2.16s/it][A
re-ranking t2g:  69%|██████▉   | 957/1391 [34:25<15:38,  2.16s/it][A
re-ranking t2g:  69%|██████▉   | 958/1391 [34:27<15:35,  2.16s/it][A
re-ranking t2g:  69%|██████▉   | 959/1391 [34:29<15:32,  2.16s/it][A
re-ranking t2g:  69%|██████▉   | 960/1391 [34:32<15:32,  2.16s/it][A
re-ranking t2g:  69%|██████▉   | 961/1391 [34:34<15:29,  2.16s/it][A
re-ranking t2g:  69%|██████▉   | 962/1391 [34:36<15:26,  2.16s/it][A
re-ranking t2g:  69%|██████▉   | 963/1391 [34:38<15:23,  2.16s/it][A
re-ranking t2g:  69%|██████▉   | 964/1391 [34:40<15:22,  2.16s/it][A
re-ranking t2g:  69%|██████▉   | 965/1391 [34:42<15:19,  2.16s/it][A
re-ranking t2g:  69%|██████▉   | 966/1391 [34:45<15:16,  2.16s/it][A
re-ranking t2g:  70%|██████▉   | 967/1391 [34:47<15:13,  2.16s/it][A
re-ranking t2g:  70%|██████▉   | 968/1391 [34:49<15:13,  2.16s/it][A
re-ranking t2g:  70%|██████▉   | 969/1391 [34:51<15:10,  2.16s/it][A
re-ranking t2g:  70%|██████▉   | 970/1391 [34:53<15:08,  2.16s/it][A
re-ranking t2g:  70%|██████▉   | 971/1391 [34:55<15:06,  2.16s/it][A
re-ranking t2g:  70%|██████▉   | 972/1391 [34:58<15:06,  2.16s/it][A
re-ranking t2g:  70%|██████▉   | 973/1391 [35:00<15:03,  2.16s/it][A
re-ranking t2g:  70%|███████   | 974/1391 [35:02<15:00,  2.16s/it][A
re-ranking t2g:  70%|███████   | 975/1391 [35:04<14:57,  2.16s/it][A
re-ranking t2g:  70%|███████   | 976/1391 [35:06<14:57,  2.16s/it][A
re-ranking t2g:  70%|███████   | 977/1391 [35:08<14:54,  2.16s/it][A
re-ranking t2g:  70%|███████   | 978/1391 [35:11<14:51,  2.16s/it][A
re-ranking t2g:  70%|███████   | 979/1391 [35:13<14:49,  2.16s/it][A
re-ranking t2g:  70%|███████   | 980/1391 [35:15<14:48,  2.16s/it][A
re-ranking t2g:  71%|███████   | 981/1391 [35:17<14:46,  2.16s/it][A
re-ranking t2g:  71%|███████   | 982/1391 [35:19<14:43,  2.16s/it][A
re-ranking t2g:  71%|███████   | 983/1391 [35:21<14:40,  2.16s/it][A
re-ranking t2g:  71%|███████   | 984/1391 [35:23<14:39,  2.16s/it][A
re-ranking t2g:  71%|███████   | 985/1391 [35:26<14:36,  2.16s/it][A
re-ranking t2g:  71%|███████   | 986/1391 [35:28<14:33,  2.16s/it][A
re-ranking t2g:  71%|███████   | 987/1391 [35:30<14:30,  2.15s/it][A
re-ranking t2g:  71%|███████   | 988/1391 [35:32<14:30,  2.16s/it][A
re-ranking t2g:  71%|███████   | 989/1391 [35:34<14:27,  2.16s/it][A
re-ranking t2g:  71%|███████   | 990/1391 [35:36<14:25,  2.16s/it][A
re-ranking t2g:  71%|███████   | 991/1391 [35:39<14:23,  2.16s/it][A
re-ranking t2g:  71%|███████▏  | 992/1391 [35:41<14:22,  2.16s/it][A
re-ranking t2g:  71%|███████▏  | 993/1391 [35:43<14:20,  2.16s/it][A
re-ranking t2g:  71%|███████▏  | 994/1391 [35:45<14:16,  2.16s/it][A
re-ranking t2g:  72%|███████▏  | 995/1391 [35:47<14:13,  2.16s/it][A
re-ranking t2g:  72%|███████▏  | 996/1391 [35:49<14:13,  2.16s/it][A
re-ranking t2g:  72%|███████▏  | 997/1391 [35:52<14:10,  2.16s/it][A
re-ranking t2g:  72%|███████▏  | 998/1391 [35:54<14:07,  2.16s/it][A
re-ranking t2g:  72%|███████▏  | 999/1391 [35:56<14:05,  2.16s/it][A
re-ranking t2g:  72%|███████▏  | 1000/1391 [35:58<14:05,  2.16s/it][A
re-ranking t2g:  72%|███████▏  | 1001/1391 [36:00<14:02,  2.16s/it][A
re-ranking t2g:  72%|███████▏  | 1002/1391 [36:02<13:59,  2.16s/it][A
re-ranking t2g:  72%|███████▏  | 1003/1391 [36:04<13:56,  2.16s/it][A
re-ranking t2g:  72%|███████▏  | 1004/1391 [36:07<13:55,  2.16s/it][A
re-ranking t2g:  72%|███████▏  | 1005/1391 [36:09<13:52,  2.16s/it][A
re-ranking t2g:  72%|███████▏  | 1006/1391 [36:11<13:49,  2.15s/it][A
re-ranking t2g:  72%|███████▏  | 1007/1391 [36:13<13:47,  2.15s/it][A
re-ranking t2g:  72%|███████▏  | 1008/1391 [36:15<13:47,  2.16s/it][A
re-ranking t2g:  73%|███████▎  | 1009/1391 [36:17<13:44,  2.16s/it][A
re-ranking t2g:  73%|███████▎  | 1010/1391 [36:20<13:41,  2.16s/it][A
re-ranking t2g:  73%|███████▎  | 1011/1391 [36:22<13:38,  2.15s/it][A
re-ranking t2g:  73%|███████▎  | 1012/1391 [36:24<13:37,  2.16s/it][A
re-ranking t2g:  73%|███████▎  | 1013/1391 [36:26<13:34,  2.15s/it][A
re-ranking t2g:  73%|███████▎  | 1014/1391 [36:28<13:32,  2.15s/it][A
re-ranking t2g:  73%|███████▎  | 1015/1391 [36:30<13:30,  2.15s/it][A
re-ranking t2g:  73%|███████▎  | 1016/1391 [36:33<13:29,  2.16s/it][A
re-ranking t2g:  73%|███████▎  | 1017/1391 [36:35<13:26,  2.16s/it][A
re-ranking t2g:  73%|███████▎  | 1018/1391 [36:37<13:24,  2.16s/it][A
re-ranking t2g:  73%|███████▎  | 1019/1391 [36:39<13:21,  2.16s/it][A
re-ranking t2g:  73%|███████▎  | 1020/1391 [36:41<13:21,  2.16s/it][A
re-ranking t2g:  73%|███████▎  | 1021/1391 [36:43<13:18,  2.16s/it][A
re-ranking t2g:  73%|███████▎  | 1022/1391 [36:45<13:15,  2.16s/it][A
re-ranking t2g:  74%|███████▎  | 1023/1391 [36:48<13:13,  2.16s/it][A
re-ranking t2g:  74%|███████▎  | 1024/1391 [36:50<13:11,  2.16s/it][A
re-ranking t2g:  74%|███████▎  | 1025/1391 [36:52<13:09,  2.16s/it][A
re-ranking t2g:  74%|███████▍  | 1026/1391 [36:54<13:06,  2.15s/it][A
re-ranking t2g:  74%|███████▍  | 1027/1391 [36:56<13:03,  2.15s/it][A
re-ranking t2g:  74%|███████▍  | 1028/1391 [36:58<13:02,  2.15s/it][A
re-ranking t2g:  74%|███████▍  | 1029/1391 [37:01<12:59,  2.15s/it][A
re-ranking t2g:  74%|███████▍  | 1030/1391 [37:03<12:56,  2.15s/it][A
re-ranking t2g:  74%|███████▍  | 1031/1391 [37:05<12:53,  2.15s/it][A
re-ranking t2g:  74%|███████▍  | 1032/1391 [37:07<12:53,  2.15s/it][A
re-ranking t2g:  74%|███████▍  | 1033/1391 [37:09<12:51,  2.16s/it][A
re-ranking t2g:  74%|███████▍  | 1034/1391 [37:11<12:49,  2.16s/it][A
re-ranking t2g:  74%|███████▍  | 1035/1391 [37:13<12:46,  2.15s/it][A
re-ranking t2g:  74%|███████▍  | 1036/1391 [37:16<12:46,  2.16s/it][A
re-ranking t2g:  75%|███████▍  | 1037/1391 [37:18<12:43,  2.16s/it][A
re-ranking t2g:  75%|███████▍  | 1038/1391 [37:20<12:41,  2.16s/it][A
re-ranking t2g:  75%|███████▍  | 1039/1391 [37:22<12:38,  2.16s/it][A
re-ranking t2g:  75%|███████▍  | 1040/1391 [37:24<12:37,  2.16s/it][A
re-ranking t2g:  75%|███████▍  | 1041/1391 [37:26<12:35,  2.16s/it][A
re-ranking t2g:  75%|███████▍  | 1042/1391 [37:29<12:32,  2.16s/it][A
re-ranking t2g:  75%|███████▍  | 1043/1391 [37:31<12:30,  2.16s/it][A
re-ranking t2g:  75%|███████▌  | 1044/1391 [37:33<12:29,  2.16s/it][A
re-ranking t2g:  75%|███████▌  | 1045/1391 [37:35<12:26,  2.16s/it][A
re-ranking t2g:  75%|███████▌  | 1046/1391 [37:37<12:24,  2.16s/it][A
re-ranking t2g:  75%|███████▌  | 1047/1391 [37:39<12:22,  2.16s/it][A
re-ranking t2g:  75%|███████▌  | 1048/1391 [37:42<12:21,  2.16s/it][A
re-ranking t2g:  75%|███████▌  | 1049/1391 [37:44<12:18,  2.16s/it][A
re-ranking t2g:  75%|███████▌  | 1050/1391 [37:46<12:15,  2.16s/it][A
re-ranking t2g:  76%|███████▌  | 1051/1391 [37:48<12:13,  2.16s/it][A
re-ranking t2g:  76%|███████▌  | 1052/1391 [37:50<12:12,  2.16s/it][A
re-ranking t2g:  76%|███████▌  | 1053/1391 [37:52<12:09,  2.16s/it][A
re-ranking t2g:  76%|███████▌  | 1054/1391 [37:54<12:07,  2.16s/it][A
re-ranking t2g:  76%|███████▌  | 1055/1391 [37:57<12:04,  2.16s/it][A
re-ranking t2g:  76%|███████▌  | 1056/1391 [37:59<12:03,  2.16s/it][A
re-ranking t2g:  76%|███████▌  | 1057/1391 [38:01<12:00,  2.16s/it][A
re-ranking t2g:  76%|███████▌  | 1058/1391 [38:03<11:57,  2.16s/it][A
re-ranking t2g:  76%|███████▌  | 1059/1391 [38:05<11:55,  2.16s/it][A
re-ranking t2g:  76%|███████▌  | 1060/1391 [38:07<11:54,  2.16s/it][A
re-ranking t2g:  76%|███████▋  | 1061/1391 [38:10<11:52,  2.16s/it][A
re-ranking t2g:  76%|███████▋  | 1062/1391 [38:12<11:49,  2.16s/it][A
re-ranking t2g:  76%|███████▋  | 1063/1391 [38:14<11:47,  2.16s/it][A
re-ranking t2g:  76%|███████▋  | 1064/1391 [38:16<11:46,  2.16s/it][A
re-ranking t2g:  77%|███████▋  | 1065/1391 [38:18<11:43,  2.16s/it][A
re-ranking t2g:  77%|███████▋  | 1066/1391 [38:20<11:40,  2.16s/it][A
re-ranking t2g:  77%|███████▋  | 1067/1391 [38:23<11:38,  2.15s/it][A
re-ranking t2g:  77%|███████▋  | 1068/1391 [38:25<11:36,  2.16s/it][A
re-ranking t2g:  77%|███████▋  | 1069/1391 [38:27<11:34,  2.16s/it][A
re-ranking t2g:  77%|███████▋  | 1070/1391 [38:29<11:31,  2.15s/it][A
re-ranking t2g:  77%|███████▋  | 1071/1391 [38:31<11:29,  2.16s/it][A
re-ranking t2g:  77%|███████▋  | 1072/1391 [38:33<11:28,  2.16s/it][A
re-ranking t2g:  77%|███████▋  | 1073/1391 [38:35<11:25,  2.16s/it][A
re-ranking t2g:  77%|███████▋  | 1074/1391 [38:38<11:23,  2.16s/it][A
re-ranking t2g:  77%|███████▋  | 1075/1391 [38:40<11:20,  2.15s/it][A
re-ranking t2g:  77%|███████▋  | 1076/1391 [38:42<11:19,  2.16s/it][A
re-ranking t2g:  77%|███████▋  | 1077/1391 [38:44<11:16,  2.16s/it][A
re-ranking t2g:  77%|███████▋  | 1078/1391 [38:46<11:14,  2.16s/it][A
re-ranking t2g:  78%|███████▊  | 1079/1391 [38:48<11:12,  2.15s/it][A
re-ranking t2g:  78%|███████▊  | 1080/1391 [38:51<11:11,  2.16s/it][A
re-ranking t2g:  78%|███████▊  | 1081/1391 [38:53<11:08,  2.16s/it][A
re-ranking t2g:  78%|███████▊  | 1082/1391 [38:55<11:05,  2.16s/it][A
re-ranking t2g:  78%|███████▊  | 1083/1391 [38:57<11:03,  2.15s/it][A
re-ranking t2g:  78%|███████▊  | 1084/1391 [38:59<11:02,  2.16s/it][A
re-ranking t2g:  78%|███████▊  | 1085/1391 [39:01<10:59,  2.16s/it][A
re-ranking t2g:  78%|███████▊  | 1086/1391 [39:03<10:57,  2.16s/it][A
re-ranking t2g:  78%|███████▊  | 1087/1391 [39:06<10:55,  2.16s/it][A
re-ranking t2g:  78%|███████▊  | 1088/1391 [39:08<10:54,  2.16s/it][A
re-ranking t2g:  78%|███████▊  | 1089/1391 [39:10<10:52,  2.16s/it][A
re-ranking t2g:  78%|███████▊  | 1090/1391 [39:12<10:49,  2.16s/it][A
re-ranking t2g:  78%|███████▊  | 1091/1391 [39:14<10:46,  2.16s/it][A
re-ranking t2g:  79%|███████▊  | 1092/1391 [39:16<10:45,  2.16s/it][A
re-ranking t2g:  79%|███████▊  | 1093/1391 [39:19<10:42,  2.16s/it][A
re-ranking t2g:  79%|███████▊  | 1094/1391 [39:21<10:40,  2.16s/it][A
re-ranking t2g:  79%|███████▊  | 1095/1391 [39:23<10:37,  2.16s/it][A
re-ranking t2g:  79%|███████▉  | 1096/1391 [39:25<10:37,  2.16s/it][A
re-ranking t2g:  79%|███████▉  | 1097/1391 [39:27<10:35,  2.16s/it][A
re-ranking t2g:  79%|███████▉  | 1098/1391 [39:29<10:34,  2.16s/it][A
re-ranking t2g:  79%|███████▉  | 1099/1391 [39:32<10:32,  2.17s/it][A
re-ranking t2g:  79%|███████▉  | 1100/1391 [39:34<10:30,  2.17s/it][A
re-ranking t2g:  79%|███████▉  | 1101/1391 [39:36<10:27,  2.16s/it][A
re-ranking t2g:  79%|███████▉  | 1102/1391 [39:38<10:24,  2.16s/it][A
re-ranking t2g:  79%|███████▉  | 1103/1391 [39:40<10:21,  2.16s/it][A
re-ranking t2g:  79%|███████▉  | 1104/1391 [39:42<10:20,  2.16s/it][A
re-ranking t2g:  79%|███████▉  | 1105/1391 [39:45<10:17,  2.16s/it][A
re-ranking t2g:  80%|███████▉  | 1106/1391 [39:47<10:14,  2.16s/it][A
re-ranking t2g:  80%|███████▉  | 1107/1391 [39:49<10:11,  2.15s/it][A
re-ranking t2g:  80%|███████▉  | 1108/1391 [39:51<10:11,  2.16s/it][A
re-ranking t2g:  80%|███████▉  | 1109/1391 [39:53<10:08,  2.16s/it][A
re-ranking t2g:  80%|███████▉  | 1110/1391 [39:55<10:05,  2.16s/it][A
re-ranking t2g:  80%|███████▉  | 1111/1391 [39:57<10:03,  2.15s/it][A
re-ranking t2g:  80%|███████▉  | 1112/1391 [40:00<10:01,  2.16s/it][A
re-ranking t2g:  80%|████████  | 1113/1391 [40:02<09:59,  2.16s/it][A
re-ranking t2g:  80%|████████  | 1114/1391 [40:04<09:56,  2.16s/it][A
re-ranking t2g:  80%|████████  | 1115/1391 [40:06<09:54,  2.15s/it][A
re-ranking t2g:  80%|████████  | 1116/1391 [40:08<09:53,  2.16s/it][A
re-ranking t2g:  80%|████████  | 1117/1391 [40:10<09:51,  2.16s/it][A
re-ranking t2g:  80%|████████  | 1118/1391 [40:13<09:48,  2.15s/it][A
re-ranking t2g:  80%|████████  | 1119/1391 [40:15<09:45,  2.15s/it][A
re-ranking t2g:  81%|████████  | 1120/1391 [40:17<09:44,  2.16s/it][A
re-ranking t2g:  81%|████████  | 1121/1391 [40:19<09:41,  2.16s/it][A
re-ranking t2g:  81%|████████  | 1122/1391 [40:21<09:39,  2.15s/it][A
re-ranking t2g:  81%|████████  | 1123/1391 [40:23<09:37,  2.15s/it][A
re-ranking t2g:  81%|████████  | 1124/1391 [40:25<09:35,  2.16s/it][A
re-ranking t2g:  81%|████████  | 1125/1391 [40:28<09:33,  2.16s/it][A
re-ranking t2g:  81%|████████  | 1126/1391 [40:30<09:30,  2.15s/it][A
re-ranking t2g:  81%|████████  | 1127/1391 [40:32<09:28,  2.15s/it][A
re-ranking t2g:  81%|████████  | 1128/1391 [40:34<09:27,  2.16s/it][A
re-ranking t2g:  81%|████████  | 1129/1391 [40:36<09:24,  2.16s/it][A
re-ranking t2g:  81%|████████  | 1130/1391 [40:38<09:21,  2.15s/it][A
re-ranking t2g:  81%|████████▏ | 1131/1391 [40:41<09:19,  2.15s/it][A
re-ranking t2g:  81%|████████▏ | 1132/1391 [40:43<09:18,  2.16s/it][A
re-ranking t2g:  81%|████████▏ | 1133/1391 [40:45<09:15,  2.15s/it][A
re-ranking t2g:  82%|████████▏ | 1134/1391 [40:47<09:13,  2.15s/it][A
re-ranking t2g:  82%|████████▏ | 1135/1391 [40:49<09:10,  2.15s/it][A
re-ranking t2g:  82%|████████▏ | 1136/1391 [40:51<09:09,  2.16s/it][A
re-ranking t2g:  82%|████████▏ | 1137/1391 [40:53<09:07,  2.15s/it][A
re-ranking t2g:  82%|████████▏ | 1138/1391 [40:56<09:04,  2.15s/it][A
re-ranking t2g:  82%|████████▏ | 1139/1391 [40:58<09:02,  2.15s/it][A
re-ranking t2g:  82%|████████▏ | 1140/1391 [41:00<09:01,  2.16s/it][A
re-ranking t2g:  82%|████████▏ | 1141/1391 [41:02<08:58,  2.15s/it][A
re-ranking t2g:  82%|████████▏ | 1142/1391 [41:04<08:55,  2.15s/it][A
re-ranking t2g:  82%|████████▏ | 1143/1391 [41:06<08:52,  2.15s/it][A
re-ranking t2g:  82%|████████▏ | 1144/1391 [41:09<08:51,  2.15s/it][A
re-ranking t2g:  82%|████████▏ | 1145/1391 [41:11<08:48,  2.15s/it][A
re-ranking t2g:  82%|████████▏ | 1146/1391 [41:13<08:47,  2.15s/it][A
re-ranking t2g:  82%|████████▏ | 1147/1391 [41:15<08:44,  2.15s/it][A
re-ranking t2g:  83%|████████▎ | 1148/1391 [41:17<08:44,  2.16s/it][A
re-ranking t2g:  83%|████████▎ | 1149/1391 [41:19<08:41,  2.15s/it][A
re-ranking t2g:  83%|████████▎ | 1150/1391 [41:21<08:38,  2.15s/it][A
re-ranking t2g:  83%|████████▎ | 1151/1391 [41:24<08:36,  2.15s/it][A
re-ranking t2g:  83%|████████▎ | 1152/1391 [41:26<08:35,  2.15s/it][A
re-ranking t2g:  83%|████████▎ | 1153/1391 [41:28<08:32,  2.15s/it][A
re-ranking t2g:  83%|████████▎ | 1154/1391 [41:30<08:30,  2.15s/it][A
re-ranking t2g:  83%|████████▎ | 1155/1391 [41:32<08:28,  2.15s/it][A
re-ranking t2g:  83%|████████▎ | 1156/1391 [41:34<08:27,  2.16s/it][A
re-ranking t2g:  83%|████████▎ | 1157/1391 [41:37<08:24,  2.16s/it][A
re-ranking t2g:  83%|████████▎ | 1158/1391 [41:39<08:22,  2.16s/it][A
re-ranking t2g:  83%|████████▎ | 1159/1391 [41:41<08:19,  2.15s/it][A
re-ranking t2g:  83%|████████▎ | 1160/1391 [41:43<08:18,  2.16s/it][A
re-ranking t2g:  83%|████████▎ | 1161/1391 [41:45<08:15,  2.15s/it][A
re-ranking t2g:  84%|████████▎ | 1162/1391 [41:47<08:13,  2.15s/it][A
re-ranking t2g:  84%|████████▎ | 1163/1391 [41:49<08:11,  2.15s/it][A
re-ranking t2g:  84%|████████▎ | 1164/1391 [41:52<08:09,  2.16s/it][A
re-ranking t2g:  84%|████████▍ | 1165/1391 [41:54<08:07,  2.16s/it][A
re-ranking t2g:  84%|████████▍ | 1166/1391 [41:56<08:04,  2.16s/it][A
re-ranking t2g:  84%|████████▍ | 1167/1391 [41:58<08:02,  2.15s/it][A
re-ranking t2g:  84%|████████▍ | 1168/1391 [42:00<08:01,  2.16s/it][A
re-ranking t2g:  84%|████████▍ | 1169/1391 [42:02<07:58,  2.15s/it][A
re-ranking t2g:  84%|████████▍ | 1170/1391 [42:05<07:56,  2.15s/it][A
re-ranking t2g:  84%|████████▍ | 1171/1391 [42:07<07:53,  2.15s/it][A
re-ranking t2g:  84%|████████▍ | 1172/1391 [42:09<07:52,  2.16s/it][A
re-ranking t2g:  84%|████████▍ | 1173/1391 [42:11<07:50,  2.16s/it][A
re-ranking t2g:  84%|████████▍ | 1174/1391 [42:13<07:47,  2.15s/it][A
re-ranking t2g:  84%|████████▍ | 1175/1391 [42:15<07:45,  2.15s/it][A
re-ranking t2g:  85%|████████▍ | 1176/1391 [42:18<07:43,  2.16s/it][A
re-ranking t2g:  85%|████████▍ | 1177/1391 [42:20<07:41,  2.15s/it][A
re-ranking t2g:  85%|████████▍ | 1178/1391 [42:22<07:38,  2.15s/it][A
re-ranking t2g:  85%|████████▍ | 1179/1391 [42:24<07:36,  2.15s/it][A
re-ranking t2g:  85%|████████▍ | 1180/1391 [42:26<07:35,  2.16s/it][A
re-ranking t2g:  85%|████████▍ | 1181/1391 [42:28<07:32,  2.16s/it][A
re-ranking t2g:  85%|████████▍ | 1182/1391 [42:30<07:29,  2.15s/it][A
re-ranking t2g:  85%|████████▌ | 1183/1391 [42:33<07:27,  2.15s/it][A
re-ranking t2g:  85%|████████▌ | 1184/1391 [42:35<07:26,  2.16s/it][A
re-ranking t2g:  85%|████████▌ | 1185/1391 [42:37<07:24,  2.16s/it][A
re-ranking t2g:  85%|████████▌ | 1186/1391 [42:39<07:21,  2.16s/it][A
re-ranking t2g:  85%|████████▌ | 1187/1391 [42:41<07:19,  2.15s/it][A
re-ranking t2g:  85%|████████▌ | 1188/1391 [42:43<07:18,  2.16s/it][A
re-ranking t2g:  85%|████████▌ | 1189/1391 [42:46<07:15,  2.16s/it][A
re-ranking t2g:  86%|████████▌ | 1190/1391 [42:48<07:13,  2.15s/it][A
re-ranking t2g:  86%|████████▌ | 1191/1391 [42:50<07:10,  2.15s/it][A
re-ranking t2g:  86%|████████▌ | 1192/1391 [42:52<07:09,  2.16s/it][A
re-ranking t2g:  86%|████████▌ | 1193/1391 [42:54<07:06,  2.15s/it][A
re-ranking t2g:  86%|████████▌ | 1194/1391 [42:56<07:04,  2.15s/it][A
re-ranking t2g:  86%|████████▌ | 1195/1391 [42:58<07:02,  2.15s/it][A
re-ranking t2g:  86%|████████▌ | 1196/1391 [43:01<07:01,  2.16s/it][A
re-ranking t2g:  86%|████████▌ | 1197/1391 [43:03<06:58,  2.16s/it][A
re-ranking t2g:  86%|████████▌ | 1198/1391 [43:05<06:56,  2.16s/it][A
re-ranking t2g:  86%|████████▌ | 1199/1391 [43:07<06:53,  2.16s/it][A
re-ranking t2g:  86%|████████▋ | 1200/1391 [43:09<06:52,  2.16s/it][A
re-ranking t2g:  86%|████████▋ | 1201/1391 [43:11<06:49,  2.16s/it][A
re-ranking t2g:  86%|████████▋ | 1202/1391 [43:14<06:47,  2.15s/it][A
re-ranking t2g:  86%|████████▋ | 1203/1391 [43:16<06:45,  2.16s/it][A
re-ranking t2g:  87%|████████▋ | 1204/1391 [43:18<06:43,  2.16s/it][A
re-ranking t2g:  87%|████████▋ | 1205/1391 [43:20<06:41,  2.16s/it][A
re-ranking t2g:  87%|████████▋ | 1206/1391 [43:22<06:38,  2.16s/it][A
re-ranking t2g:  87%|████████▋ | 1207/1391 [43:24<06:36,  2.16s/it][A
re-ranking t2g:  87%|████████▋ | 1208/1391 [43:26<06:35,  2.16s/it][A
re-ranking t2g:  87%|████████▋ | 1209/1391 [43:29<06:32,  2.16s/it][A
re-ranking t2g:  87%|████████▋ | 1210/1391 [43:31<06:30,  2.16s/it][A
re-ranking t2g:  87%|████████▋ | 1211/1391 [43:33<06:27,  2.15s/it][A
re-ranking t2g:  87%|████████▋ | 1212/1391 [43:35<06:26,  2.16s/it][A
re-ranking t2g:  87%|████████▋ | 1213/1391 [43:37<06:23,  2.16s/it][A
re-ranking t2g:  87%|████████▋ | 1214/1391 [43:39<06:21,  2.16s/it][A
re-ranking t2g:  87%|████████▋ | 1215/1391 [43:42<06:19,  2.16s/it][A
re-ranking t2g:  87%|████████▋ | 1216/1391 [43:44<06:18,  2.16s/it][A
re-ranking t2g:  87%|████████▋ | 1217/1391 [43:46<06:16,  2.16s/it][A
re-ranking t2g:  88%|████████▊ | 1218/1391 [43:48<06:13,  2.16s/it][A
re-ranking t2g:  88%|████████▊ | 1219/1391 [43:50<06:11,  2.16s/it][A
re-ranking t2g:  88%|████████▊ | 1220/1391 [43:52<06:09,  2.16s/it][A
re-ranking t2g:  88%|████████▊ | 1221/1391 [43:55<06:07,  2.16s/it][A
re-ranking t2g:  88%|████████▊ | 1222/1391 [43:57<06:04,  2.16s/it][A
re-ranking t2g:  88%|████████▊ | 1223/1391 [43:59<06:02,  2.16s/it][A
re-ranking t2g:  88%|████████▊ | 1224/1391 [44:01<06:00,  2.16s/it][A
re-ranking t2g:  88%|████████▊ | 1225/1391 [44:03<05:58,  2.16s/it][A
re-ranking t2g:  88%|████████▊ | 1226/1391 [44:05<05:55,  2.16s/it][A
re-ranking t2g:  88%|████████▊ | 1227/1391 [44:07<05:53,  2.16s/it][A
re-ranking t2g:  88%|████████▊ | 1228/1391 [44:10<05:51,  2.16s/it][A
re-ranking t2g:  88%|████████▊ | 1229/1391 [44:12<05:49,  2.16s/it][A
re-ranking t2g:  88%|████████▊ | 1230/1391 [44:14<05:46,  2.15s/it][A
re-ranking t2g:  88%|████████▊ | 1231/1391 [44:16<05:44,  2.16s/it][A
re-ranking t2g:  89%|████████▊ | 1232/1391 [44:18<05:43,  2.16s/it][A
re-ranking t2g:  89%|████████▊ | 1233/1391 [44:20<05:41,  2.16s/it][A
re-ranking t2g:  89%|████████▊ | 1234/1391 [44:23<05:38,  2.16s/it][A
re-ranking t2g:  89%|████████▉ | 1235/1391 [44:25<05:36,  2.15s/it][A
re-ranking t2g:  89%|████████▉ | 1236/1391 [44:27<05:34,  2.16s/it][A
re-ranking t2g:  89%|████████▉ | 1237/1391 [44:29<05:31,  2.15s/it][A
re-ranking t2g:  89%|████████▉ | 1238/1391 [44:31<05:29,  2.15s/it][A
re-ranking t2g:  89%|████████▉ | 1239/1391 [44:33<05:27,  2.15s/it][A
re-ranking t2g:  89%|████████▉ | 1240/1391 [44:36<05:25,  2.16s/it][A
re-ranking t2g:  89%|████████▉ | 1241/1391 [44:38<05:23,  2.16s/it][A
re-ranking t2g:  89%|████████▉ | 1242/1391 [44:40<05:21,  2.16s/it][A
re-ranking t2g:  89%|████████▉ | 1243/1391 [44:42<05:19,  2.16s/it][A
re-ranking t2g:  89%|████████▉ | 1244/1391 [44:44<05:17,  2.16s/it][A
re-ranking t2g:  90%|████████▉ | 1245/1391 [44:46<05:15,  2.16s/it][A
re-ranking t2g:  90%|████████▉ | 1246/1391 [44:48<05:13,  2.16s/it][A
re-ranking t2g:  90%|████████▉ | 1247/1391 [44:51<05:10,  2.16s/it][A
re-ranking t2g:  90%|████████▉ | 1248/1391 [44:53<05:08,  2.16s/it][A
re-ranking t2g:  90%|████████▉ | 1249/1391 [44:55<05:06,  2.16s/it][A
re-ranking t2g:  90%|████████▉ | 1250/1391 [44:57<05:03,  2.15s/it][A
re-ranking t2g:  90%|████████▉ | 1251/1391 [44:59<05:01,  2.16s/it][A
re-ranking t2g:  90%|█████████ | 1252/1391 [45:01<05:00,  2.16s/it][A
re-ranking t2g:  90%|█████████ | 1253/1391 [45:04<04:57,  2.16s/it][A
re-ranking t2g:  90%|█████████ | 1254/1391 [45:06<04:55,  2.16s/it][A
re-ranking t2g:  90%|█████████ | 1255/1391 [45:08<04:53,  2.16s/it][A
re-ranking t2g:  90%|█████████ | 1256/1391 [45:10<04:51,  2.16s/it][A
re-ranking t2g:  90%|█████████ | 1257/1391 [45:12<04:49,  2.16s/it][A
re-ranking t2g:  90%|█████████ | 1258/1391 [45:14<04:46,  2.16s/it][A
re-ranking t2g:  91%|█████████ | 1259/1391 [45:17<04:44,  2.16s/it][A
re-ranking t2g:  91%|█████████ | 1260/1391 [45:19<04:43,  2.16s/it][A
re-ranking t2g:  91%|█████████ | 1261/1391 [45:21<04:40,  2.16s/it][A
re-ranking t2g:  91%|█████████ | 1262/1391 [45:23<04:38,  2.16s/it][A
re-ranking t2g:  91%|█████████ | 1263/1391 [45:25<04:36,  2.16s/it][A
re-ranking t2g:  91%|█████████ | 1264/1391 [45:27<04:34,  2.16s/it][A
re-ranking t2g:  91%|█████████ | 1265/1391 [45:29<04:31,  2.16s/it][A
re-ranking t2g:  91%|█████████ | 1266/1391 [45:32<04:29,  2.16s/it][A
re-ranking t2g:  91%|█████████ | 1267/1391 [45:34<04:26,  2.15s/it][A
re-ranking t2g:  91%|█████████ | 1268/1391 [45:36<04:25,  2.16s/it][A
re-ranking t2g:  91%|█████████ | 1269/1391 [45:38<04:23,  2.16s/it][A
re-ranking t2g:  91%|█████████▏| 1270/1391 [45:40<04:20,  2.16s/it][A
re-ranking t2g:  91%|█████████▏| 1271/1391 [45:42<04:18,  2.16s/it][A
re-ranking t2g:  91%|█████████▏| 1272/1391 [45:45<04:16,  2.16s/it][A
re-ranking t2g:  92%|█████████▏| 1273/1391 [45:47<04:14,  2.16s/it][A
re-ranking t2g:  92%|█████████▏| 1274/1391 [45:49<04:12,  2.16s/it][A
re-ranking t2g:  92%|█████████▏| 1275/1391 [45:51<04:09,  2.15s/it][A
re-ranking t2g:  92%|█████████▏| 1276/1391 [45:53<04:08,  2.16s/it][A
re-ranking t2g:  92%|█████████▏| 1277/1391 [45:55<04:05,  2.16s/it][A
re-ranking t2g:  92%|█████████▏| 1278/1391 [45:58<04:03,  2.16s/it][A
re-ranking t2g:  92%|█████████▏| 1279/1391 [46:00<04:01,  2.16s/it][A
re-ranking t2g:  92%|█████████▏| 1280/1391 [46:02<03:59,  2.16s/it][A
re-ranking t2g:  92%|█████████▏| 1281/1391 [46:04<03:57,  2.16s/it][A
re-ranking t2g:  92%|█████████▏| 1282/1391 [46:06<03:55,  2.16s/it][A
re-ranking t2g:  92%|█████████▏| 1283/1391 [46:08<03:52,  2.16s/it][A
re-ranking t2g:  92%|█████████▏| 1284/1391 [46:10<03:50,  2.16s/it][A
re-ranking t2g:  92%|█████████▏| 1285/1391 [46:13<03:48,  2.16s/it][A
re-ranking t2g:  92%|█████████▏| 1286/1391 [46:15<03:46,  2.16s/it][A
re-ranking t2g:  93%|█████████▎| 1287/1391 [46:17<03:44,  2.16s/it][A
re-ranking t2g:  93%|█████████▎| 1288/1391 [46:19<03:42,  2.16s/it][A
re-ranking t2g:  93%|█████████▎| 1289/1391 [46:21<03:40,  2.16s/it][A
re-ranking t2g:  93%|█████████▎| 1290/1391 [46:23<03:37,  2.16s/it][A
re-ranking t2g:  93%|█████████▎| 1291/1391 [46:26<03:35,  2.16s/it][A
re-ranking t2g:  93%|█████████▎| 1292/1391 [46:28<03:33,  2.16s/it][A
re-ranking t2g:  93%|█████████▎| 1293/1391 [46:30<03:31,  2.16s/it][A
re-ranking t2g:  93%|█████████▎| 1294/1391 [46:32<03:29,  2.16s/it][A
re-ranking t2g:  93%|█████████▎| 1295/1391 [46:34<03:26,  2.15s/it][A
re-ranking t2g:  93%|█████████▎| 1296/1391 [46:36<03:25,  2.16s/it][A
re-ranking t2g:  93%|█████████▎| 1297/1391 [46:39<03:23,  2.16s/it][A
re-ranking t2g:  93%|█████████▎| 1298/1391 [46:41<03:20,  2.16s/it][A
re-ranking t2g:  93%|█████████▎| 1299/1391 [46:43<03:18,  2.16s/it][A
re-ranking t2g:  93%|█████████▎| 1300/1391 [46:45<03:16,  2.16s/it][A
re-ranking t2g:  94%|█████████▎| 1301/1391 [46:47<03:14,  2.16s/it][A
re-ranking t2g:  94%|█████████▎| 1302/1391 [46:49<03:12,  2.16s/it][A
re-ranking t2g:  94%|█████████▎| 1303/1391 [46:51<03:09,  2.16s/it][A
re-ranking t2g:  94%|█████████▎| 1304/1391 [46:54<03:07,  2.16s/it][A
re-ranking t2g:  94%|█████████▍| 1305/1391 [46:56<03:05,  2.16s/it][A
re-ranking t2g:  94%|█████████▍| 1306/1391 [46:58<03:03,  2.16s/it][A
re-ranking t2g:  94%|█████████▍| 1307/1391 [47:00<03:00,  2.15s/it][A
re-ranking t2g:  94%|█████████▍| 1308/1391 [47:02<02:59,  2.16s/it][A
re-ranking t2g:  94%|█████████▍| 1309/1391 [47:04<02:56,  2.16s/it][A
re-ranking t2g:  94%|█████████▍| 1310/1391 [47:07<02:54,  2.16s/it][A
re-ranking t2g:  94%|█████████▍| 1311/1391 [47:09<02:52,  2.15s/it][A
re-ranking t2g:  94%|█████████▍| 1312/1391 [47:11<02:50,  2.16s/it][A
re-ranking t2g:  94%|█████████▍| 1313/1391 [47:13<02:48,  2.16s/it][A
re-ranking t2g:  94%|█████████▍| 1314/1391 [47:15<02:46,  2.16s/it][A
re-ranking t2g:  95%|█████████▍| 1315/1391 [47:17<02:43,  2.16s/it][A
re-ranking t2g:  95%|█████████▍| 1316/1391 [47:20<02:41,  2.16s/it][A
re-ranking t2g:  95%|█████████▍| 1317/1391 [47:22<02:39,  2.16s/it][A
re-ranking t2g:  95%|█████████▍| 1318/1391 [47:24<02:37,  2.15s/it][A
re-ranking t2g:  95%|█████████▍| 1319/1391 [47:26<02:35,  2.15s/it][A
re-ranking t2g:  95%|█████████▍| 1320/1391 [47:28<02:33,  2.16s/it][A
re-ranking t2g:  95%|█████████▍| 1321/1391 [47:30<02:30,  2.15s/it][A
re-ranking t2g:  95%|█████████▌| 1322/1391 [47:32<02:28,  2.15s/it][A
re-ranking t2g:  95%|█████████▌| 1323/1391 [47:35<02:26,  2.15s/it][A
re-ranking t2g:  95%|█████████▌| 1324/1391 [47:37<02:24,  2.16s/it][A
re-ranking t2g:  95%|█████████▌| 1325/1391 [47:39<02:22,  2.16s/it][A
re-ranking t2g:  95%|█████████▌| 1326/1391 [47:41<02:20,  2.15s/it][A
re-ranking t2g:  95%|█████████▌| 1327/1391 [47:43<02:17,  2.15s/it][A
re-ranking t2g:  95%|█████████▌| 1328/1391 [47:45<02:15,  2.16s/it][A
re-ranking t2g:  96%|█████████▌| 1329/1391 [47:48<02:13,  2.16s/it][A
re-ranking t2g:  96%|█████████▌| 1330/1391 [47:50<02:11,  2.15s/it][A
re-ranking t2g:  96%|█████████▌| 1331/1391 [47:52<02:09,  2.15s/it][A
re-ranking t2g:  96%|█████████▌| 1332/1391 [47:54<02:07,  2.16s/it][A
re-ranking t2g:  96%|█████████▌| 1333/1391 [47:56<02:05,  2.16s/it][A
re-ranking t2g:  96%|█████████▌| 1334/1391 [47:58<02:02,  2.16s/it][A
re-ranking t2g:  96%|█████████▌| 1335/1391 [48:00<02:00,  2.15s/it][A
re-ranking t2g:  96%|█████████▌| 1336/1391 [48:03<01:58,  2.16s/it][A
re-ranking t2g:  96%|█████████▌| 1337/1391 [48:05<01:56,  2.16s/it][A
re-ranking t2g:  96%|█████████▌| 1338/1391 [48:07<01:54,  2.16s/it][A
re-ranking t2g:  96%|█████████▋| 1339/1391 [48:09<01:52,  2.16s/it][A
re-ranking t2g:  96%|█████████▋| 1340/1391 [48:11<01:50,  2.16s/it][A
re-ranking t2g:  96%|█████████▋| 1341/1391 [48:13<01:48,  2.16s/it][A
re-ranking t2g:  96%|█████████▋| 1342/1391 [48:16<01:46,  2.17s/it][A
re-ranking t2g:  97%|█████████▋| 1343/1391 [48:18<01:43,  2.16s/it][A
re-ranking t2g:  97%|█████████▋| 1344/1391 [48:20<01:41,  2.16s/it][A
re-ranking t2g:  97%|█████████▋| 1345/1391 [48:22<01:39,  2.16s/it][A
re-ranking t2g:  97%|█████████▋| 1346/1391 [48:24<01:37,  2.16s/it][A
re-ranking t2g:  97%|█████████▋| 1347/1391 [48:26<01:34,  2.16s/it][A
re-ranking t2g:  97%|█████████▋| 1348/1391 [48:29<01:32,  2.16s/it][A
re-ranking t2g:  97%|█████████▋| 1349/1391 [48:31<01:30,  2.16s/it][A
re-ranking t2g:  97%|█████████▋| 1350/1391 [48:33<01:28,  2.16s/it][A
re-ranking t2g:  97%|█████████▋| 1351/1391 [48:35<01:26,  2.15s/it][A
re-ranking t2g:  97%|█████████▋| 1352/1391 [48:37<01:24,  2.16s/it][A
re-ranking t2g:  97%|█████████▋| 1353/1391 [48:39<01:21,  2.16s/it][A
re-ranking t2g:  97%|█████████▋| 1354/1391 [48:41<01:19,  2.15s/it][A
re-ranking t2g:  97%|█████████▋| 1355/1391 [48:44<01:17,  2.15s/it][A
re-ranking t2g:  97%|█████████▋| 1356/1391 [48:46<01:15,  2.16s/it][A
re-ranking t2g:  98%|█████████▊| 1357/1391 [48:48<01:13,  2.16s/it][A
re-ranking t2g:  98%|█████████▊| 1358/1391 [48:50<01:11,  2.16s/it][A
re-ranking t2g:  98%|█████████▊| 1359/1391 [48:52<01:08,  2.15s/it][A
re-ranking t2g:  98%|█████████▊| 1360/1391 [48:54<01:06,  2.16s/it][A
re-ranking t2g:  98%|█████████▊| 1361/1391 [48:57<01:04,  2.16s/it][A
re-ranking t2g:  98%|█████████▊| 1362/1391 [48:59<01:02,  2.16s/it][A
re-ranking t2g:  98%|█████████▊| 1363/1391 [49:01<01:00,  2.16s/it][A
re-ranking t2g:  98%|█████████▊| 1364/1391 [49:03<00:58,  2.16s/it][A
re-ranking t2g:  98%|█████████▊| 1365/1391 [49:05<00:56,  2.15s/it][A
re-ranking t2g:  98%|█████████▊| 1366/1391 [49:07<00:53,  2.15s/it][A
re-ranking t2g:  98%|█████████▊| 1367/1391 [49:09<00:51,  2.15s/it][A
re-ranking t2g:  98%|█████████▊| 1368/1391 [49:12<00:49,  2.16s/it][A
re-ranking t2g:  98%|█████████▊| 1369/1391 [49:14<00:47,  2.16s/it][A
re-ranking t2g:  98%|█████████▊| 1370/1391 [49:16<00:45,  2.15s/it][A
re-ranking t2g:  99%|█████████▊| 1371/1391 [49:18<00:43,  2.15s/it][A
re-ranking t2g:  99%|█████████▊| 1372/1391 [49:20<00:40,  2.15s/it][A
re-ranking t2g:  99%|█████████▊| 1373/1391 [49:22<00:38,  2.15s/it][A
re-ranking t2g:  99%|█████████▉| 1374/1391 [49:25<00:36,  2.15s/it][A
re-ranking t2g:  99%|█████████▉| 1375/1391 [49:27<00:34,  2.15s/it][A
re-ranking t2g:  99%|█████████▉| 1376/1391 [49:29<00:32,  2.16s/it][A
re-ranking t2g:  99%|█████████▉| 1377/1391 [49:31<00:30,  2.16s/it][A
re-ranking t2g:  99%|█████████▉| 1378/1391 [49:33<00:28,  2.15s/it][A
re-ranking t2g:  99%|█████████▉| 1379/1391 [49:35<00:25,  2.15s/it][A
re-ranking t2g:  99%|█████████▉| 1380/1391 [49:38<00:23,  2.16s/it][A
re-ranking t2g:  99%|█████████▉| 1381/1391 [49:40<00:21,  2.16s/it][A
re-ranking t2g:  99%|█████████▉| 1382/1391 [49:42<00:19,  2.16s/it][A
re-ranking t2g:  99%|█████████▉| 1383/1391 [49:44<00:17,  2.16s/it][A
re-ranking t2g:  99%|█████████▉| 1384/1391 [49:46<00:15,  2.16s/it][A
re-ranking t2g: 100%|█████████▉| 1385/1391 [49:48<00:12,  2.17s/it][A
re-ranking t2g: 100%|█████████▉| 1386/1391 [49:51<00:10,  2.17s/it][A
re-ranking t2g: 100%|█████████▉| 1387/1391 [49:53<00:08,  2.16s/it][A
re-ranking t2g: 100%|█████████▉| 1388/1391 [49:55<00:06,  2.17s/it][A
re-ranking t2g: 100%|█████████▉| 1389/1391 [49:57<00:04,  2.16s/it][A
re-ranking t2g: 100%|█████████▉| 1390/1391 [49:59<00:02,  2.16s/it][A
re-ranking t2g: 100%|██████████| 1391/1391 [50:00<00:00,  1.83s/it][A
re-ranking t2g: 100%|██████████| 1391/1391 [50:00<00:00,  2.16s/it]
