Seed set to 42
/home/mllp26_team007/molca_env/lib/python3.10/site-packages/transformers/tokenization_utils_base.py:1601: FutureWarning: `clean_up_tokenization_spaces` was not set. It will be set to `True` by default. This behavior will be depracted in transformers v4.45, and will be then set to `False` by default. For more details check this issue: https://github.com/huggingface/transformers/issues/31884
  warnings.warn(
Using 16bit Automatic Mixed Precision (AMP)
GPU available: True (cuda), used: True
TPU available: False, using: 0 TPU cores
HPU available: False, using: 0 HPUs
LOCAL_RANK: 0 - CUDA_VISIBLE_DEVICES: [GPU-5d3dd972-423b-8021-c817-8b2b0bb88fa4]
  0%|          | 0/24 [00:00<?, ?it/s][A
  4%|▍         | 1/24 [00:18<06:55, 18.07s/it][A
  8%|▊         | 2/24 [00:35<06:25, 17.53s/it][A
 12%|█▎        | 3/24 [00:53<06:10, 17.65s/it][A
 17%|█▋        | 4/24 [01:09<05:47, 17.36s/it][A
 21%|██        | 5/24 [01:27<05:28, 17.31s/it][A
 25%|██▌       | 6/24 [01:45<05:19, 17.73s/it][A
 29%|██▉       | 7/24 [02:03<05:03, 17.84s/it][A
 33%|███▎      | 8/24 [02:22<04:48, 18.01s/it][A
 38%|███▊      | 9/24 [02:40<04:32, 18.16s/it][A
 42%|████▏     | 10/24 [02:58<04:13, 18.09s/it][A
 46%|████▌     | 11/24 [03:16<03:55, 18.12s/it][A
 50%|█████     | 12/24 [03:35<03:38, 18.19s/it][A
 54%|█████▍    | 13/24 [03:53<03:19, 18.12s/it][A
 58%|█████▊    | 14/24 [04:10<02:58, 17.83s/it][A
 62%|██████▎   | 15/24 [04:27<02:38, 17.65s/it][A
 67%|██████▋   | 16/24 [04:44<02:19, 17.49s/it][A
 71%|███████   | 17/24 [05:03<02:05, 17.91s/it][A
 75%|███████▌  | 18/24 [05:20<01:46, 17.70s/it][A
 79%|███████▉  | 19/24 [05:37<01:27, 17.48s/it][A
 83%|████████▎ | 20/24 [05:54<01:09, 17.36s/it][A
 88%|████████▊ | 21/24 [06:12<00:52, 17.53s/it][A
 92%|█████████▏| 22/24 [06:29<00:34, 17.46s/it][A
 96%|█████████▌| 23/24 [06:47<00:17, 17.41s/it][A
100%|██████████| 24/24 [06:50<00:00, 13.26s/it][A
100%|██████████| 24/24 [06:50<00:00, 17.12s/it]
  0%|          | 0/188 [00:00<?, ?it/s][A
 78%|███████▊  | 147/188 [00:00<00:00, 1467.41it/s][A
  0%|          | 0/47 [00:00<?, ?it/s][A
  2%|▏         | 1/47 [00:18<14:09, 18.46s/it][A
  4%|▍         | 2/47 [00:35<13:12, 17.61s/it][A
  6%|▋         | 3/47 [00:52<12:45, 17.39s/it][A
  9%|▊         | 4/47 [01:09<12:24, 17.31s/it][A
 11%|█         | 5/47 [01:26<12:03, 17.23s/it][A
 13%|█▎        | 6/47 [01:44<11:58, 17.53s/it][A
 15%|█▍        | 7/47 [02:02<11:35, 17.38s/it][A
 17%|█▋        | 8/47 [02:19<11:12, 17.25s/it][A
 19%|█▉        | 9/47 [02:37<11:05, 17.52s/it][A
 21%|██▏       | 10/47 [02:54<10:44, 17.43s/it][A
 23%|██▎       | 11/47 [03:11<10:26, 17.40s/it][A
 26%|██▌       | 12/47 [03:29<10:08, 17.38s/it][A
 28%|██▊       | 13/47 [03:46<09:47, 17.28s/it][A
 30%|██▉       | 14/47 [04:03<09:31, 17.32s/it][A
 32%|███▏      | 15/47 [04:20<09:12, 17.27s/it][A
 34%|███▍      | 16/47 [04:37<08:53, 17.21s/it][A
 36%|███▌      | 17/47 [04:54<08:35, 17.18s/it][A
 38%|███▊      | 18/47 [05:13<08:34, 17.74s/it][A
 40%|████      | 19/47 [05:32<08:21, 17.91s/it][A
 43%|████▎     | 20/47 [05:50<08:07, 18.06s/it][A
 45%|████▍     | 21/47 [06:08<07:51, 18.12s/it][A
 47%|████▋     | 22/47 [06:25<07:25, 17.80s/it][A
 49%|████▉     | 23/47 [06:42<07:01, 17.58s/it][A
 51%|█████     | 24/47 [07:00<06:46, 17.66s/it][A
 53%|█████▎    | 25/47 [07:18<06:26, 17.57s/it][A
 55%|█████▌    | 26/47 [07:35<06:06, 17.47s/it][A
 57%|█████▋    | 27/47 [07:52<05:49, 17.48s/it][A
 60%|█████▉    | 28/47 [08:11<05:38, 17.81s/it][A
 62%|██████▏   | 29/47 [08:28<05:16, 17.58s/it][A
 64%|██████▍   | 30/47 [08:45<04:56, 17.45s/it][A
 66%|██████▌   | 31/47 [09:02<04:38, 17.39s/it][A
 68%|██████▊   | 32/47 [09:20<04:19, 17.33s/it][A
 70%|███████   | 33/47 [09:37<04:02, 17.34s/it][A
 72%|███████▏  | 34/47 [09:55<03:49, 17.63s/it][A
 74%|███████▍  | 35/47 [10:13<03:32, 17.71s/it][A
 77%|███████▋  | 36/47 [10:30<03:13, 17.58s/it][A
 79%|███████▊  | 37/47 [10:48<02:54, 17.42s/it][A
 81%|████████  | 38/47 [11:06<02:40, 17.83s/it][A
 83%|████████▎ | 39/47 [11:23<02:21, 17.64s/it][A
 85%|████████▌ | 40/47 [11:42<02:05, 17.87s/it][A
 87%|████████▋ | 41/47 [12:00<01:48, 18.03s/it][A
 89%|████████▉ | 42/47 [12:17<01:28, 17.71s/it][A
 91%|█████████▏| 43/47 [12:34<01:10, 17.54s/it][A
 94%|█████████▎| 44/47 [12:51<00:52, 17.39s/it][A
 96%|█████████▌| 45/47 [13:09<00:34, 17.30s/it][A
 98%|█████████▊| 46/47 [13:27<00:17, 17.57s/it][A
100%|██████████| 47/47 [13:39<00:00, 16.03s/it][A
100%|██████████| 47/47 [13:39<00:00, 17.44s/it]
  0%|          | 0/375 [00:00<?, ?it/s][A
 21%|██        | 78/375 [00:00<00:00, 774.09it/s][A
 42%|████▏     | 156/375 [00:00<00:00, 769.19it/s][A
 62%|██████▏   | 233/375 [00:00<00:00, 767.65it/s][A
 83%|████████▎ | 310/375 [00:00<00:00, 767.13it/s][A
re-ranking g2t:   0%|          | 0/750 [00:00<?, ?it/s][A
re-ranking g2t:   0%|          | 1/750 [00:02<29:21,  2.35s/it][A
re-ranking g2t:   0%|          | 2/750 [00:04<29:18,  2.35s/it][A
re-ranking g2t:   0%|          | 3/750 [00:07<29:14,  2.35s/it][A
re-ranking g2t:   1%|          | 4/750 [00:09<29:11,  2.35s/it][A
re-ranking g2t:   1%|          | 5/750 [00:11<29:09,  2.35s/it][A
re-ranking g2t:   1%|          | 6/750 [00:14<29:06,  2.35s/it][A
re-ranking g2t:   1%|          | 7/750 [00:16<29:04,  2.35s/it][A
re-ranking g2t:   1%|          | 8/750 [00:18<29:01,  2.35s/it][A
re-ranking g2t:   1%|          | 9/750 [00:21<28:58,  2.35s/it][A
re-ranking g2t:   1%|▏         | 10/750 [00:23<28:55,  2.35s/it][A
re-ranking g2t:   1%|▏         | 11/750 [00:25<28:53,  2.35s/it][A
re-ranking g2t:   2%|▏         | 12/750 [00:28<28:51,  2.35s/it][A
re-ranking g2t:   2%|▏         | 13/750 [00:30<28:49,  2.35s/it][A
re-ranking g2t:   2%|▏         | 14/750 [00:32<28:48,  2.35s/it][A
re-ranking g2t:   2%|▏         | 15/750 [00:35<28:46,  2.35s/it][A
re-ranking g2t:   2%|▏         | 16/750 [00:37<28:42,  2.35s/it][A
re-ranking g2t:   2%|▏         | 17/750 [00:39<28:39,  2.35s/it][A
re-ranking g2t:   2%|▏         | 18/750 [00:42<28:37,  2.35s/it][A
re-ranking g2t:   3%|▎         | 19/750 [00:44<28:34,  2.35s/it][A
re-ranking g2t:   3%|▎         | 20/750 [00:46<28:32,  2.35s/it][A
re-ranking g2t:   3%|▎         | 21/750 [00:49<28:29,  2.35s/it][A
re-ranking g2t:   3%|▎         | 22/750 [00:51<28:27,  2.35s/it][A
re-ranking g2t:   3%|▎         | 23/750 [00:53<28:24,  2.34s/it][A
re-ranking g2t:   3%|▎         | 24/750 [00:56<28:22,  2.34s/it][A
re-ranking g2t:   3%|▎         | 25/750 [00:58<28:20,  2.35s/it][A
re-ranking g2t:   3%|▎         | 26/750 [01:01<28:18,  2.35s/it][A
re-ranking g2t:   4%|▎         | 27/750 [01:03<28:15,  2.35s/it][A
re-ranking g2t:   4%|▎         | 28/750 [01:05<28:13,  2.35s/it][A
re-ranking g2t:   4%|▍         | 29/750 [01:08<28:10,  2.35s/it][A
re-ranking g2t:   4%|▍         | 30/750 [01:10<28:08,  2.34s/it][A
re-ranking g2t:   4%|▍         | 31/750 [01:12<28:06,  2.35s/it][A
re-ranking g2t:   4%|▍         | 32/750 [01:15<28:03,  2.34s/it][A
re-ranking g2t:   4%|▍         | 33/750 [01:17<28:00,  2.34s/it][A
re-ranking g2t:   5%|▍         | 34/750 [01:19<27:58,  2.34s/it][A
re-ranking g2t:   5%|▍         | 35/750 [01:22<27:56,  2.34s/it][A
re-ranking g2t:   5%|▍         | 36/750 [01:24<27:54,  2.34s/it][A
re-ranking g2t:   5%|▍         | 37/750 [01:26<27:52,  2.35s/it][A
re-ranking g2t:   5%|▌         | 38/750 [01:29<27:49,  2.35s/it][A
re-ranking g2t:   5%|▌         | 39/750 [01:31<27:46,  2.34s/it][A
re-ranking g2t:   5%|▌         | 40/750 [01:33<27:43,  2.34s/it][A
re-ranking g2t:   5%|▌         | 41/750 [01:36<27:40,  2.34s/it][A
re-ranking g2t:   6%|▌         | 42/750 [01:38<27:38,  2.34s/it][A
re-ranking g2t:   6%|▌         | 43/750 [01:40<27:36,  2.34s/it][A
re-ranking g2t:   6%|▌         | 44/750 [01:43<27:34,  2.34s/it][A
re-ranking g2t:   6%|▌         | 45/750 [01:45<27:32,  2.34s/it][A
re-ranking g2t:   6%|▌         | 46/750 [01:47<27:30,  2.34s/it][A
re-ranking g2t:   6%|▋         | 47/750 [01:50<27:28,  2.34s/it][A
re-ranking g2t:   6%|▋         | 48/750 [01:52<27:25,  2.34s/it][A
re-ranking g2t:   7%|▋         | 49/750 [01:54<27:23,  2.34s/it][A
re-ranking g2t:   7%|▋         | 50/750 [01:57<27:21,  2.35s/it][A
re-ranking g2t:   7%|▋         | 51/750 [01:59<27:19,  2.35s/it][A
re-ranking g2t:   7%|▋         | 52/750 [02:01<27:17,  2.35s/it][A
re-ranking g2t:   7%|▋         | 53/750 [02:04<27:14,  2.35s/it][A
re-ranking g2t:   7%|▋         | 54/750 [02:06<27:12,  2.34s/it][A
re-ranking g2t:   7%|▋         | 55/750 [02:09<27:09,  2.35s/it][A
re-ranking g2t:   7%|▋         | 56/750 [02:11<27:07,  2.35s/it][A
re-ranking g2t:   8%|▊         | 57/750 [02:13<27:05,  2.35s/it][A
re-ranking g2t:   8%|▊         | 58/750 [02:16<27:02,  2.35s/it][A
re-ranking g2t:   8%|▊         | 59/750 [02:18<27:00,  2.35s/it][A
re-ranking g2t:   8%|▊         | 60/750 [02:20<26:58,  2.35s/it][A
re-ranking g2t:   8%|▊         | 61/750 [02:23<26:56,  2.35s/it][A
re-ranking g2t:   8%|▊         | 62/750 [02:25<26:53,  2.35s/it][A
re-ranking g2t:   8%|▊         | 63/750 [02:27<26:51,  2.35s/it][A
re-ranking g2t:   9%|▊         | 64/750 [02:30<26:48,  2.34s/it][A
re-ranking g2t:   9%|▊         | 65/750 [02:32<26:46,  2.34s/it][A
re-ranking g2t:   9%|▉         | 66/750 [02:34<26:44,  2.35s/it][A
re-ranking g2t:   9%|▉         | 67/750 [02:37<26:42,  2.35s/it][A
re-ranking g2t:   9%|▉         | 68/750 [02:39<26:40,  2.35s/it][A
re-ranking g2t:   9%|▉         | 69/750 [02:41<26:37,  2.35s/it][A
re-ranking g2t:   9%|▉         | 70/750 [02:44<26:34,  2.34s/it][A
re-ranking g2t:   9%|▉         | 71/750 [02:46<26:32,  2.34s/it][A
re-ranking g2t:  10%|▉         | 72/750 [02:48<26:27,  2.34s/it][A
re-ranking g2t:  10%|▉         | 73/750 [02:51<26:25,  2.34s/it][A
re-ranking g2t:  10%|▉         | 74/750 [02:53<26:23,  2.34s/it][A
re-ranking g2t:  10%|█         | 75/750 [02:55<26:21,  2.34s/it][A
re-ranking g2t:  10%|█         | 76/750 [02:58<26:19,  2.34s/it][A
re-ranking g2t:  10%|█         | 77/750 [03:00<26:17,  2.34s/it][A
re-ranking g2t:  10%|█         | 78/750 [03:02<26:15,  2.34s/it][A
re-ranking g2t:  11%|█         | 79/750 [03:05<26:13,  2.34s/it][A
re-ranking g2t:  11%|█         | 80/750 [03:07<26:10,  2.34s/it][A
re-ranking g2t:  11%|█         | 81/750 [03:09<26:08,  2.34s/it][A
re-ranking g2t:  11%|█         | 82/750 [03:12<26:06,  2.35s/it][A
re-ranking g2t:  11%|█         | 83/750 [03:14<26:04,  2.35s/it][A
re-ranking g2t:  11%|█         | 84/750 [03:17<26:02,  2.35s/it][A
re-ranking g2t:  11%|█▏        | 85/750 [03:19<26:00,  2.35s/it][A
re-ranking g2t:  11%|█▏        | 86/750 [03:21<25:57,  2.35s/it][A
re-ranking g2t:  12%|█▏        | 87/750 [03:24<25:54,  2.35s/it][A
re-ranking g2t:  12%|█▏        | 88/750 [03:26<25:52,  2.35s/it][A
re-ranking g2t:  12%|█▏        | 89/750 [03:28<25:49,  2.34s/it][A
re-ranking g2t:  12%|█▏        | 90/750 [03:31<25:47,  2.35s/it][A
re-ranking g2t:  12%|█▏        | 91/750 [03:33<25:45,  2.35s/it][A
re-ranking g2t:  12%|█▏        | 92/750 [03:35<25:43,  2.35s/it][A
re-ranking g2t:  12%|█▏        | 93/750 [03:38<25:41,  2.35s/it][A
re-ranking g2t:  13%|█▎        | 94/750 [03:40<25:38,  2.35s/it][A
re-ranking g2t:  13%|█▎        | 95/750 [03:42<25:35,  2.34s/it][A
re-ranking g2t:  13%|█▎        | 96/750 [03:45<25:33,  2.34s/it][A
re-ranking g2t:  13%|█▎        | 97/750 [03:47<25:30,  2.34s/it][A
re-ranking g2t:  13%|█▎        | 98/750 [03:49<25:28,  2.34s/it][A
re-ranking g2t:  13%|█▎        | 99/750 [03:52<25:26,  2.35s/it][A
re-ranking g2t:  13%|█▎        | 100/750 [03:54<25:24,  2.35s/it][A
re-ranking g2t:  13%|█▎        | 101/750 [03:56<25:21,  2.34s/it][A
re-ranking g2t:  14%|█▎        | 102/750 [03:59<25:18,  2.34s/it][A
re-ranking g2t:  14%|█▎        | 103/750 [04:01<25:16,  2.34s/it][A
re-ranking g2t:  14%|█▍        | 104/750 [04:03<25:14,  2.34s/it][A
re-ranking g2t:  14%|█▍        | 105/750 [04:06<25:12,  2.35s/it][A
re-ranking g2t:  14%|█▍        | 106/750 [04:08<25:10,  2.35s/it][A
re-ranking g2t:  14%|█▍        | 107/750 [04:10<25:08,  2.35s/it][A
re-ranking g2t:  14%|█▍        | 108/750 [04:13<25:06,  2.35s/it][A
re-ranking g2t:  15%|█▍        | 109/750 [04:15<25:03,  2.34s/it][A
re-ranking g2t:  15%|█▍        | 110/750 [04:17<25:00,  2.34s/it][A
re-ranking g2t:  15%|█▍        | 111/750 [04:20<24:58,  2.34s/it][A
re-ranking g2t:  15%|█▍        | 112/750 [04:22<24:55,  2.34s/it][A
re-ranking g2t:  15%|█▌        | 113/750 [04:25<24:54,  2.35s/it][A
re-ranking g2t:  15%|█▌        | 114/750 [04:27<24:52,  2.35s/it][A
re-ranking g2t:  15%|█▌        | 115/750 [04:29<24:50,  2.35s/it][A
re-ranking g2t:  15%|█▌        | 116/750 [04:32<24:47,  2.35s/it][A
re-ranking g2t:  16%|█▌        | 117/750 [04:34<24:44,  2.35s/it][A
re-ranking g2t:  16%|█▌        | 118/750 [04:36<24:42,  2.35s/it][A
re-ranking g2t:  16%|█▌        | 119/750 [04:39<24:39,  2.35s/it][A
re-ranking g2t:  16%|█▌        | 120/750 [04:41<24:37,  2.35s/it][A
re-ranking g2t:  16%|█▌        | 121/750 [04:43<24:35,  2.35s/it][A
re-ranking g2t:  16%|█▋        | 122/750 [04:46<24:32,  2.35s/it][A
re-ranking g2t:  16%|█▋        | 123/750 [04:48<24:30,  2.35s/it][A
re-ranking g2t:  17%|█▋        | 124/750 [04:50<24:28,  2.35s/it][A
re-ranking g2t:  17%|█▋        | 125/750 [04:53<24:25,  2.34s/it][A
re-ranking g2t:  17%|█▋        | 126/750 [04:55<24:22,  2.34s/it][A
re-ranking g2t:  17%|█▋        | 127/750 [04:57<24:20,  2.34s/it][A
re-ranking g2t:  17%|█▋        | 128/750 [05:00<24:17,  2.34s/it][A
re-ranking g2t:  17%|█▋        | 129/750 [05:02<24:16,  2.34s/it][A
re-ranking g2t:  17%|█▋        | 130/750 [05:04<24:13,  2.34s/it][A
re-ranking g2t:  17%|█▋        | 131/750 [05:07<24:11,  2.35s/it][A
re-ranking g2t:  18%|█▊        | 132/750 [05:09<24:09,  2.35s/it][A
re-ranking g2t:  18%|█▊        | 133/750 [05:11<24:07,  2.35s/it][A
re-ranking g2t:  18%|█▊        | 134/750 [05:14<24:04,  2.35s/it][A
re-ranking g2t:  18%|█▊        | 135/750 [05:16<24:02,  2.34s/it][A
re-ranking g2t:  18%|█▊        | 136/750 [05:18<23:59,  2.34s/it][A
re-ranking g2t:  18%|█▊        | 137/750 [05:21<23:57,  2.34s/it][A
re-ranking g2t:  18%|█▊        | 138/750 [05:23<23:54,  2.34s/it][A
re-ranking g2t:  19%|█▊        | 139/750 [05:25<23:53,  2.35s/it][A
re-ranking g2t:  19%|█▊        | 140/750 [05:28<23:51,  2.35s/it][A
re-ranking g2t:  19%|█▉        | 141/750 [05:30<23:48,  2.35s/it][A
re-ranking g2t:  19%|█▉        | 142/750 [05:33<23:46,  2.35s/it][A
re-ranking g2t:  19%|█▉        | 143/750 [05:35<23:44,  2.35s/it][A
re-ranking g2t:  19%|█▉        | 144/750 [05:37<23:42,  2.35s/it][A
re-ranking g2t:  19%|█▉        | 145/750 [05:40<23:39,  2.35s/it][A
re-ranking g2t:  19%|█▉        | 146/750 [05:42<23:36,  2.34s/it][A
re-ranking g2t:  20%|█▉        | 147/750 [05:44<23:33,  2.34s/it][A
re-ranking g2t:  20%|█▉        | 148/750 [05:47<23:30,  2.34s/it][A
re-ranking g2t:  20%|█▉        | 149/750 [05:49<23:28,  2.34s/it][A
re-ranking g2t:  20%|██        | 150/750 [05:51<23:26,  2.34s/it][A
re-ranking g2t:  20%|██        | 151/750 [05:54<23:24,  2.34s/it][A
re-ranking g2t:  20%|██        | 152/750 [05:56<23:22,  2.34s/it][A
re-ranking g2t:  20%|██        | 153/750 [05:58<23:19,  2.34s/it][A
re-ranking g2t:  21%|██        | 154/750 [06:01<23:17,  2.34s/it][A
re-ranking g2t:  21%|██        | 155/750 [06:03<23:14,  2.34s/it][A
re-ranking g2t:  21%|██        | 156/750 [06:05<23:12,  2.34s/it][A
re-ranking g2t:  21%|██        | 157/750 [06:08<23:10,  2.34s/it][A
re-ranking g2t:  21%|██        | 158/750 [06:10<23:07,  2.34s/it][A
re-ranking g2t:  21%|██        | 159/750 [06:12<23:05,  2.34s/it][A
re-ranking g2t:  21%|██▏       | 160/750 [06:15<23:02,  2.34s/it][A
re-ranking g2t:  21%|██▏       | 161/750 [06:17<23:00,  2.34s/it][A
re-ranking g2t:  22%|██▏       | 162/750 [06:19<22:58,  2.34s/it][A
re-ranking g2t:  22%|██▏       | 163/750 [06:22<22:55,  2.34s/it][A
re-ranking g2t:  22%|██▏       | 164/750 [06:24<22:54,  2.34s/it][A
re-ranking g2t:  22%|██▏       | 165/750 [06:26<22:51,  2.34s/it][A
re-ranking g2t:  22%|██▏       | 166/750 [06:29<22:48,  2.34s/it][A
re-ranking g2t:  22%|██▏       | 167/750 [06:31<22:46,  2.34s/it][A
re-ranking g2t:  22%|██▏       | 168/750 [06:33<22:44,  2.34s/it][A
re-ranking g2t:  23%|██▎       | 169/750 [06:36<22:43,  2.35s/it][A
re-ranking g2t:  23%|██▎       | 170/750 [06:38<22:40,  2.35s/it][A
re-ranking g2t:  23%|██▎       | 171/750 [06:41<22:38,  2.35s/it][A
re-ranking g2t:  23%|██▎       | 172/750 [06:43<22:35,  2.34s/it][A
re-ranking g2t:  23%|██▎       | 173/750 [06:45<22:32,  2.34s/it][A
re-ranking g2t:  23%|██▎       | 174/750 [06:48<22:31,  2.35s/it][A
re-ranking g2t:  23%|██▎       | 175/750 [06:50<22:29,  2.35s/it][A
re-ranking g2t:  23%|██▎       | 176/750 [06:52<22:26,  2.35s/it][A
re-ranking g2t:  24%|██▎       | 177/750 [06:55<22:23,  2.35s/it][A
re-ranking g2t:  24%|██▎       | 178/750 [06:57<22:20,  2.34s/it][A
re-ranking g2t:  24%|██▍       | 179/750 [06:59<22:18,  2.34s/it][A
re-ranking g2t:  24%|██▍       | 180/750 [07:02<22:16,  2.34s/it][A
re-ranking g2t:  24%|██▍       | 181/750 [07:04<22:13,  2.34s/it][A
re-ranking g2t:  24%|██▍       | 182/750 [07:06<22:11,  2.34s/it][A
re-ranking g2t:  24%|██▍       | 183/750 [07:09<22:08,  2.34s/it][A
re-ranking g2t:  25%|██▍       | 184/750 [07:11<22:06,  2.34s/it][A
re-ranking g2t:  25%|██▍       | 185/750 [07:13<22:04,  2.34s/it][A
re-ranking g2t:  25%|██▍       | 186/750 [07:16<22:02,  2.34s/it][A
re-ranking g2t:  25%|██▍       | 187/750 [07:18<21:59,  2.34s/it][A
re-ranking g2t:  25%|██▌       | 188/750 [07:20<21:57,  2.34s/it][A
re-ranking g2t:  25%|██▌       | 189/750 [07:23<21:55,  2.35s/it][A
re-ranking g2t:  25%|██▌       | 190/750 [07:25<21:53,  2.35s/it][A
re-ranking g2t:  25%|██▌       | 191/750 [07:27<21:50,  2.34s/it][A
re-ranking g2t:  26%|██▌       | 192/750 [07:30<21:48,  2.35s/it][A
re-ranking g2t:  26%|██▌       | 193/750 [07:32<21:45,  2.34s/it][A
re-ranking g2t:  26%|██▌       | 194/750 [07:34<21:43,  2.34s/it][A
re-ranking g2t:  26%|██▌       | 195/750 [07:37<21:41,  2.34s/it][A
re-ranking g2t:  26%|██▌       | 196/750 [07:39<21:38,  2.34s/it][A
re-ranking g2t:  26%|██▋       | 197/750 [07:41<21:36,  2.34s/it][A
re-ranking g2t:  26%|██▋       | 198/750 [07:44<21:33,  2.34s/it][A
re-ranking g2t:  27%|██▋       | 199/750 [07:46<21:31,  2.34s/it][A
re-ranking g2t:  27%|██▋       | 200/750 [07:49<21:29,  2.34s/it][A
re-ranking g2t:  27%|██▋       | 201/750 [07:51<21:27,  2.35s/it][A
re-ranking g2t:  27%|██▋       | 202/750 [07:53<21:25,  2.34s/it][A
re-ranking g2t:  27%|██▋       | 203/750 [07:56<21:22,  2.34s/it][A
re-ranking g2t:  27%|██▋       | 204/750 [07:58<21:20,  2.34s/it][A
re-ranking g2t:  27%|██▋       | 205/750 [08:00<21:17,  2.34s/it][A
re-ranking g2t:  27%|██▋       | 206/750 [08:03<21:15,  2.34s/it][A
re-ranking g2t:  28%|██▊       | 207/750 [08:05<21:13,  2.35s/it][A
re-ranking g2t:  28%|██▊       | 208/750 [08:07<21:11,  2.35s/it][A
re-ranking g2t:  28%|██▊       | 209/750 [08:10<21:09,  2.35s/it][A
re-ranking g2t:  28%|██▊       | 210/750 [08:12<21:07,  2.35s/it][A
re-ranking g2t:  28%|██▊       | 211/750 [08:14<21:04,  2.35s/it][A
re-ranking g2t:  28%|██▊       | 212/750 [08:17<21:01,  2.35s/it][A
re-ranking g2t:  28%|██▊       | 213/750 [08:19<20:59,  2.35s/it][A
re-ranking g2t:  29%|██▊       | 214/750 [08:21<20:56,  2.34s/it][A
re-ranking g2t:  29%|██▊       | 215/750 [08:24<20:54,  2.34s/it][A
re-ranking g2t:  29%|██▉       | 216/750 [08:26<20:52,  2.35s/it][A
re-ranking g2t:  29%|██▉       | 217/750 [08:28<20:50,  2.35s/it][A
re-ranking g2t:  29%|██▉       | 218/750 [08:31<20:47,  2.35s/it][A
re-ranking g2t:  29%|██▉       | 219/750 [08:33<20:45,  2.34s/it][A
re-ranking g2t:  29%|██▉       | 220/750 [08:35<20:43,  2.35s/it][A
re-ranking g2t:  29%|██▉       | 221/750 [08:38<20:40,  2.35s/it][A
re-ranking g2t:  30%|██▉       | 222/750 [08:40<20:38,  2.35s/it][A
re-ranking g2t:  30%|██▉       | 223/750 [08:42<20:35,  2.34s/it][A
re-ranking g2t:  30%|██▉       | 224/750 [08:45<20:33,  2.34s/it][A
re-ranking g2t:  30%|███       | 225/750 [08:47<20:31,  2.35s/it][A
re-ranking g2t:  30%|███       | 226/750 [08:49<20:28,  2.34s/it][A
re-ranking g2t:  30%|███       | 227/750 [08:52<20:26,  2.34s/it][A
re-ranking g2t:  30%|███       | 228/750 [08:54<20:23,  2.34s/it][A
re-ranking g2t:  31%|███       | 229/750 [08:57<20:22,  2.35s/it][A
re-ranking g2t:  31%|███       | 230/750 [08:59<20:19,  2.35s/it][A
re-ranking g2t:  31%|███       | 231/750 [09:01<20:17,  2.35s/it][A
re-ranking g2t:  31%|███       | 232/750 [09:04<20:14,  2.35s/it][A
re-ranking g2t:  31%|███       | 233/750 [09:06<20:12,  2.35s/it][A
re-ranking g2t:  31%|███       | 234/750 [09:08<20:09,  2.34s/it][A
re-ranking g2t:  31%|███▏      | 235/750 [09:11<20:07,  2.35s/it][A
re-ranking g2t:  31%|███▏      | 236/750 [09:13<20:05,  2.34s/it][A
re-ranking g2t:  32%|███▏      | 237/750 [09:15<20:02,  2.34s/it][A
re-ranking g2t:  32%|███▏      | 238/750 [09:18<20:00,  2.34s/it][A
re-ranking g2t:  32%|███▏      | 239/750 [09:20<19:58,  2.35s/it][A
re-ranking g2t:  32%|███▏      | 240/750 [09:22<19:55,  2.34s/it][A
re-ranking g2t:  32%|███▏      | 241/750 [09:25<19:53,  2.34s/it][A
re-ranking g2t:  32%|███▏      | 242/750 [09:27<19:51,  2.34s/it][A
re-ranking g2t:  32%|███▏      | 243/750 [09:29<19:48,  2.34s/it][A
re-ranking g2t:  33%|███▎      | 244/750 [09:32<19:45,  2.34s/it][A
re-ranking g2t:  33%|███▎      | 245/750 [09:34<19:44,  2.34s/it][A
re-ranking g2t:  33%|███▎      | 246/750 [09:36<19:41,  2.35s/it][A
re-ranking g2t:  33%|███▎      | 247/750 [09:39<19:39,  2.35s/it][A
re-ranking g2t:  33%|███▎      | 248/750 [09:41<19:36,  2.34s/it][A
re-ranking g2t:  33%|███▎      | 249/750 [09:43<19:34,  2.34s/it][A
re-ranking g2t:  33%|███▎      | 250/750 [09:46<19:32,  2.34s/it][A
re-ranking g2t:  33%|███▎      | 251/750 [09:48<19:29,  2.34s/it][A
re-ranking g2t:  34%|███▎      | 252/750 [09:50<19:27,  2.34s/it][A
re-ranking g2t:  34%|███▎      | 253/750 [09:53<19:25,  2.34s/it][A
re-ranking g2t:  34%|███▍      | 254/750 [09:55<19:22,  2.34s/it][A
re-ranking g2t:  34%|███▍      | 255/750 [09:57<19:20,  2.34s/it][A
re-ranking g2t:  34%|███▍      | 256/750 [10:00<19:18,  2.34s/it][A
re-ranking g2t:  34%|███▍      | 257/750 [10:02<19:15,  2.34s/it][A
re-ranking g2t:  34%|███▍      | 258/750 [10:05<19:13,  2.34s/it][A
re-ranking g2t:  35%|███▍      | 259/750 [10:07<19:10,  2.34s/it][A
re-ranking g2t:  35%|███▍      | 260/750 [10:09<19:08,  2.34s/it][A
re-ranking g2t:  35%|███▍      | 261/750 [10:12<19:06,  2.34s/it][A
re-ranking g2t:  35%|███▍      | 262/750 [10:14<19:04,  2.34s/it][A
re-ranking g2t:  35%|███▌      | 263/750 [10:16<19:02,  2.35s/it][A
re-ranking g2t:  35%|███▌      | 264/750 [10:19<18:59,  2.35s/it][A
re-ranking g2t:  35%|███▌      | 265/750 [10:21<18:57,  2.35s/it][A
re-ranking g2t:  35%|███▌      | 266/750 [10:23<18:55,  2.35s/it][A
re-ranking g2t:  36%|███▌      | 267/750 [10:26<18:52,  2.35s/it][A
re-ranking g2t:  36%|███▌      | 268/750 [10:28<18:50,  2.35s/it][A
re-ranking g2t:  36%|███▌      | 269/750 [10:30<18:48,  2.35s/it][A
re-ranking g2t:  36%|███▌      | 270/750 [10:33<18:45,  2.35s/it][A
re-ranking g2t:  36%|███▌      | 271/750 [10:35<18:43,  2.35s/it][A
re-ranking g2t:  36%|███▋      | 272/750 [10:37<18:41,  2.35s/it][A
re-ranking g2t:  36%|███▋      | 273/750 [10:40<18:39,  2.35s/it][A
re-ranking g2t:  37%|███▋      | 274/750 [10:42<18:37,  2.35s/it][A
re-ranking g2t:  37%|███▋      | 275/750 [10:44<18:34,  2.35s/it][A
re-ranking g2t:  37%|███▋      | 276/750 [10:47<18:31,  2.35s/it][A
re-ranking g2t:  37%|███▋      | 277/750 [10:49<18:29,  2.35s/it][A
re-ranking g2t:  37%|███▋      | 278/750 [10:51<18:27,  2.35s/it][A
re-ranking g2t:  37%|███▋      | 279/750 [10:54<18:24,  2.35s/it][A
re-ranking g2t:  37%|███▋      | 280/750 [10:56<18:22,  2.34s/it][A
re-ranking g2t:  37%|███▋      | 281/750 [10:58<18:19,  2.34s/it][A
re-ranking g2t:  38%|███▊      | 282/750 [11:01<18:17,  2.34s/it][A
re-ranking g2t:  38%|███▊      | 283/750 [11:03<18:14,  2.34s/it][A
re-ranking g2t:  38%|███▊      | 284/750 [11:05<18:12,  2.34s/it][A
re-ranking g2t:  38%|███▊      | 285/750 [11:08<18:10,  2.34s/it][A
re-ranking g2t:  38%|███▊      | 286/750 [11:10<18:08,  2.35s/it][A
re-ranking g2t:  38%|███▊      | 287/750 [11:13<18:05,  2.35s/it][A
re-ranking g2t:  38%|███▊      | 288/750 [11:15<18:03,  2.35s/it][A
re-ranking g2t:  39%|███▊      | 289/750 [11:17<18:01,  2.35s/it][A
re-ranking g2t:  39%|███▊      | 290/750 [11:20<17:58,  2.35s/it][A
re-ranking g2t:  39%|███▉      | 291/750 [11:22<17:56,  2.34s/it][A
re-ranking g2t:  39%|███▉      | 292/750 [11:24<17:53,  2.34s/it][A
re-ranking g2t:  39%|███▉      | 293/750 [11:27<17:51,  2.34s/it][A
re-ranking g2t:  39%|███▉      | 294/750 [11:29<17:48,  2.34s/it][A
re-ranking g2t:  39%|███▉      | 295/750 [11:31<17:46,  2.34s/it][A
re-ranking g2t:  39%|███▉      | 296/750 [11:34<17:44,  2.34s/it][A
re-ranking g2t:  40%|███▉      | 297/750 [11:36<17:41,  2.34s/it][A
re-ranking g2t:  40%|███▉      | 298/750 [11:38<17:39,  2.34s/it][A
re-ranking g2t:  40%|███▉      | 299/750 [11:41<17:37,  2.34s/it][A
re-ranking g2t:  40%|████      | 300/750 [11:43<17:35,  2.35s/it][A
re-ranking g2t:  40%|████      | 301/750 [11:45<17:33,  2.35s/it][A
re-ranking g2t:  40%|████      | 302/750 [11:48<17:30,  2.34s/it][A
re-ranking g2t:  40%|████      | 303/750 [11:50<17:28,  2.35s/it][A
re-ranking g2t:  41%|████      | 304/750 [11:52<17:25,  2.34s/it][A
re-ranking g2t:  41%|████      | 305/750 [11:55<17:23,  2.34s/it][A
re-ranking g2t:  41%|████      | 306/750 [11:57<17:20,  2.34s/it][A
re-ranking g2t:  41%|████      | 307/750 [11:59<17:18,  2.34s/it][A
re-ranking g2t:  41%|████      | 308/750 [12:02<17:16,  2.34s/it][A
re-ranking g2t:  41%|████      | 309/750 [12:04<17:14,  2.34s/it][A
re-ranking g2t:  41%|████▏     | 310/750 [12:06<17:11,  2.35s/it][A
re-ranking g2t:  41%|████▏     | 311/750 [12:09<17:09,  2.34s/it][A
re-ranking g2t:  42%|████▏     | 312/750 [12:11<17:06,  2.34s/it][A
re-ranking g2t:  42%|████▏     | 313/750 [12:13<17:04,  2.34s/it][A
re-ranking g2t:  42%|████▏     | 314/750 [12:16<17:02,  2.34s/it][A
re-ranking g2t:  42%|████▏     | 315/750 [12:18<16:59,  2.34s/it][A
re-ranking g2t:  42%|████▏     | 316/750 [12:21<16:57,  2.34s/it][A
re-ranking g2t:  42%|████▏     | 317/750 [12:23<16:54,  2.34s/it][A
re-ranking g2t:  42%|████▏     | 318/750 [12:25<16:52,  2.34s/it][A
re-ranking g2t:  43%|████▎     | 319/750 [12:28<16:50,  2.34s/it][A
re-ranking g2t:  43%|████▎     | 320/750 [12:30<16:48,  2.35s/it][A
re-ranking g2t:  43%|████▎     | 321/750 [12:32<16:47,  2.35s/it][A
re-ranking g2t:  43%|████▎     | 322/750 [12:35<16:44,  2.35s/it][A
re-ranking g2t:  43%|████▎     | 323/750 [12:37<16:41,  2.35s/it][A
re-ranking g2t:  43%|████▎     | 324/750 [12:39<16:39,  2.35s/it][A
re-ranking g2t:  43%|████▎     | 325/750 [12:42<16:37,  2.35s/it][A
re-ranking g2t:  43%|████▎     | 326/750 [12:44<16:35,  2.35s/it][A
re-ranking g2t:  44%|████▎     | 327/750 [12:46<16:32,  2.35s/it][A
re-ranking g2t:  44%|████▎     | 328/750 [12:49<16:30,  2.35s/it][A
re-ranking g2t:  44%|████▍     | 329/750 [12:51<16:27,  2.35s/it][A
re-ranking g2t:  44%|████▍     | 330/750 [12:53<16:25,  2.35s/it][A
re-ranking g2t:  44%|████▍     | 331/750 [12:56<16:23,  2.35s/it][A
re-ranking g2t:  44%|████▍     | 332/750 [12:58<16:20,  2.35s/it][A
re-ranking g2t:  44%|████▍     | 333/750 [13:00<16:18,  2.35s/it][A
re-ranking g2t:  45%|████▍     | 334/750 [13:03<16:15,  2.35s/it][A
re-ranking g2t:  45%|████▍     | 335/750 [13:05<16:13,  2.35s/it][A
re-ranking g2t:  45%|████▍     | 336/750 [13:07<16:10,  2.34s/it][A
re-ranking g2t:  45%|████▍     | 337/750 [13:10<16:08,  2.34s/it][A
re-ranking g2t:  45%|████▌     | 338/750 [13:12<16:06,  2.34s/it][A
re-ranking g2t:  45%|████▌     | 339/750 [13:14<16:03,  2.34s/it][A
re-ranking g2t:  45%|████▌     | 340/750 [13:17<16:00,  2.34s/it][A
re-ranking g2t:  45%|████▌     | 341/750 [13:19<15:58,  2.34s/it][A
re-ranking g2t:  46%|████▌     | 342/750 [13:21<15:56,  2.35s/it][A
re-ranking g2t:  46%|████▌     | 343/750 [13:24<15:54,  2.35s/it][A
re-ranking g2t:  46%|████▌     | 344/750 [13:26<15:51,  2.34s/it][A
re-ranking g2t:  46%|████▌     | 345/750 [13:29<15:49,  2.34s/it][A
re-ranking g2t:  46%|████▌     | 346/750 [13:31<15:47,  2.34s/it][A
re-ranking g2t:  46%|████▋     | 347/750 [13:33<15:44,  2.34s/it][A
re-ranking g2t:  46%|████▋     | 348/750 [13:36<15:42,  2.34s/it][A
re-ranking g2t:  47%|████▋     | 349/750 [13:38<15:39,  2.34s/it][A
re-ranking g2t:  47%|████▋     | 350/750 [13:40<15:37,  2.34s/it][A
re-ranking g2t:  47%|████▋     | 351/750 [13:43<15:35,  2.34s/it][A
re-ranking g2t:  47%|████▋     | 352/750 [13:45<15:32,  2.34s/it][A
re-ranking g2t:  47%|████▋     | 353/750 [13:47<15:30,  2.34s/it][A
re-ranking g2t:  47%|████▋     | 354/750 [13:50<15:28,  2.34s/it][A
re-ranking g2t:  47%|████▋     | 355/750 [13:52<15:25,  2.34s/it][A
re-ranking g2t:  47%|████▋     | 356/750 [13:54<15:22,  2.34s/it][A
re-ranking g2t:  48%|████▊     | 357/750 [13:57<15:20,  2.34s/it][A
re-ranking g2t:  48%|████▊     | 358/750 [13:59<15:18,  2.34s/it][A
re-ranking g2t:  48%|████▊     | 359/750 [14:01<15:16,  2.34s/it][A
re-ranking g2t:  48%|████▊     | 360/750 [14:04<15:14,  2.34s/it][A
re-ranking g2t:  48%|████▊     | 361/750 [14:06<15:11,  2.34s/it][A
re-ranking g2t:  48%|████▊     | 362/750 [14:08<15:09,  2.34s/it][A
re-ranking g2t:  48%|████▊     | 363/750 [14:11<15:07,  2.34s/it][A
re-ranking g2t:  49%|████▊     | 364/750 [14:13<15:05,  2.35s/it][A
re-ranking g2t:  49%|████▊     | 365/750 [14:15<15:02,  2.34s/it][A
re-ranking g2t:  49%|████▉     | 366/750 [14:18<14:59,  2.34s/it][A
re-ranking g2t:  49%|████▉     | 367/750 [14:20<14:57,  2.34s/it][A
re-ranking g2t:  49%|████▉     | 368/750 [14:22<14:55,  2.34s/it][A
re-ranking g2t:  49%|████▉     | 369/750 [14:25<14:53,  2.34s/it][A
re-ranking g2t:  49%|████▉     | 370/750 [14:27<14:50,  2.34s/it][A
re-ranking g2t:  49%|████▉     | 371/750 [14:29<14:48,  2.34s/it][A
re-ranking g2t:  50%|████▉     | 372/750 [14:32<14:45,  2.34s/it][A
re-ranking g2t:  50%|████▉     | 373/750 [14:34<14:43,  2.34s/it][A
re-ranking g2t:  50%|████▉     | 374/750 [14:36<14:40,  2.34s/it][A
re-ranking g2t:  50%|█████     | 375/750 [14:39<14:38,  2.34s/it][A
re-ranking g2t:  50%|█████     | 376/750 [14:41<14:36,  2.34s/it][A
re-ranking g2t:  50%|█████     | 377/750 [14:44<14:33,  2.34s/it][A
re-ranking g2t:  50%|█████     | 378/750 [14:46<14:32,  2.34s/it][A
re-ranking g2t:  51%|█████     | 379/750 [14:48<14:29,  2.34s/it][A
re-ranking g2t:  51%|█████     | 380/750 [14:51<14:26,  2.34s/it][A
re-ranking g2t:  51%|█████     | 381/750 [14:53<14:25,  2.34s/it][A
re-ranking g2t:  51%|█████     | 382/750 [14:55<14:22,  2.34s/it][A
re-ranking g2t:  51%|█████     | 383/750 [14:58<14:20,  2.34s/it][A
re-ranking g2t:  51%|█████     | 384/750 [15:00<14:18,  2.34s/it][A
re-ranking g2t:  51%|█████▏    | 385/750 [15:02<14:15,  2.34s/it][A
re-ranking g2t:  51%|█████▏    | 386/750 [15:05<14:13,  2.35s/it][A
re-ranking g2t:  52%|█████▏    | 387/750 [15:07<14:11,  2.35s/it][A
re-ranking g2t:  52%|█████▏    | 388/750 [15:09<14:09,  2.35s/it][A
re-ranking g2t:  52%|█████▏    | 389/750 [15:12<14:06,  2.35s/it][A
re-ranking g2t:  52%|█████▏    | 390/750 [15:14<14:04,  2.34s/it][A
re-ranking g2t:  52%|█████▏    | 391/750 [15:16<14:01,  2.34s/it][A
re-ranking g2t:  52%|█████▏    | 392/750 [15:19<13:59,  2.34s/it][A
re-ranking g2t:  52%|█████▏    | 393/750 [15:21<13:57,  2.34s/it][A
re-ranking g2t:  53%|█████▎    | 394/750 [15:23<13:54,  2.34s/it][A
re-ranking g2t:  53%|█████▎    | 395/750 [15:26<13:52,  2.35s/it][A
re-ranking g2t:  53%|█████▎    | 396/750 [15:28<13:50,  2.35s/it][A
re-ranking g2t:  53%|█████▎    | 397/750 [15:30<13:47,  2.34s/it][A
re-ranking g2t:  53%|█████▎    | 398/750 [15:33<13:44,  2.34s/it][A
re-ranking g2t:  53%|█████▎    | 399/750 [15:35<13:42,  2.34s/it][A
re-ranking g2t:  53%|█████▎    | 400/750 [15:37<13:40,  2.34s/it][A
re-ranking g2t:  53%|█████▎    | 401/750 [15:40<13:38,  2.34s/it][A
re-ranking g2t:  54%|█████▎    | 402/750 [15:42<13:35,  2.34s/it][A
re-ranking g2t:  54%|█████▎    | 403/750 [15:44<13:33,  2.34s/it][A
re-ranking g2t:  54%|█████▍    | 404/750 [15:47<13:30,  2.34s/it][A
re-ranking g2t:  54%|█████▍    | 405/750 [15:49<13:28,  2.34s/it][A
re-ranking g2t:  54%|█████▍    | 406/750 [15:52<13:26,  2.34s/it][A
re-ranking g2t:  54%|█████▍    | 407/750 [15:54<13:24,  2.34s/it][A
re-ranking g2t:  54%|█████▍    | 408/750 [15:56<13:21,  2.34s/it][A
re-ranking g2t:  55%|█████▍    | 409/750 [15:59<13:19,  2.34s/it][A
re-ranking g2t:  55%|█████▍    | 410/750 [16:01<13:16,  2.34s/it][A
re-ranking g2t:  55%|█████▍    | 411/750 [16:03<13:14,  2.34s/it][A
re-ranking g2t:  55%|█████▍    | 412/750 [16:06<13:12,  2.34s/it][A
re-ranking g2t:  55%|█████▌    | 413/750 [16:08<13:10,  2.34s/it][A
re-ranking g2t:  55%|█████▌    | 414/750 [16:10<13:07,  2.34s/it][A
re-ranking g2t:  55%|█████▌    | 415/750 [16:13<13:05,  2.34s/it][A
re-ranking g2t:  55%|█████▌    | 416/750 [16:15<13:02,  2.34s/it][A
re-ranking g2t:  56%|█████▌    | 417/750 [16:17<13:00,  2.34s/it][A
re-ranking g2t:  56%|█████▌    | 418/750 [16:20<12:57,  2.34s/it][A
re-ranking g2t:  56%|█████▌    | 419/750 [16:22<12:55,  2.34s/it][A
re-ranking g2t:  56%|█████▌    | 420/750 [16:24<12:53,  2.35s/it][A
re-ranking g2t:  56%|█████▌    | 421/750 [16:27<12:51,  2.35s/it][A
re-ranking g2t:  56%|█████▋    | 422/750 [16:29<12:49,  2.34s/it][A
re-ranking g2t:  56%|█████▋    | 423/750 [16:31<12:46,  2.34s/it][A
re-ranking g2t:  57%|█████▋    | 424/750 [16:34<12:44,  2.34s/it][A
re-ranking g2t:  57%|█████▋    | 425/750 [16:36<12:41,  2.34s/it][A
re-ranking g2t:  57%|█████▋    | 426/750 [16:38<12:39,  2.34s/it][A
re-ranking g2t:  57%|█████▋    | 427/750 [16:41<12:37,  2.34s/it][A
re-ranking g2t:  57%|█████▋    | 428/750 [16:43<12:34,  2.34s/it][A
re-ranking g2t:  57%|█████▋    | 429/750 [16:45<12:32,  2.34s/it][A
re-ranking g2t:  57%|█████▋    | 430/750 [16:48<12:29,  2.34s/it][A
re-ranking g2t:  57%|█████▋    | 431/750 [16:50<12:27,  2.34s/it][A
re-ranking g2t:  58%|█████▊    | 432/750 [16:52<12:24,  2.34s/it][A
re-ranking g2t:  58%|█████▊    | 433/750 [16:55<12:22,  2.34s/it][A
re-ranking g2t:  58%|█████▊    | 434/750 [16:57<12:20,  2.34s/it][A
re-ranking g2t:  58%|█████▊    | 435/750 [16:59<12:18,  2.34s/it][A
re-ranking g2t:  58%|█████▊    | 436/750 [17:02<12:16,  2.34s/it][A
re-ranking g2t:  58%|█████▊    | 437/750 [17:04<12:13,  2.34s/it][A
re-ranking g2t:  58%|█████▊    | 438/750 [17:07<12:11,  2.34s/it][A
re-ranking g2t:  59%|█████▊    | 439/750 [17:09<12:09,  2.35s/it][A
re-ranking g2t:  59%|█████▊    | 440/750 [17:11<12:07,  2.35s/it][A
re-ranking g2t:  59%|█████▉    | 441/750 [17:14<12:05,  2.35s/it][A
re-ranking g2t:  59%|█████▉    | 442/750 [17:16<12:03,  2.35s/it][A
re-ranking g2t:  59%|█████▉    | 443/750 [17:18<12:01,  2.35s/it][A
re-ranking g2t:  59%|█████▉    | 444/750 [17:21<11:58,  2.35s/it][A
re-ranking g2t:  59%|█████▉    | 445/750 [17:23<11:55,  2.35s/it][A
re-ranking g2t:  59%|█████▉    | 446/750 [17:25<11:53,  2.35s/it][A
re-ranking g2t:  60%|█████▉    | 447/750 [17:28<11:51,  2.35s/it][A
re-ranking g2t:  60%|█████▉    | 448/750 [17:30<11:48,  2.35s/it][A
re-ranking g2t:  60%|█████▉    | 449/750 [17:32<11:45,  2.34s/it][A
re-ranking g2t:  60%|██████    | 450/750 [17:35<11:43,  2.34s/it][A
re-ranking g2t:  60%|██████    | 451/750 [17:37<11:41,  2.35s/it][A
re-ranking g2t:  60%|██████    | 452/750 [17:39<11:38,  2.35s/it][A
re-ranking g2t:  60%|██████    | 453/750 [17:42<11:36,  2.34s/it][A
re-ranking g2t:  61%|██████    | 454/750 [17:44<11:33,  2.34s/it][A
re-ranking g2t:  61%|██████    | 455/750 [17:46<11:31,  2.34s/it][A
re-ranking g2t:  61%|██████    | 456/750 [17:49<11:28,  2.34s/it][A
re-ranking g2t:  61%|██████    | 457/750 [17:51<11:26,  2.34s/it][A
re-ranking g2t:  61%|██████    | 458/750 [17:53<11:24,  2.34s/it][A
re-ranking g2t:  61%|██████    | 459/750 [17:56<11:22,  2.34s/it][A
re-ranking g2t:  61%|██████▏   | 460/750 [17:58<11:20,  2.35s/it][A
re-ranking g2t:  61%|██████▏   | 461/750 [18:00<11:17,  2.35s/it][A
re-ranking g2t:  62%|██████▏   | 462/750 [18:03<11:15,  2.35s/it][A
re-ranking g2t:  62%|██████▏   | 463/750 [18:05<11:13,  2.35s/it][A
re-ranking g2t:  62%|██████▏   | 464/750 [18:08<11:11,  2.35s/it][A
re-ranking g2t:  62%|██████▏   | 465/750 [18:10<11:08,  2.35s/it][A
re-ranking g2t:  62%|██████▏   | 466/750 [18:12<11:06,  2.35s/it][A
re-ranking g2t:  62%|██████▏   | 467/750 [18:15<11:03,  2.34s/it][A
re-ranking g2t:  62%|██████▏   | 468/750 [18:17<11:01,  2.34s/it][A
re-ranking g2t:  63%|██████▎   | 469/750 [18:19<10:59,  2.35s/it][A
re-ranking g2t:  63%|██████▎   | 470/750 [18:22<10:56,  2.35s/it][A
re-ranking g2t:  63%|██████▎   | 471/750 [18:24<10:54,  2.35s/it][A
re-ranking g2t:  63%|██████▎   | 472/750 [18:26<10:51,  2.35s/it][A
re-ranking g2t:  63%|██████▎   | 473/750 [18:29<10:49,  2.34s/it][A
re-ranking g2t:  63%|██████▎   | 474/750 [18:31<10:47,  2.35s/it][A
re-ranking g2t:  63%|██████▎   | 475/750 [18:33<10:45,  2.35s/it][A
re-ranking g2t:  63%|██████▎   | 476/750 [18:36<10:42,  2.35s/it][A
re-ranking g2t:  64%|██████▎   | 477/750 [18:38<10:40,  2.35s/it][A
re-ranking g2t:  64%|██████▎   | 478/750 [18:40<10:37,  2.34s/it][A
re-ranking g2t:  64%|██████▍   | 479/750 [18:43<10:35,  2.34s/it][A
re-ranking g2t:  64%|██████▍   | 480/750 [18:45<10:33,  2.34s/it][A
re-ranking g2t:  64%|██████▍   | 481/750 [18:47<10:30,  2.34s/it][A
re-ranking g2t:  64%|██████▍   | 482/750 [18:50<10:28,  2.35s/it][A
re-ranking g2t:  64%|██████▍   | 483/750 [18:52<10:25,  2.34s/it][A
re-ranking g2t:  65%|██████▍   | 484/750 [18:54<10:23,  2.34s/it][A
re-ranking g2t:  65%|██████▍   | 485/750 [18:57<10:21,  2.34s/it][A
re-ranking g2t:  65%|██████▍   | 486/750 [18:59<10:19,  2.35s/it][A
re-ranking g2t:  65%|██████▍   | 487/750 [19:01<10:16,  2.34s/it][A
re-ranking g2t:  65%|██████▌   | 488/750 [19:04<10:14,  2.34s/it][A
re-ranking g2t:  65%|██████▌   | 489/750 [19:06<10:12,  2.34s/it][A
re-ranking g2t:  65%|██████▌   | 490/750 [19:08<10:09,  2.34s/it][A
re-ranking g2t:  65%|██████▌   | 491/750 [19:11<10:07,  2.35s/it][A
re-ranking g2t:  66%|██████▌   | 492/750 [19:13<10:05,  2.35s/it][A
re-ranking g2t:  66%|██████▌   | 493/750 [19:16<10:02,  2.34s/it][A
re-ranking g2t:  66%|██████▌   | 494/750 [19:18<10:00,  2.35s/it][A
re-ranking g2t:  66%|██████▌   | 495/750 [19:20<09:58,  2.35s/it][A
re-ranking g2t:  66%|██████▌   | 496/750 [19:23<09:55,  2.35s/it][A
re-ranking g2t:  66%|██████▋   | 497/750 [19:25<09:53,  2.35s/it][A
re-ranking g2t:  66%|██████▋   | 498/750 [19:27<09:51,  2.35s/it][A
re-ranking g2t:  67%|██████▋   | 499/750 [19:30<09:48,  2.35s/it][A
re-ranking g2t:  67%|██████▋   | 500/750 [19:32<09:46,  2.35s/it][A
re-ranking g2t:  67%|██████▋   | 501/750 [19:34<09:44,  2.35s/it][A
re-ranking g2t:  67%|██████▋   | 502/750 [19:37<09:41,  2.35s/it][A
re-ranking g2t:  67%|██████▋   | 503/750 [19:39<09:39,  2.35s/it][A
re-ranking g2t:  67%|██████▋   | 504/750 [19:41<09:36,  2.35s/it][A
re-ranking g2t:  67%|██████▋   | 505/750 [19:44<09:34,  2.35s/it][A
re-ranking g2t:  67%|██████▋   | 506/750 [19:46<09:32,  2.35s/it][A
re-ranking g2t:  68%|██████▊   | 507/750 [19:48<09:30,  2.35s/it][A
re-ranking g2t:  68%|██████▊   | 508/750 [19:51<09:27,  2.35s/it][A
re-ranking g2t:  68%|██████▊   | 509/750 [19:53<09:24,  2.34s/it][A
re-ranking g2t:  68%|██████▊   | 510/750 [19:55<09:22,  2.34s/it][A
re-ranking g2t:  68%|██████▊   | 511/750 [19:58<09:20,  2.34s/it][A
re-ranking g2t:  68%|██████▊   | 512/750 [20:00<09:17,  2.34s/it][A
re-ranking g2t:  68%|██████▊   | 513/750 [20:02<09:15,  2.34s/it][A
re-ranking g2t:  69%|██████▊   | 514/750 [20:05<09:13,  2.34s/it][A
re-ranking g2t:  69%|██████▊   | 515/750 [20:07<09:10,  2.34s/it][A
re-ranking g2t:  69%|██████▉   | 516/750 [20:09<09:08,  2.34s/it][A
re-ranking g2t:  69%|██████▉   | 517/750 [20:12<09:06,  2.34s/it][A
re-ranking g2t:  69%|██████▉   | 518/750 [20:14<09:03,  2.34s/it][A
re-ranking g2t:  69%|██████▉   | 519/750 [20:16<09:01,  2.35s/it][A
re-ranking g2t:  69%|██████▉   | 520/750 [20:19<08:59,  2.35s/it][A
re-ranking g2t:  69%|██████▉   | 521/750 [20:21<08:57,  2.35s/it][A
re-ranking g2t:  70%|██████▉   | 522/750 [20:24<08:54,  2.34s/it][A
re-ranking g2t:  70%|██████▉   | 523/750 [20:26<08:52,  2.34s/it][A
re-ranking g2t:  70%|██████▉   | 524/750 [20:28<08:49,  2.34s/it][A
re-ranking g2t:  70%|███████   | 525/750 [20:31<08:47,  2.34s/it][A
re-ranking g2t:  70%|███████   | 526/750 [20:33<08:45,  2.34s/it][A
re-ranking g2t:  70%|███████   | 527/750 [20:35<08:42,  2.34s/it][A
re-ranking g2t:  70%|███████   | 528/750 [20:38<08:39,  2.34s/it][A
re-ranking g2t:  71%|███████   | 529/750 [20:40<08:38,  2.35s/it][A
re-ranking g2t:  71%|███████   | 530/750 [20:42<08:35,  2.35s/it][A
re-ranking g2t:  71%|███████   | 531/750 [20:45<08:33,  2.35s/it][A
re-ranking g2t:  71%|███████   | 532/750 [20:47<08:31,  2.34s/it][A
re-ranking g2t:  71%|███████   | 533/750 [20:49<08:28,  2.35s/it][A
re-ranking g2t:  71%|███████   | 534/750 [20:52<08:26,  2.34s/it][A
re-ranking g2t:  71%|███████▏  | 535/750 [20:54<08:24,  2.35s/it][A
re-ranking g2t:  71%|███████▏  | 536/750 [20:56<08:21,  2.35s/it][A
re-ranking g2t:  72%|███████▏  | 537/750 [20:59<08:19,  2.35s/it][A
re-ranking g2t:  72%|███████▏  | 538/750 [21:01<08:17,  2.35s/it][A
re-ranking g2t:  72%|███████▏  | 539/750 [21:03<08:15,  2.35s/it][A
re-ranking g2t:  72%|███████▏  | 540/750 [21:06<08:12,  2.35s/it][A
re-ranking g2t:  72%|███████▏  | 541/750 [21:08<08:10,  2.35s/it][A
re-ranking g2t:  72%|███████▏  | 542/750 [21:10<08:08,  2.35s/it][A
re-ranking g2t:  72%|███████▏  | 543/750 [21:13<08:05,  2.35s/it][A
re-ranking g2t:  73%|███████▎  | 544/750 [21:15<08:03,  2.35s/it][A
re-ranking g2t:  73%|███████▎  | 545/750 [21:17<08:01,  2.35s/it][A
re-ranking g2t:  73%|███████▎  | 546/750 [21:20<07:58,  2.35s/it][A
re-ranking g2t:  73%|███████▎  | 547/750 [21:22<07:56,  2.35s/it][A
re-ranking g2t:  73%|███████▎  | 548/750 [21:25<07:53,  2.35s/it][A
re-ranking g2t:  73%|███████▎  | 549/750 [21:27<07:51,  2.35s/it][A
re-ranking g2t:  73%|███████▎  | 550/750 [21:29<07:49,  2.35s/it][A
re-ranking g2t:  73%|███████▎  | 551/750 [21:32<07:46,  2.35s/it][A
re-ranking g2t:  74%|███████▎  | 552/750 [21:34<07:44,  2.35s/it][A
re-ranking g2t:  74%|███████▎  | 553/750 [21:36<07:42,  2.35s/it][A
re-ranking g2t:  74%|███████▍  | 554/750 [21:39<07:39,  2.35s/it][A
re-ranking g2t:  74%|███████▍  | 555/750 [21:41<07:37,  2.35s/it][A
re-ranking g2t:  74%|███████▍  | 556/750 [21:43<07:35,  2.35s/it][A
re-ranking g2t:  74%|███████▍  | 557/750 [21:46<07:32,  2.35s/it][A
re-ranking g2t:  74%|███████▍  | 558/750 [21:48<07:30,  2.34s/it][A
re-ranking g2t:  75%|███████▍  | 559/750 [21:50<07:27,  2.35s/it][A
re-ranking g2t:  75%|███████▍  | 560/750 [21:53<07:25,  2.35s/it][A
re-ranking g2t:  75%|███████▍  | 561/750 [21:55<07:23,  2.34s/it][A
re-ranking g2t:  75%|███████▍  | 562/750 [21:57<07:21,  2.35s/it][A
re-ranking g2t:  75%|███████▌  | 563/750 [22:00<07:18,  2.35s/it][A
re-ranking g2t:  75%|███████▌  | 564/750 [22:02<07:16,  2.35s/it][A
re-ranking g2t:  75%|███████▌  | 565/750 [22:04<07:13,  2.34s/it][A
re-ranking g2t:  75%|███████▌  | 566/750 [22:07<07:11,  2.34s/it][A
re-ranking g2t:  76%|███████▌  | 567/750 [22:09<07:09,  2.34s/it][A
re-ranking g2t:  76%|███████▌  | 568/750 [22:11<07:06,  2.34s/it][A
re-ranking g2t:  76%|███████▌  | 569/750 [22:14<07:04,  2.34s/it][A
re-ranking g2t:  76%|███████▌  | 570/750 [22:16<07:01,  2.34s/it][A
re-ranking g2t:  76%|███████▌  | 571/750 [22:18<06:59,  2.34s/it][A
re-ranking g2t:  76%|███████▋  | 572/750 [22:21<06:57,  2.34s/it][A
re-ranking g2t:  76%|███████▋  | 573/750 [22:23<06:54,  2.34s/it][A
re-ranking g2t:  77%|███████▋  | 574/750 [22:25<06:52,  2.34s/it][A
re-ranking g2t:  77%|███████▋  | 575/750 [22:28<06:50,  2.34s/it][A
re-ranking g2t:  77%|███████▋  | 576/750 [22:30<06:47,  2.34s/it][A
re-ranking g2t:  77%|███████▋  | 577/750 [22:33<06:45,  2.34s/it][A
re-ranking g2t:  77%|███████▋  | 578/750 [22:35<06:43,  2.34s/it][A
re-ranking g2t:  77%|███████▋  | 579/750 [22:37<06:40,  2.34s/it][A
re-ranking g2t:  77%|███████▋  | 580/750 [22:40<06:38,  2.34s/it][A
re-ranking g2t:  77%|███████▋  | 581/750 [22:42<06:36,  2.34s/it][A
re-ranking g2t:  78%|███████▊  | 582/750 [22:44<06:33,  2.34s/it][A
re-ranking g2t:  78%|███████▊  | 583/750 [22:47<06:31,  2.34s/it][A
re-ranking g2t:  78%|███████▊  | 584/750 [22:49<06:28,  2.34s/it][A
re-ranking g2t:  78%|███████▊  | 585/750 [22:51<06:26,  2.34s/it][A
re-ranking g2t:  78%|███████▊  | 586/750 [22:54<06:24,  2.34s/it][A
re-ranking g2t:  78%|███████▊  | 587/750 [22:56<06:22,  2.34s/it][A
re-ranking g2t:  78%|███████▊  | 588/750 [22:58<06:19,  2.34s/it][A
re-ranking g2t:  79%|███████▊  | 589/750 [23:01<06:17,  2.34s/it][A
re-ranking g2t:  79%|███████▊  | 590/750 [23:03<06:15,  2.34s/it][A
re-ranking g2t:  79%|███████▉  | 591/750 [23:05<06:12,  2.34s/it][A
re-ranking g2t:  79%|███████▉  | 592/750 [23:08<06:10,  2.34s/it][A
re-ranking g2t:  79%|███████▉  | 593/750 [23:10<06:08,  2.34s/it][A
re-ranking g2t:  79%|███████▉  | 594/750 [23:12<06:05,  2.34s/it][A
re-ranking g2t:  79%|███████▉  | 595/750 [23:15<06:03,  2.34s/it][A
re-ranking g2t:  79%|███████▉  | 596/750 [23:17<06:01,  2.35s/it][A
re-ranking g2t:  80%|███████▉  | 597/750 [23:19<05:58,  2.35s/it][A
re-ranking g2t:  80%|███████▉  | 598/750 [23:22<05:56,  2.35s/it][A
re-ranking g2t:  80%|███████▉  | 599/750 [23:24<05:54,  2.35s/it][A
re-ranking g2t:  80%|████████  | 600/750 [23:26<05:52,  2.35s/it][A
re-ranking g2t:  80%|████████  | 601/750 [23:29<05:49,  2.35s/it][A
re-ranking g2t:  80%|████████  | 602/750 [23:31<05:47,  2.35s/it][A
re-ranking g2t:  80%|████████  | 603/750 [23:33<05:45,  2.35s/it][A
re-ranking g2t:  81%|████████  | 604/750 [23:36<05:42,  2.35s/it][A
re-ranking g2t:  81%|████████  | 605/750 [23:38<05:40,  2.35s/it][A
re-ranking g2t:  81%|████████  | 606/750 [23:41<05:38,  2.35s/it][A
re-ranking g2t:  81%|████████  | 607/750 [23:43<05:35,  2.35s/it][A
re-ranking g2t:  81%|████████  | 608/750 [23:45<05:33,  2.35s/it][A
re-ranking g2t:  81%|████████  | 609/750 [23:48<05:30,  2.35s/it][A
re-ranking g2t:  81%|████████▏ | 610/750 [23:50<05:28,  2.35s/it][A
re-ranking g2t:  81%|████████▏ | 611/750 [23:52<05:26,  2.35s/it][A
re-ranking g2t:  82%|████████▏ | 612/750 [23:55<05:23,  2.35s/it][A
re-ranking g2t:  82%|████████▏ | 613/750 [23:57<05:21,  2.35s/it][A
re-ranking g2t:  82%|████████▏ | 614/750 [23:59<05:19,  2.35s/it][A
re-ranking g2t:  82%|████████▏ | 615/750 [24:02<05:16,  2.34s/it][A
re-ranking g2t:  82%|████████▏ | 616/750 [24:04<05:14,  2.34s/it][A
re-ranking g2t:  82%|████████▏ | 617/750 [24:06<05:11,  2.34s/it][A
re-ranking g2t:  82%|████████▏ | 618/750 [24:09<05:09,  2.34s/it][A
re-ranking g2t:  83%|████████▎ | 619/750 [24:11<05:07,  2.34s/it][A
re-ranking g2t:  83%|████████▎ | 620/750 [24:13<05:04,  2.34s/it][A
re-ranking g2t:  83%|████████▎ | 621/750 [24:16<05:02,  2.35s/it][A
re-ranking g2t:  83%|████████▎ | 622/750 [24:18<05:00,  2.34s/it][A
re-ranking g2t:  83%|████████▎ | 623/750 [24:20<04:57,  2.34s/it][A
re-ranking g2t:  83%|████████▎ | 624/750 [24:23<04:55,  2.35s/it][A
re-ranking g2t:  83%|████████▎ | 625/750 [24:25<04:53,  2.35s/it][A
re-ranking g2t:  83%|████████▎ | 626/750 [24:27<04:51,  2.35s/it][A
re-ranking g2t:  84%|████████▎ | 627/750 [24:30<04:48,  2.35s/it][A
re-ranking g2t:  84%|████████▎ | 628/750 [24:32<04:46,  2.35s/it][A
re-ranking g2t:  84%|████████▍ | 629/750 [24:34<04:44,  2.35s/it][A
re-ranking g2t:  84%|████████▍ | 630/750 [24:37<04:41,  2.35s/it][A
re-ranking g2t:  84%|████████▍ | 631/750 [24:39<04:39,  2.35s/it][A
re-ranking g2t:  84%|████████▍ | 632/750 [24:42<04:36,  2.35s/it][A
re-ranking g2t:  84%|████████▍ | 633/750 [24:44<04:34,  2.34s/it][A
re-ranking g2t:  85%|████████▍ | 634/750 [24:46<04:32,  2.34s/it][A
re-ranking g2t:  85%|████████▍ | 635/750 [24:49<04:29,  2.34s/it][A
re-ranking g2t:  85%|████████▍ | 636/750 [24:51<04:27,  2.34s/it][A
re-ranking g2t:  85%|████████▍ | 637/750 [24:53<04:24,  2.34s/it][A
re-ranking g2t:  85%|████████▌ | 638/750 [24:56<04:22,  2.35s/it][A
re-ranking g2t:  85%|████████▌ | 639/750 [24:58<04:20,  2.34s/it][A
re-ranking g2t:  85%|████████▌ | 640/750 [25:00<04:17,  2.34s/it][A
re-ranking g2t:  85%|████████▌ | 641/750 [25:03<04:15,  2.34s/it][A
re-ranking g2t:  86%|████████▌ | 642/750 [25:05<04:13,  2.34s/it][A
re-ranking g2t:  86%|████████▌ | 643/750 [25:07<04:10,  2.34s/it][A
re-ranking g2t:  86%|████████▌ | 644/750 [25:10<04:08,  2.35s/it][A
re-ranking g2t:  86%|████████▌ | 645/750 [25:12<04:06,  2.35s/it][A
re-ranking g2t:  86%|████████▌ | 646/750 [25:14<04:03,  2.34s/it][A
re-ranking g2t:  86%|████████▋ | 647/750 [25:17<04:01,  2.35s/it][A
re-ranking g2t:  86%|████████▋ | 648/750 [25:19<03:59,  2.35s/it][A
re-ranking g2t:  87%|████████▋ | 649/750 [25:21<03:56,  2.35s/it][A
re-ranking g2t:  87%|████████▋ | 650/750 [25:24<03:54,  2.35s/it][A
re-ranking g2t:  87%|████████▋ | 651/750 [25:26<03:52,  2.35s/it][A
re-ranking g2t:  87%|████████▋ | 652/750 [25:28<03:49,  2.35s/it][A
re-ranking g2t:  87%|████████▋ | 653/750 [25:31<03:47,  2.35s/it][A
re-ranking g2t:  87%|████████▋ | 654/750 [25:33<03:45,  2.35s/it][A
re-ranking g2t:  87%|████████▋ | 655/750 [25:35<03:42,  2.35s/it][A
re-ranking g2t:  87%|████████▋ | 656/750 [25:38<03:40,  2.35s/it][A
re-ranking g2t:  88%|████████▊ | 657/750 [25:40<03:38,  2.35s/it][A
re-ranking g2t:  88%|████████▊ | 658/750 [25:42<03:35,  2.34s/it][A
re-ranking g2t:  88%|████████▊ | 659/750 [25:45<03:33,  2.34s/it][A
re-ranking g2t:  88%|████████▊ | 660/750 [25:47<03:31,  2.34s/it][A
re-ranking g2t:  88%|████████▊ | 661/750 [25:50<03:28,  2.34s/it][A
re-ranking g2t:  88%|████████▊ | 662/750 [25:52<03:26,  2.34s/it][A
re-ranking g2t:  88%|████████▊ | 663/750 [25:54<03:23,  2.34s/it][A
re-ranking g2t:  89%|████████▊ | 664/750 [25:57<03:21,  2.34s/it][A
re-ranking g2t:  89%|████████▊ | 665/750 [25:59<03:19,  2.34s/it][A
re-ranking g2t:  89%|████████▉ | 666/750 [26:01<03:16,  2.34s/it][A
re-ranking g2t:  89%|████████▉ | 667/750 [26:04<03:14,  2.34s/it][A
re-ranking g2t:  89%|████████▉ | 668/750 [26:06<03:12,  2.34s/it][A
re-ranking g2t:  89%|████████▉ | 669/750 [26:08<03:09,  2.34s/it][A
re-ranking g2t:  89%|████████▉ | 670/750 [26:11<03:07,  2.34s/it][A
re-ranking g2t:  89%|████████▉ | 671/750 [26:13<03:05,  2.34s/it][A
re-ranking g2t:  90%|████████▉ | 672/750 [26:15<03:02,  2.34s/it][A
re-ranking g2t:  90%|████████▉ | 673/750 [26:18<03:00,  2.34s/it][A
re-ranking g2t:  90%|████████▉ | 674/750 [26:20<02:58,  2.34s/it][A
re-ranking g2t:  90%|█████████ | 675/750 [26:22<02:55,  2.34s/it][A
re-ranking g2t:  90%|█████████ | 676/750 [26:25<02:53,  2.34s/it][A
re-ranking g2t:  90%|█████████ | 677/750 [26:27<02:51,  2.34s/it][A
re-ranking g2t:  90%|█████████ | 678/750 [26:29<02:48,  2.34s/it][A
re-ranking g2t:  91%|█████████ | 679/750 [26:32<02:46,  2.34s/it][A
re-ranking g2t:  91%|█████████ | 680/750 [26:34<02:43,  2.34s/it][A
re-ranking g2t:  91%|█████████ | 681/750 [26:36<02:41,  2.34s/it][A
re-ranking g2t:  91%|█████████ | 682/750 [26:39<02:39,  2.34s/it][A
re-ranking g2t:  91%|█████████ | 683/750 [26:41<02:37,  2.34s/it][A
re-ranking g2t:  91%|█████████ | 684/750 [26:43<02:34,  2.34s/it][A
re-ranking g2t:  91%|█████████▏| 685/750 [26:46<02:32,  2.34s/it][A
re-ranking g2t:  91%|█████████▏| 686/750 [26:48<02:29,  2.34s/it][A
re-ranking g2t:  92%|█████████▏| 687/750 [26:50<02:27,  2.34s/it][A
re-ranking g2t:  92%|█████████▏| 688/750 [26:53<02:25,  2.35s/it][A
re-ranking g2t:  92%|█████████▏| 689/750 [26:55<02:23,  2.35s/it][A
re-ranking g2t:  92%|█████████▏| 690/750 [26:58<02:20,  2.34s/it][A
re-ranking g2t:  92%|█████████▏| 691/750 [27:00<02:18,  2.34s/it][A
re-ranking g2t:  92%|█████████▏| 692/750 [27:02<02:16,  2.35s/it][A
re-ranking g2t:  92%|█████████▏| 693/750 [27:05<02:13,  2.35s/it][A
re-ranking g2t:  93%|█████████▎| 694/750 [27:07<02:11,  2.35s/it][A
re-ranking g2t:  93%|█████████▎| 695/750 [27:09<02:09,  2.35s/it][A
re-ranking g2t:  93%|█████████▎| 696/750 [27:12<02:06,  2.35s/it][A
re-ranking g2t:  93%|█████████▎| 697/750 [27:14<02:04,  2.35s/it][A
re-ranking g2t:  93%|█████████▎| 698/750 [27:16<02:01,  2.34s/it][A
re-ranking g2t:  93%|█████████▎| 699/750 [27:19<01:59,  2.35s/it][A
re-ranking g2t:  93%|█████████▎| 700/750 [27:21<01:57,  2.35s/it][A
re-ranking g2t:  93%|█████████▎| 701/750 [27:23<01:54,  2.35s/it][A
re-ranking g2t:  94%|█████████▎| 702/750 [27:26<01:52,  2.35s/it][A
re-ranking g2t:  94%|█████████▎| 703/750 [27:28<01:50,  2.35s/it][A
re-ranking g2t:  94%|█████████▍| 704/750 [27:30<01:47,  2.35s/it][A
re-ranking g2t:  94%|█████████▍| 705/750 [27:33<01:45,  2.34s/it][A
re-ranking g2t:  94%|█████████▍| 706/750 [27:35<01:43,  2.34s/it][A
re-ranking g2t:  94%|█████████▍| 707/750 [27:37<01:40,  2.35s/it][A
re-ranking g2t:  94%|█████████▍| 708/750 [27:40<01:38,  2.34s/it][A
re-ranking g2t:  95%|█████████▍| 709/750 [27:42<01:36,  2.34s/it][A
re-ranking g2t:  95%|█████████▍| 710/750 [27:44<01:33,  2.34s/it][A
re-ranking g2t:  95%|█████████▍| 711/750 [27:47<01:31,  2.35s/it][A
re-ranking g2t:  95%|█████████▍| 712/750 [27:49<01:29,  2.35s/it][A
re-ranking g2t:  95%|█████████▌| 713/750 [27:51<01:26,  2.35s/it][A
re-ranking g2t:  95%|█████████▌| 714/750 [27:54<01:24,  2.34s/it][A
re-ranking g2t:  95%|█████████▌| 715/750 [27:56<01:22,  2.35s/it][A
re-ranking g2t:  95%|█████████▌| 716/750 [27:58<01:19,  2.34s/it][A
re-ranking g2t:  96%|█████████▌| 717/750 [28:01<01:17,  2.34s/it][A
re-ranking g2t:  96%|█████████▌| 718/750 [28:03<01:15,  2.34s/it][A
re-ranking g2t:  96%|█████████▌| 719/750 [28:06<01:12,  2.34s/it][A
re-ranking g2t:  96%|█████████▌| 720/750 [28:08<01:10,  2.35s/it][A
re-ranking g2t:  96%|█████████▌| 721/750 [28:10<01:08,  2.35s/it][A
re-ranking g2t:  96%|█████████▋| 722/750 [28:13<01:05,  2.34s/it][A
re-ranking g2t:  96%|█████████▋| 723/750 [28:15<01:03,  2.34s/it][A
re-ranking g2t:  97%|█████████▋| 724/750 [28:17<01:00,  2.34s/it][A
re-ranking g2t:  97%|█████████▋| 725/750 [28:20<00:58,  2.34s/it][A
re-ranking g2t:  97%|█████████▋| 726/750 [28:22<00:56,  2.34s/it][A
re-ranking g2t:  97%|█████████▋| 727/750 [28:24<00:53,  2.35s/it][A
re-ranking g2t:  97%|█████████▋| 728/750 [28:27<00:51,  2.34s/it][A
re-ranking g2t:  97%|█████████▋| 729/750 [28:29<00:49,  2.34s/it][A
re-ranking g2t:  97%|█████████▋| 730/750 [28:31<00:46,  2.34s/it][A
re-ranking g2t:  97%|█████████▋| 731/750 [28:34<00:44,  2.34s/it][A
re-ranking g2t:  98%|█████████▊| 732/750 [28:36<00:42,  2.34s/it][A
re-ranking g2t:  98%|█████████▊| 733/750 [28:38<00:39,  2.34s/it][A
re-ranking g2t:  98%|█████████▊| 734/750 [28:41<00:37,  2.34s/it][A
re-ranking g2t:  98%|█████████▊| 735/750 [28:43<00:35,  2.35s/it][A
re-ranking g2t:  98%|█████████▊| 736/750 [28:45<00:32,  2.34s/it][A
re-ranking g2t:  98%|█████████▊| 737/750 [28:48<00:30,  2.34s/it][A
re-ranking g2t:  98%|█████████▊| 738/750 [28:50<00:28,  2.35s/it][A
re-ranking g2t:  99%|█████████▊| 739/750 [28:52<00:25,  2.35s/it][A
re-ranking g2t:  99%|█████████▊| 740/750 [28:55<00:23,  2.34s/it][A
re-ranking g2t:  99%|█████████▉| 741/750 [28:57<00:21,  2.34s/it][A
re-ranking g2t:  99%|█████████▉| 742/750 [28:59<00:18,  2.34s/it][A
re-ranking g2t:  99%|█████████▉| 743/750 [29:02<00:16,  2.34s/it][A
re-ranking g2t:  99%|█████████▉| 744/750 [29:04<00:14,  2.34s/it][A
re-ranking g2t:  99%|█████████▉| 745/750 [29:06<00:11,  2.34s/it][A
re-ranking g2t:  99%|█████████▉| 746/750 [29:09<00:09,  2.34s/it][A
re-ranking g2t: 100%|█████████▉| 747/750 [29:11<00:07,  2.34s/it][A
re-ranking g2t: 100%|█████████▉| 748/750 [29:13<00:04,  2.34s/it][A
re-ranking g2t: 100%|█████████▉| 749/750 [29:16<00:02,  2.34s/it][A
re-ranking g2t: 100%|██████████| 750/750 [29:17<00:00,  1.99s/it][A
re-ranking g2t: 100%|██████████| 750/750 [29:17<00:00,  2.34s/it]
re-ranking t2g:   0%|          | 0/750 [00:00<?, ?it/s][A
re-ranking t2g:   0%|          | 1/750 [00:02<30:36,  2.45s/it][A
re-ranking t2g:   0%|          | 2/750 [00:04<30:29,  2.45s/it][A
re-ranking t2g:   0%|          | 3/750 [00:07<30:24,  2.44s/it][A
re-ranking t2g:   1%|          | 4/750 [00:09<30:22,  2.44s/it][A
re-ranking t2g:   1%|          | 5/750 [00:12<30:20,  2.44s/it][A
re-ranking t2g:   1%|          | 6/750 [00:14<30:19,  2.45s/it][A
re-ranking t2g:   1%|          | 7/750 [00:17<30:17,  2.45s/it][A
re-ranking t2g:   1%|          | 8/750 [00:19<30:14,  2.45s/it][A
re-ranking t2g:   1%|          | 9/750 [00:22<30:12,  2.45s/it][A
re-ranking t2g:   1%|▏         | 10/750 [00:24<30:09,  2.45s/it][A
re-ranking t2g:   1%|▏         | 11/750 [00:26<30:06,  2.44s/it][A
re-ranking t2g:   2%|▏         | 12/750 [00:29<30:04,  2.45s/it][A
re-ranking t2g:   2%|▏         | 13/750 [00:31<30:02,  2.45s/it][A
re-ranking t2g:   2%|▏         | 14/750 [00:34<29:59,  2.44s/it][A
re-ranking t2g:   2%|▏         | 15/750 [00:36<29:57,  2.45s/it][A
re-ranking t2g:   2%|▏         | 16/750 [00:39<29:53,  2.44s/it][A
re-ranking t2g:   2%|▏         | 17/750 [00:41<29:51,  2.44s/it][A
re-ranking t2g:   2%|▏         | 18/750 [00:44<29:49,  2.44s/it][A
re-ranking t2g:   3%|▎         | 19/750 [00:46<29:46,  2.44s/it][A
re-ranking t2g:   3%|▎         | 20/750 [00:48<29:44,  2.44s/it][A
re-ranking t2g:   3%|▎         | 21/750 [00:51<29:40,  2.44s/it][A
re-ranking t2g:   3%|▎         | 22/750 [00:53<29:40,  2.45s/it][A
re-ranking t2g:   3%|▎         | 23/750 [00:56<29:37,  2.45s/it][A
re-ranking t2g:   3%|▎         | 24/750 [00:58<29:34,  2.44s/it][A
re-ranking t2g:   3%|▎         | 25/750 [01:01<29:31,  2.44s/it][A
re-ranking t2g:   3%|▎         | 26/750 [01:03<29:30,  2.45s/it][A
re-ranking t2g:   4%|▎         | 27/750 [01:06<29:28,  2.45s/it][A
re-ranking t2g:   4%|▎         | 28/750 [01:08<29:24,  2.44s/it][A
re-ranking t2g:   4%|▍         | 29/750 [01:10<29:21,  2.44s/it][A
re-ranking t2g:   4%|▍         | 30/750 [01:13<29:19,  2.44s/it][A
re-ranking t2g:   4%|▍         | 31/750 [01:15<29:17,  2.44s/it][A
re-ranking t2g:   4%|▍         | 32/750 [01:18<29:14,  2.44s/it][A
re-ranking t2g:   4%|▍         | 33/750 [01:20<29:10,  2.44s/it][A
re-ranking t2g:   5%|▍         | 34/750 [01:23<29:07,  2.44s/it][A
re-ranking t2g:   5%|▍         | 35/750 [01:25<29:04,  2.44s/it][A
re-ranking t2g:   5%|▍         | 36/750 [01:27<29:01,  2.44s/it][A
re-ranking t2g:   5%|▍         | 37/750 [01:30<28:59,  2.44s/it][A
re-ranking t2g:   5%|▌         | 38/750 [01:32<28:57,  2.44s/it][A
re-ranking t2g:   5%|▌         | 39/750 [01:35<28:57,  2.44s/it][A
re-ranking t2g:   5%|▌         | 40/750 [01:37<28:57,  2.45s/it][A
re-ranking t2g:   5%|▌         | 41/750 [01:40<28:52,  2.44s/it][A
re-ranking t2g:   6%|▌         | 42/750 [01:42<28:49,  2.44s/it][A
re-ranking t2g:   6%|▌         | 43/750 [01:45<28:45,  2.44s/it][A
re-ranking t2g:   6%|▌         | 44/750 [01:47<28:45,  2.44s/it][A
re-ranking t2g:   6%|▌         | 45/750 [01:49<28:41,  2.44s/it][A
re-ranking t2g:   6%|▌         | 46/750 [01:52<28:39,  2.44s/it][A
re-ranking t2g:   6%|▋         | 47/750 [01:54<28:37,  2.44s/it][A
re-ranking t2g:   6%|▋         | 48/750 [01:57<28:36,  2.44s/it][A
re-ranking t2g:   7%|▋         | 49/750 [01:59<28:33,  2.44s/it][A
re-ranking t2g:   7%|▋         | 50/750 [02:02<28:31,  2.44s/it][A
re-ranking t2g:   7%|▋         | 51/750 [02:04<28:29,  2.45s/it][A
re-ranking t2g:   7%|▋         | 52/750 [02:07<28:27,  2.45s/it][A
re-ranking t2g:   7%|▋         | 53/750 [02:09<28:25,  2.45s/it][A
re-ranking t2g:   7%|▋         | 54/750 [02:11<28:22,  2.45s/it][A
re-ranking t2g:   7%|▋         | 55/750 [02:14<28:19,  2.45s/it][A
re-ranking t2g:   7%|▋         | 56/750 [02:16<28:16,  2.44s/it][A
re-ranking t2g:   8%|▊         | 57/750 [02:19<28:13,  2.44s/it][A
re-ranking t2g:   8%|▊         | 58/750 [02:21<28:11,  2.44s/it][A
re-ranking t2g:   8%|▊         | 59/750 [02:24<28:08,  2.44s/it][A
re-ranking t2g:   8%|▊         | 60/750 [02:26<28:05,  2.44s/it][A
re-ranking t2g:   8%|▊         | 61/750 [02:29<28:02,  2.44s/it][A
re-ranking t2g:   8%|▊         | 62/750 [02:31<28:00,  2.44s/it][A
re-ranking t2g:   8%|▊         | 63/750 [02:33<27:57,  2.44s/it][A
re-ranking t2g:   9%|▊         | 64/750 [02:36<27:54,  2.44s/it][A
re-ranking t2g:   9%|▊         | 65/750 [02:38<27:53,  2.44s/it][A
re-ranking t2g:   9%|▉         | 66/750 [02:41<27:52,  2.44s/it][A
re-ranking t2g:   9%|▉         | 67/750 [02:43<27:50,  2.45s/it][A
re-ranking t2g:   9%|▉         | 68/750 [02:46<27:49,  2.45s/it][A
re-ranking t2g:   9%|▉         | 69/750 [02:48<27:47,  2.45s/it][A
re-ranking t2g:   9%|▉         | 70/750 [02:51<27:43,  2.45s/it][A
re-ranking t2g:   9%|▉         | 71/750 [02:53<27:39,  2.44s/it][A
re-ranking t2g:  10%|▉         | 72/750 [02:55<27:34,  2.44s/it][A
re-ranking t2g:  10%|▉         | 73/750 [02:58<27:33,  2.44s/it][A
re-ranking t2g:  10%|▉         | 74/750 [03:00<27:31,  2.44s/it][A
re-ranking t2g:  10%|█         | 75/750 [03:03<27:29,  2.44s/it][A
re-ranking t2g:  10%|█         | 76/750 [03:05<27:26,  2.44s/it][A
re-ranking t2g:  10%|█         | 77/750 [03:08<27:24,  2.44s/it][A
re-ranking t2g:  10%|█         | 78/750 [03:10<27:22,  2.44s/it][A
re-ranking t2g:  11%|█         | 79/750 [03:13<27:21,  2.45s/it][A
re-ranking t2g:  11%|█         | 80/750 [03:15<27:18,  2.45s/it][A
re-ranking t2g:  11%|█         | 81/750 [03:17<27:16,  2.45s/it][A
re-ranking t2g:  11%|█         | 82/750 [03:20<27:12,  2.44s/it][A
re-ranking t2g:  11%|█         | 83/750 [03:22<27:10,  2.45s/it][A
re-ranking t2g:  11%|█         | 84/750 [03:25<27:08,  2.45s/it][A
re-ranking t2g:  11%|█▏        | 85/750 [03:27<27:06,  2.45s/it][A
re-ranking t2g:  11%|█▏        | 86/750 [03:30<27:03,  2.45s/it][A
re-ranking t2g:  12%|█▏        | 87/750 [03:32<27:00,  2.44s/it][A
re-ranking t2g:  12%|█▏        | 88/750 [03:35<26:56,  2.44s/it][A
re-ranking t2g:  12%|█▏        | 89/750 [03:37<26:54,  2.44s/it][A
re-ranking t2g:  12%|█▏        | 90/750 [03:39<26:53,  2.44s/it][A
re-ranking t2g:  12%|█▏        | 91/750 [03:42<26:52,  2.45s/it][A
re-ranking t2g:  12%|█▏        | 92/750 [03:44<26:50,  2.45s/it][A
re-ranking t2g:  12%|█▏        | 93/750 [03:47<26:47,  2.45s/it][A
re-ranking t2g:  13%|█▎        | 94/750 [03:49<26:43,  2.44s/it][A
re-ranking t2g:  13%|█▎        | 95/750 [03:52<26:39,  2.44s/it][A
re-ranking t2g:  13%|█▎        | 96/750 [03:54<26:37,  2.44s/it][A
re-ranking t2g:  13%|█▎        | 97/750 [03:57<26:35,  2.44s/it][A
re-ranking t2g:  13%|█▎        | 98/750 [03:59<26:33,  2.44s/it][A
re-ranking t2g:  13%|█▎        | 99/750 [04:01<26:29,  2.44s/it][A
re-ranking t2g:  13%|█▎        | 100/750 [04:04<26:26,  2.44s/it][A
re-ranking t2g:  13%|█▎        | 101/750 [04:06<26:22,  2.44s/it][A
re-ranking t2g:  14%|█▎        | 102/750 [04:09<26:19,  2.44s/it][A
re-ranking t2g:  14%|█▎        | 103/750 [04:11<26:17,  2.44s/it][A
re-ranking t2g:  14%|█▍        | 104/750 [04:14<26:17,  2.44s/it][A
re-ranking t2g:  14%|█▍        | 105/750 [04:16<26:15,  2.44s/it][A
re-ranking t2g:  14%|█▍        | 106/750 [04:19<26:14,  2.44s/it][A
re-ranking t2g:  14%|█▍        | 107/750 [04:21<26:12,  2.45s/it][A
re-ranking t2g:  14%|█▍        | 108/750 [04:23<26:11,  2.45s/it][A
re-ranking t2g:  15%|█▍        | 109/750 [04:26<26:07,  2.45s/it][A
re-ranking t2g:  15%|█▍        | 110/750 [04:28<26:04,  2.45s/it][A
re-ranking t2g:  15%|█▍        | 111/750 [04:31<26:02,  2.45s/it][A
re-ranking t2g:  15%|█▍        | 112/750 [04:33<26:01,  2.45s/it][A
re-ranking t2g:  15%|█▌        | 113/750 [04:36<26:00,  2.45s/it][A
re-ranking t2g:  15%|█▌        | 114/750 [04:38<25:56,  2.45s/it][A
re-ranking t2g:  15%|█▌        | 115/750 [04:41<25:53,  2.45s/it][A
re-ranking t2g:  15%|█▌        | 116/750 [04:43<25:50,  2.45s/it][A
re-ranking t2g:  16%|█▌        | 117/750 [04:45<25:46,  2.44s/it][A
re-ranking t2g:  16%|█▌        | 118/750 [04:48<25:43,  2.44s/it][A
re-ranking t2g:  16%|█▌        | 119/750 [04:50<25:41,  2.44s/it][A
re-ranking t2g:  16%|█▌        | 120/750 [04:53<25:40,  2.44s/it][A
re-ranking t2g:  16%|█▌        | 121/750 [04:55<25:37,  2.44s/it][A
re-ranking t2g:  16%|█▋        | 122/750 [04:58<25:32,  2.44s/it][A
re-ranking t2g:  16%|█▋        | 123/750 [05:00<25:29,  2.44s/it][A
re-ranking t2g:  17%|█▋        | 124/750 [05:03<25:25,  2.44s/it][A
re-ranking t2g:  17%|█▋        | 125/750 [05:05<25:24,  2.44s/it][A
re-ranking t2g:  17%|█▋        | 126/750 [05:07<25:23,  2.44s/it][A
re-ranking t2g:  17%|█▋        | 127/750 [05:10<25:21,  2.44s/it][A
re-ranking t2g:  17%|█▋        | 128/750 [05:12<25:20,  2.44s/it][A
re-ranking t2g:  17%|█▋        | 129/750 [05:15<25:16,  2.44s/it][A
re-ranking t2g:  17%|█▋        | 130/750 [05:17<25:10,  2.44s/it][A
re-ranking t2g:  17%|█▋        | 131/750 [05:20<25:06,  2.43s/it][A
re-ranking t2g:  18%|█▊        | 132/750 [05:22<25:04,  2.43s/it][A
re-ranking t2g:  18%|█▊        | 133/750 [05:24<25:03,  2.44s/it][A
re-ranking t2g:  18%|█▊        | 134/750 [05:27<25:01,  2.44s/it][A
re-ranking t2g:  18%|█▊        | 135/750 [05:29<25:00,  2.44s/it][A
re-ranking t2g:  18%|█▊        | 136/750 [05:32<24:58,  2.44s/it][A
re-ranking t2g:  18%|█▊        | 137/750 [05:34<24:56,  2.44s/it][A
re-ranking t2g:  18%|█▊        | 138/750 [05:37<24:55,  2.44s/it][A
re-ranking t2g:  19%|█▊        | 139/750 [05:39<24:52,  2.44s/it][A
re-ranking t2g:  19%|█▊        | 140/750 [05:42<24:50,  2.44s/it][A
re-ranking t2g:  19%|█▉        | 141/750 [05:44<24:47,  2.44s/it][A
re-ranking t2g:  19%|█▉        | 142/750 [05:46<24:44,  2.44s/it][A
re-ranking t2g:  19%|█▉        | 143/750 [05:49<24:42,  2.44s/it][A
re-ranking t2g:  19%|█▉        | 144/750 [05:51<24:39,  2.44s/it][A
re-ranking t2g:  19%|█▉        | 145/750 [05:54<24:37,  2.44s/it][A
re-ranking t2g:  19%|█▉        | 146/750 [05:56<24:34,  2.44s/it][A
re-ranking t2g:  20%|█▉        | 147/750 [05:59<24:32,  2.44s/it][A
re-ranking t2g:  20%|█▉        | 148/750 [06:01<24:31,  2.44s/it][A
re-ranking t2g:  20%|█▉        | 149/750 [06:04<24:28,  2.44s/it][A
re-ranking t2g:  20%|██        | 150/750 [06:06<24:25,  2.44s/it][A
re-ranking t2g:  20%|██        | 151/750 [06:08<24:22,  2.44s/it][A
re-ranking t2g:  20%|██        | 152/750 [06:11<24:20,  2.44s/it][A
re-ranking t2g:  20%|██        | 153/750 [06:13<24:19,  2.44s/it][A
re-ranking t2g:  21%|██        | 154/750 [06:16<24:18,  2.45s/it][A
re-ranking t2g:  21%|██        | 155/750 [06:18<24:15,  2.45s/it][A
re-ranking t2g:  21%|██        | 156/750 [06:21<24:11,  2.44s/it][A
re-ranking t2g:  21%|██        | 157/750 [06:23<24:09,  2.44s/it][A
re-ranking t2g:  21%|██        | 158/750 [06:26<24:07,  2.44s/it][A
re-ranking t2g:  21%|██        | 159/750 [06:28<24:03,  2.44s/it][A
re-ranking t2g:  21%|██▏       | 160/750 [06:30<24:01,  2.44s/it][A
re-ranking t2g:  21%|██▏       | 161/750 [06:33<23:58,  2.44s/it][A
re-ranking t2g:  22%|██▏       | 162/750 [06:35<23:55,  2.44s/it][A
re-ranking t2g:  22%|██▏       | 163/750 [06:38<23:54,  2.44s/it][A
re-ranking t2g:  22%|██▏       | 164/750 [06:40<23:53,  2.45s/it][A
re-ranking t2g:  22%|██▏       | 165/750 [06:43<23:51,  2.45s/it][A
re-ranking t2g:  22%|██▏       | 166/750 [06:45<23:49,  2.45s/it][A
re-ranking t2g:  22%|██▏       | 167/750 [06:48<23:45,  2.45s/it][A
re-ranking t2g:  22%|██▏       | 168/750 [06:50<23:43,  2.45s/it][A
re-ranking t2g:  23%|██▎       | 169/750 [06:52<23:41,  2.45s/it][A
re-ranking t2g:  23%|██▎       | 170/750 [06:55<23:38,  2.45s/it][A
re-ranking t2g:  23%|██▎       | 171/750 [06:57<23:36,  2.45s/it][A
re-ranking t2g:  23%|██▎       | 172/750 [07:00<23:33,  2.45s/it][A
re-ranking t2g:  23%|██▎       | 173/750 [07:02<23:30,  2.44s/it][A
re-ranking t2g:  23%|██▎       | 174/750 [07:05<23:27,  2.44s/it][A
re-ranking t2g:  23%|██▎       | 175/750 [07:07<23:25,  2.45s/it][A
re-ranking t2g:  23%|██▎       | 176/750 [07:10<23:24,  2.45s/it][A
re-ranking t2g:  24%|██▎       | 177/750 [07:12<23:20,  2.44s/it][A
re-ranking t2g:  24%|██▎       | 178/750 [07:14<23:19,  2.45s/it][A
re-ranking t2g:  24%|██▍       | 179/750 [07:17<23:15,  2.44s/it][A
re-ranking t2g:  24%|██▍       | 180/750 [07:19<23:12,  2.44s/it][A
re-ranking t2g:  24%|██▍       | 181/750 [07:22<23:09,  2.44s/it][A
re-ranking t2g:  24%|██▍       | 182/750 [07:24<23:08,  2.44s/it][A
re-ranking t2g:  24%|██▍       | 183/750 [07:27<23:06,  2.44s/it][A
re-ranking t2g:  25%|██▍       | 184/750 [07:29<23:02,  2.44s/it][A
re-ranking t2g:  25%|██▍       | 185/750 [07:32<22:59,  2.44s/it][A
re-ranking t2g:  25%|██▍       | 186/750 [07:34<22:58,  2.44s/it][A
re-ranking t2g:  25%|██▍       | 187/750 [07:36<22:52,  2.44s/it][A
re-ranking t2g:  25%|██▌       | 188/750 [07:39<22:49,  2.44s/it][A
re-ranking t2g:  25%|██▌       | 189/750 [07:41<22:44,  2.43s/it][A
re-ranking t2g:  25%|██▌       | 190/750 [07:44<22:42,  2.43s/it][A
re-ranking t2g:  25%|██▌       | 191/750 [07:46<22:39,  2.43s/it][A
re-ranking t2g:  26%|██▌       | 192/750 [07:49<22:37,  2.43s/it][A
re-ranking t2g:  26%|██▌       | 193/750 [07:51<22:34,  2.43s/it][A
re-ranking t2g:  26%|██▌       | 194/750 [07:53<22:32,  2.43s/it][A
re-ranking t2g:  26%|██▌       | 195/750 [07:56<22:29,  2.43s/it][A
re-ranking t2g:  26%|██▌       | 196/750 [07:58<22:28,  2.43s/it][A
re-ranking t2g:  26%|██▋       | 197/750 [08:01<22:25,  2.43s/it][A
re-ranking t2g:  26%|██▋       | 198/750 [08:03<22:22,  2.43s/it][A
re-ranking t2g:  27%|██▋       | 199/750 [08:06<22:21,  2.43s/it][A
re-ranking t2g:  27%|██▋       | 200/750 [08:08<22:18,  2.43s/it][A
re-ranking t2g:  27%|██▋       | 201/750 [08:10<22:14,  2.43s/it][A
re-ranking t2g:  27%|██▋       | 202/750 [08:13<22:11,  2.43s/it][A
re-ranking t2g:  27%|██▋       | 203/750 [08:15<22:09,  2.43s/it][A
re-ranking t2g:  27%|██▋       | 204/750 [08:18<22:07,  2.43s/it][A
re-ranking t2g:  27%|██▋       | 205/750 [08:20<22:04,  2.43s/it][A
re-ranking t2g:  27%|██▋       | 206/750 [08:23<22:02,  2.43s/it][A
re-ranking t2g:  28%|██▊       | 207/750 [08:25<21:59,  2.43s/it][A
re-ranking t2g:  28%|██▊       | 208/750 [08:27<21:56,  2.43s/it][A
re-ranking t2g:  28%|██▊       | 209/750 [08:30<21:53,  2.43s/it][A
re-ranking t2g:  28%|██▊       | 210/750 [08:32<21:50,  2.43s/it][A
re-ranking t2g:  28%|██▊       | 211/750 [08:35<21:48,  2.43s/it][A
re-ranking t2g:  28%|██▊       | 212/750 [08:37<21:46,  2.43s/it][A
re-ranking t2g:  28%|██▊       | 213/750 [08:40<21:44,  2.43s/it][A
re-ranking t2g:  29%|██▊       | 214/750 [08:42<21:41,  2.43s/it][A
re-ranking t2g:  29%|██▊       | 215/750 [08:44<21:38,  2.43s/it][A
re-ranking t2g:  29%|██▉       | 216/750 [08:47<21:36,  2.43s/it][A
re-ranking t2g:  29%|██▉       | 217/750 [08:49<21:33,  2.43s/it][A
re-ranking t2g:  29%|██▉       | 218/750 [08:52<21:31,  2.43s/it][A
re-ranking t2g:  29%|██▉       | 219/750 [08:54<21:29,  2.43s/it][A
re-ranking t2g:  29%|██▉       | 220/750 [08:57<21:27,  2.43s/it][A
re-ranking t2g:  29%|██▉       | 221/750 [08:59<21:25,  2.43s/it][A
re-ranking t2g:  30%|██▉       | 222/750 [09:01<21:23,  2.43s/it][A
re-ranking t2g:  30%|██▉       | 223/750 [09:04<21:21,  2.43s/it][A
re-ranking t2g:  30%|██▉       | 224/750 [09:06<21:21,  2.44s/it][A
re-ranking t2g:  30%|███       | 225/750 [09:09<21:21,  2.44s/it][A
re-ranking t2g:  30%|███       | 226/750 [09:11<21:19,  2.44s/it][A
re-ranking t2g:  30%|███       | 227/750 [09:14<21:17,  2.44s/it][A
re-ranking t2g:  30%|███       | 228/750 [09:16<21:12,  2.44s/it][A
re-ranking t2g:  31%|███       | 229/750 [09:19<21:10,  2.44s/it][A
re-ranking t2g:  31%|███       | 230/750 [09:21<21:06,  2.44s/it][A
re-ranking t2g:  31%|███       | 231/750 [09:23<21:02,  2.43s/it][A
re-ranking t2g:  31%|███       | 232/750 [09:26<21:01,  2.43s/it][A
re-ranking t2g:  31%|███       | 233/750 [09:28<20:57,  2.43s/it][A
re-ranking t2g:  31%|███       | 234/750 [09:31<20:55,  2.43s/it][A
re-ranking t2g:  31%|███▏      | 235/750 [09:33<20:52,  2.43s/it][A
re-ranking t2g:  31%|███▏      | 236/750 [09:36<20:48,  2.43s/it][A
re-ranking t2g:  32%|███▏      | 237/750 [09:38<20:46,  2.43s/it][A
re-ranking t2g:  32%|███▏      | 238/750 [09:40<20:44,  2.43s/it][A
re-ranking t2g:  32%|███▏      | 239/750 [09:43<20:42,  2.43s/it][A
re-ranking t2g:  32%|███▏      | 240/750 [09:45<20:38,  2.43s/it][A
re-ranking t2g:  32%|███▏      | 241/750 [09:48<20:35,  2.43s/it][A
re-ranking t2g:  32%|███▏      | 242/750 [09:50<20:34,  2.43s/it][A
re-ranking t2g:  32%|███▏      | 243/750 [09:53<20:31,  2.43s/it][A
re-ranking t2g:  33%|███▎      | 244/750 [09:55<20:29,  2.43s/it][A
re-ranking t2g:  33%|███▎      | 245/750 [09:57<20:26,  2.43s/it][A
re-ranking t2g:  33%|███▎      | 246/750 [10:00<20:23,  2.43s/it][A
re-ranking t2g:  33%|███▎      | 247/750 [10:02<20:21,  2.43s/it][A
re-ranking t2g:  33%|███▎      | 248/750 [10:05<20:19,  2.43s/it][A
re-ranking t2g:  33%|███▎      | 249/750 [10:07<20:16,  2.43s/it][A
re-ranking t2g:  33%|███▎      | 250/750 [10:10<20:14,  2.43s/it][A
re-ranking t2g:  33%|███▎      | 251/750 [10:12<20:12,  2.43s/it][A
re-ranking t2g:  34%|███▎      | 252/750 [10:14<20:10,  2.43s/it][A
re-ranking t2g:  34%|███▎      | 253/750 [10:17<20:08,  2.43s/it][A
re-ranking t2g:  34%|███▍      | 254/750 [10:19<20:06,  2.43s/it][A
re-ranking t2g:  34%|███▍      | 255/750 [10:22<20:03,  2.43s/it][A
re-ranking t2g:  34%|███▍      | 256/750 [10:24<20:01,  2.43s/it][A
re-ranking t2g:  34%|███▍      | 257/750 [10:27<19:59,  2.43s/it][A
re-ranking t2g:  34%|███▍      | 258/750 [10:29<19:56,  2.43s/it][A
re-ranking t2g:  35%|███▍      | 259/750 [10:31<19:52,  2.43s/it][A
re-ranking t2g:  35%|███▍      | 260/750 [10:34<19:51,  2.43s/it][A
re-ranking t2g:  35%|███▍      | 261/750 [10:36<19:49,  2.43s/it][A
re-ranking t2g:  35%|███▍      | 262/750 [10:39<19:47,  2.43s/it][A
re-ranking t2g:  35%|███▌      | 263/750 [10:41<19:43,  2.43s/it][A
re-ranking t2g:  35%|███▌      | 264/750 [10:44<19:40,  2.43s/it][A
re-ranking t2g:  35%|███▌      | 265/750 [10:46<19:38,  2.43s/it][A
re-ranking t2g:  35%|███▌      | 266/750 [10:48<19:35,  2.43s/it][A
re-ranking t2g:  36%|███▌      | 267/750 [10:51<19:33,  2.43s/it][A
re-ranking t2g:  36%|███▌      | 268/750 [10:53<19:31,  2.43s/it][A
re-ranking t2g:  36%|███▌      | 269/750 [10:56<19:29,  2.43s/it][A
re-ranking t2g:  36%|███▌      | 270/750 [10:58<19:25,  2.43s/it][A
re-ranking t2g:  36%|███▌      | 271/750 [11:01<19:23,  2.43s/it][A
re-ranking t2g:  36%|███▋      | 272/750 [11:03<19:20,  2.43s/it][A
re-ranking t2g:  36%|███▋      | 273/750 [11:05<19:18,  2.43s/it][A
re-ranking t2g:  37%|███▋      | 274/750 [11:08<19:16,  2.43s/it][A
re-ranking t2g:  37%|███▋      | 275/750 [11:10<19:13,  2.43s/it][A
re-ranking t2g:  37%|███▋      | 276/750 [11:13<19:11,  2.43s/it][A
re-ranking t2g:  37%|███▋      | 277/750 [11:15<19:09,  2.43s/it][A
re-ranking t2g:  37%|███▋      | 278/750 [11:18<19:06,  2.43s/it][A
re-ranking t2g:  37%|███▋      | 279/750 [11:20<19:04,  2.43s/it][A
re-ranking t2g:  37%|███▋      | 280/750 [11:23<19:02,  2.43s/it][A
re-ranking t2g:  37%|███▋      | 281/750 [11:25<19:00,  2.43s/it][A
re-ranking t2g:  38%|███▊      | 282/750 [11:27<18:58,  2.43s/it][A
re-ranking t2g:  38%|███▊      | 283/750 [11:30<18:55,  2.43s/it][A
re-ranking t2g:  38%|███▊      | 284/750 [11:32<18:53,  2.43s/it][A
re-ranking t2g:  38%|███▊      | 285/750 [11:35<18:51,  2.43s/it][A
re-ranking t2g:  38%|███▊      | 286/750 [11:37<18:47,  2.43s/it][A
re-ranking t2g:  38%|███▊      | 287/750 [11:40<18:44,  2.43s/it][A
re-ranking t2g:  38%|███▊      | 288/750 [11:42<18:41,  2.43s/it][A
re-ranking t2g:  39%|███▊      | 289/750 [11:44<18:39,  2.43s/it][A
re-ranking t2g:  39%|███▊      | 290/750 [11:47<18:37,  2.43s/it][A
re-ranking t2g:  39%|███▉      | 291/750 [11:49<18:35,  2.43s/it][A
re-ranking t2g:  39%|███▉      | 292/750 [11:52<18:31,  2.43s/it][A
re-ranking t2g:  39%|███▉      | 293/750 [11:54<18:29,  2.43s/it][A
re-ranking t2g:  39%|███▉      | 294/750 [11:57<18:26,  2.43s/it][A
re-ranking t2g:  39%|███▉      | 295/750 [11:59<18:25,  2.43s/it][A
re-ranking t2g:  39%|███▉      | 296/750 [12:01<18:22,  2.43s/it][A
re-ranking t2g:  40%|███▉      | 297/750 [12:04<18:20,  2.43s/it][A
re-ranking t2g:  40%|███▉      | 298/750 [12:06<18:17,  2.43s/it][A
re-ranking t2g:  40%|███▉      | 299/750 [12:09<18:15,  2.43s/it][A
re-ranking t2g:  40%|████      | 300/750 [12:11<18:12,  2.43s/it][A
re-ranking t2g:  40%|████      | 301/750 [12:14<18:10,  2.43s/it][A
re-ranking t2g:  40%|████      | 302/750 [12:16<18:08,  2.43s/it][A
re-ranking t2g:  40%|████      | 303/750 [12:18<18:05,  2.43s/it][A
re-ranking t2g:  41%|████      | 304/750 [12:21<18:02,  2.43s/it][A
re-ranking t2g:  41%|████      | 305/750 [12:23<18:00,  2.43s/it][A
re-ranking t2g:  41%|████      | 306/750 [12:26<17:59,  2.43s/it][A
re-ranking t2g:  41%|████      | 307/750 [12:28<17:57,  2.43s/it][A
re-ranking t2g:  41%|████      | 308/750 [12:31<17:55,  2.43s/it][A
re-ranking t2g:  41%|████      | 309/750 [12:33<17:52,  2.43s/it][A
re-ranking t2g:  41%|████▏     | 310/750 [12:35<17:52,  2.44s/it][A
re-ranking t2g:  41%|████▏     | 311/750 [12:38<17:50,  2.44s/it][A
re-ranking t2g:  42%|████▏     | 312/750 [12:40<17:48,  2.44s/it][A
re-ranking t2g:  42%|████▏     | 313/750 [12:43<17:48,  2.45s/it][A
re-ranking t2g:  42%|████▏     | 314/750 [12:45<17:44,  2.44s/it][A
re-ranking t2g:  42%|████▏     | 315/750 [12:48<17:40,  2.44s/it][A
re-ranking t2g:  42%|████▏     | 316/750 [12:50<17:36,  2.43s/it][A
re-ranking t2g:  42%|████▏     | 317/750 [12:52<17:33,  2.43s/it][A
re-ranking t2g:  42%|████▏     | 318/750 [12:55<17:30,  2.43s/it][A
re-ranking t2g:  43%|████▎     | 319/750 [12:57<17:27,  2.43s/it][A
re-ranking t2g:  43%|████▎     | 320/750 [13:00<17:24,  2.43s/it][A
re-ranking t2g:  43%|████▎     | 321/750 [13:02<17:22,  2.43s/it][A
re-ranking t2g:  43%|████▎     | 322/750 [13:05<17:18,  2.43s/it][A
re-ranking t2g:  43%|████▎     | 323/750 [13:07<17:17,  2.43s/it][A
re-ranking t2g:  43%|████▎     | 324/750 [13:09<17:14,  2.43s/it][A
re-ranking t2g:  43%|████▎     | 325/750 [13:12<17:12,  2.43s/it][A
re-ranking t2g:  43%|████▎     | 326/750 [13:14<17:10,  2.43s/it][A
re-ranking t2g:  44%|████▎     | 327/750 [13:17<17:08,  2.43s/it][A
re-ranking t2g:  44%|████▎     | 328/750 [13:19<17:06,  2.43s/it][A
re-ranking t2g:  44%|████▍     | 329/750 [13:22<17:03,  2.43s/it][A
re-ranking t2g:  44%|████▍     | 330/750 [13:24<17:01,  2.43s/it][A
re-ranking t2g:  44%|████▍     | 331/750 [13:26<16:58,  2.43s/it][A
re-ranking t2g:  44%|████▍     | 332/750 [13:29<16:55,  2.43s/it][A
re-ranking t2g:  44%|████▍     | 333/750 [13:31<16:52,  2.43s/it][A
re-ranking t2g:  45%|████▍     | 334/750 [13:34<16:51,  2.43s/it][A
re-ranking t2g:  45%|████▍     | 335/750 [13:36<16:48,  2.43s/it][A
re-ranking t2g:  45%|████▍     | 336/750 [13:39<16:45,  2.43s/it][A
re-ranking t2g:  45%|████▍     | 337/750 [13:41<16:44,  2.43s/it][A
re-ranking t2g:  45%|████▌     | 338/750 [13:44<16:42,  2.43s/it][A
re-ranking t2g:  45%|████▌     | 339/750 [13:46<16:39,  2.43s/it][A
re-ranking t2g:  45%|████▌     | 340/750 [13:48<16:37,  2.43s/it][A
re-ranking t2g:  45%|████▌     | 341/750 [13:51<16:35,  2.43s/it][A
re-ranking t2g:  46%|████▌     | 342/750 [13:53<16:32,  2.43s/it][A
re-ranking t2g:  46%|████▌     | 343/750 [13:56<16:29,  2.43s/it][A
re-ranking t2g:  46%|████▌     | 344/750 [13:58<16:27,  2.43s/it][A
re-ranking t2g:  46%|████▌     | 345/750 [14:01<16:25,  2.43s/it][A
re-ranking t2g:  46%|████▌     | 346/750 [14:03<16:22,  2.43s/it][A
re-ranking t2g:  46%|████▋     | 347/750 [14:05<16:19,  2.43s/it][A
re-ranking t2g:  46%|████▋     | 348/750 [14:08<16:16,  2.43s/it][A
re-ranking t2g:  47%|████▋     | 349/750 [14:10<16:14,  2.43s/it][A
re-ranking t2g:  47%|████▋     | 350/750 [14:13<16:12,  2.43s/it][A
re-ranking t2g:  47%|████▋     | 351/750 [14:15<16:09,  2.43s/it][A
re-ranking t2g:  47%|████▋     | 352/750 [14:18<16:08,  2.43s/it][A
re-ranking t2g:  47%|████▋     | 353/750 [14:20<16:05,  2.43s/it][A
re-ranking t2g:  47%|████▋     | 354/750 [14:22<16:01,  2.43s/it][A
re-ranking t2g:  47%|████▋     | 355/750 [14:25<15:59,  2.43s/it][A
re-ranking t2g:  47%|████▋     | 356/750 [14:27<15:57,  2.43s/it][A
re-ranking t2g:  48%|████▊     | 357/750 [14:30<15:54,  2.43s/it][A
re-ranking t2g:  48%|████▊     | 358/750 [14:32<15:51,  2.43s/it][A
re-ranking t2g:  48%|████▊     | 359/750 [14:35<15:49,  2.43s/it][A
re-ranking t2g:  48%|████▊     | 360/750 [14:37<15:47,  2.43s/it][A
re-ranking t2g:  48%|████▊     | 361/750 [14:39<15:44,  2.43s/it][A
re-ranking t2g:  48%|████▊     | 362/750 [14:42<15:43,  2.43s/it][A
re-ranking t2g:  48%|████▊     | 363/750 [14:44<15:40,  2.43s/it][A
re-ranking t2g:  49%|████▊     | 364/750 [14:47<15:39,  2.43s/it][A
re-ranking t2g:  49%|████▊     | 365/750 [14:49<15:37,  2.43s/it][A
re-ranking t2g:  49%|████▉     | 366/750 [14:52<15:34,  2.43s/it][A
re-ranking t2g:  49%|████▉     | 367/750 [14:54<15:31,  2.43s/it][A
re-ranking t2g:  49%|████▉     | 368/750 [14:56<15:29,  2.43s/it][A
re-ranking t2g:  49%|████▉     | 369/750 [14:59<15:26,  2.43s/it][A
re-ranking t2g:  49%|████▉     | 370/750 [15:01<15:24,  2.43s/it][A
re-ranking t2g:  49%|████▉     | 371/750 [15:04<15:21,  2.43s/it][A
re-ranking t2g:  50%|████▉     | 372/750 [15:06<15:19,  2.43s/it][A
re-ranking t2g:  50%|████▉     | 373/750 [15:09<15:16,  2.43s/it][A
re-ranking t2g:  50%|████▉     | 374/750 [15:11<15:13,  2.43s/it][A
re-ranking t2g:  50%|█████     | 375/750 [15:13<15:10,  2.43s/it][A
re-ranking t2g:  50%|█████     | 376/750 [15:16<15:08,  2.43s/it][A
re-ranking t2g:  50%|█████     | 377/750 [15:18<15:06,  2.43s/it][A
re-ranking t2g:  50%|█████     | 378/750 [15:21<15:04,  2.43s/it][A
re-ranking t2g:  51%|█████     | 379/750 [15:23<15:01,  2.43s/it][A
re-ranking t2g:  51%|█████     | 380/750 [15:26<14:59,  2.43s/it][A
re-ranking t2g:  51%|█████     | 381/750 [15:28<14:56,  2.43s/it][A
re-ranking t2g:  51%|█████     | 382/750 [15:30<14:54,  2.43s/it][A
re-ranking t2g:  51%|█████     | 383/750 [15:33<14:52,  2.43s/it][A
re-ranking t2g:  51%|█████     | 384/750 [15:35<14:50,  2.43s/it][A
re-ranking t2g:  51%|█████▏    | 385/750 [15:38<14:48,  2.43s/it][A
re-ranking t2g:  51%|█████▏    | 386/750 [15:40<14:44,  2.43s/it][A
re-ranking t2g:  52%|█████▏    | 387/750 [15:43<14:42,  2.43s/it][A
re-ranking t2g:  52%|█████▏    | 388/750 [15:45<14:39,  2.43s/it][A
re-ranking t2g:  52%|█████▏    | 389/750 [15:47<14:37,  2.43s/it][A
re-ranking t2g:  52%|█████▏    | 390/750 [15:50<14:36,  2.43s/it][A
re-ranking t2g:  52%|█████▏    | 391/750 [15:52<14:33,  2.43s/it][A
re-ranking t2g:  52%|█████▏    | 392/750 [15:55<14:30,  2.43s/it][A
re-ranking t2g:  52%|█████▏    | 393/750 [15:57<14:27,  2.43s/it][A
re-ranking t2g:  53%|█████▎    | 394/750 [16:00<14:25,  2.43s/it][A
re-ranking t2g:  53%|█████▎    | 395/750 [16:02<14:23,  2.43s/it][A
re-ranking t2g:  53%|█████▎    | 396/750 [16:05<14:20,  2.43s/it][A
re-ranking t2g:  53%|█████▎    | 397/750 [16:07<14:17,  2.43s/it][A
re-ranking t2g:  53%|█████▎    | 398/750 [16:09<14:15,  2.43s/it][A
re-ranking t2g:  53%|█████▎    | 399/750 [16:12<14:13,  2.43s/it][A
re-ranking t2g:  53%|█████▎    | 400/750 [16:14<14:12,  2.43s/it][A
re-ranking t2g:  53%|█████▎    | 401/750 [16:17<14:09,  2.43s/it][A
re-ranking t2g:  54%|█████▎    | 402/750 [16:19<14:06,  2.43s/it][A
re-ranking t2g:  54%|█████▎    | 403/750 [16:22<14:02,  2.43s/it][A
re-ranking t2g:  54%|█████▍    | 404/750 [16:24<14:00,  2.43s/it][A
re-ranking t2g:  54%|█████▍    | 405/750 [16:26<13:58,  2.43s/it][A
re-ranking t2g:  54%|█████▍    | 406/750 [16:29<13:56,  2.43s/it][A
re-ranking t2g:  54%|█████▍    | 407/750 [16:31<13:53,  2.43s/it][A
re-ranking t2g:  54%|█████▍    | 408/750 [16:34<13:50,  2.43s/it][A
re-ranking t2g:  55%|█████▍    | 409/750 [16:36<13:48,  2.43s/it][A
re-ranking t2g:  55%|█████▍    | 410/750 [16:39<13:46,  2.43s/it][A
re-ranking t2g:  55%|█████▍    | 411/750 [16:41<13:43,  2.43s/it][A
re-ranking t2g:  55%|█████▍    | 412/750 [16:43<13:41,  2.43s/it][A
re-ranking t2g:  55%|█████▌    | 413/750 [16:46<13:39,  2.43s/it][A
re-ranking t2g:  55%|█████▌    | 414/750 [16:48<13:37,  2.43s/it][A
re-ranking t2g:  55%|█████▌    | 415/750 [16:51<13:34,  2.43s/it][A
re-ranking t2g:  55%|█████▌    | 416/750 [16:53<13:32,  2.43s/it][A
re-ranking t2g:  56%|█████▌    | 417/750 [16:56<13:29,  2.43s/it][A
re-ranking t2g:  56%|█████▌    | 418/750 [16:58<13:27,  2.43s/it][A
re-ranking t2g:  56%|█████▌    | 419/750 [17:00<13:24,  2.43s/it][A
re-ranking t2g:  56%|█████▌    | 420/750 [17:03<13:22,  2.43s/it][A
re-ranking t2g:  56%|█████▌    | 421/750 [17:05<13:20,  2.43s/it][A
re-ranking t2g:  56%|█████▋    | 422/750 [17:08<13:19,  2.44s/it][A
re-ranking t2g:  56%|█████▋    | 423/750 [17:10<13:16,  2.44s/it][A
re-ranking t2g:  57%|█████▋    | 424/750 [17:13<13:15,  2.44s/it][A
re-ranking t2g:  57%|█████▋    | 425/750 [17:15<13:13,  2.44s/it][A
re-ranking t2g:  57%|█████▋    | 426/750 [17:18<13:12,  2.44s/it][A
re-ranking t2g:  57%|█████▋    | 427/750 [17:20<13:10,  2.45s/it][A
re-ranking t2g:  57%|█████▋    | 428/750 [17:22<13:07,  2.45s/it][A
re-ranking t2g:  57%|█████▋    | 429/750 [17:25<13:04,  2.44s/it][A
re-ranking t2g:  57%|█████▋    | 430/750 [17:27<13:01,  2.44s/it][A
re-ranking t2g:  57%|█████▋    | 431/750 [17:30<12:59,  2.44s/it][A
re-ranking t2g:  58%|█████▊    | 432/750 [17:32<12:57,  2.44s/it][A
re-ranking t2g:  58%|█████▊    | 433/750 [17:35<12:54,  2.44s/it][A
re-ranking t2g:  58%|█████▊    | 434/750 [17:37<12:52,  2.44s/it][A
re-ranking t2g:  58%|█████▊    | 435/750 [17:40<12:49,  2.44s/it][A
re-ranking t2g:  58%|█████▊    | 436/750 [17:42<12:47,  2.44s/it][A
re-ranking t2g:  58%|█████▊    | 437/750 [17:44<12:45,  2.44s/it][A
re-ranking t2g:  58%|█████▊    | 438/750 [17:47<12:42,  2.44s/it][A
re-ranking t2g:  59%|█████▊    | 439/750 [17:49<12:40,  2.44s/it][A
re-ranking t2g:  59%|█████▊    | 440/750 [17:52<12:37,  2.44s/it][A
re-ranking t2g:  59%|█████▉    | 441/750 [17:54<12:34,  2.44s/it][A
re-ranking t2g:  59%|█████▉    | 442/750 [17:57<12:32,  2.44s/it][A
re-ranking t2g:  59%|█████▉    | 443/750 [17:59<12:28,  2.44s/it][A
re-ranking t2g:  59%|█████▉    | 444/750 [18:01<12:25,  2.44s/it][A
re-ranking t2g:  59%|█████▉    | 445/750 [18:04<12:22,  2.43s/it][A
re-ranking t2g:  59%|█████▉    | 446/750 [18:06<12:19,  2.43s/it][A
re-ranking t2g:  60%|█████▉    | 447/750 [18:09<12:17,  2.43s/it][A
re-ranking t2g:  60%|█████▉    | 448/750 [18:11<12:14,  2.43s/it][A
re-ranking t2g:  60%|█████▉    | 449/750 [18:14<12:12,  2.43s/it][A
re-ranking t2g:  60%|██████    | 450/750 [18:16<12:09,  2.43s/it][A
re-ranking t2g:  60%|██████    | 451/750 [18:18<12:06,  2.43s/it][A
re-ranking t2g:  60%|██████    | 452/750 [18:21<12:04,  2.43s/it][A
re-ranking t2g:  60%|██████    | 453/750 [18:23<12:02,  2.43s/it][A
re-ranking t2g:  61%|██████    | 454/750 [18:26<12:00,  2.43s/it][A
re-ranking t2g:  61%|██████    | 455/750 [18:28<11:57,  2.43s/it][A
re-ranking t2g:  61%|██████    | 456/750 [18:31<11:55,  2.43s/it][A
re-ranking t2g:  61%|██████    | 457/750 [18:33<11:53,  2.43s/it][A
re-ranking t2g:  61%|██████    | 458/750 [18:36<11:50,  2.43s/it][A
re-ranking t2g:  61%|██████    | 459/750 [18:38<11:46,  2.43s/it][A
re-ranking t2g:  61%|██████▏   | 460/750 [18:40<11:44,  2.43s/it][A
re-ranking t2g:  61%|██████▏   | 461/750 [18:43<11:42,  2.43s/it][A
re-ranking t2g:  62%|██████▏   | 462/750 [18:45<11:40,  2.43s/it][A
re-ranking t2g:  62%|██████▏   | 463/750 [18:48<11:37,  2.43s/it][A
re-ranking t2g:  62%|██████▏   | 464/750 [18:50<11:35,  2.43s/it][A
re-ranking t2g:  62%|██████▏   | 465/750 [18:53<11:32,  2.43s/it][A
re-ranking t2g:  62%|██████▏   | 466/750 [18:55<11:30,  2.43s/it][A
re-ranking t2g:  62%|██████▏   | 467/750 [18:57<11:27,  2.43s/it][A
re-ranking t2g:  62%|██████▏   | 468/750 [19:00<11:25,  2.43s/it][A
re-ranking t2g:  63%|██████▎   | 469/750 [19:02<11:23,  2.43s/it][A
re-ranking t2g:  63%|██████▎   | 470/750 [19:05<11:20,  2.43s/it][A
re-ranking t2g:  63%|██████▎   | 471/750 [19:07<11:18,  2.43s/it][A
re-ranking t2g:  63%|██████▎   | 472/750 [19:10<11:15,  2.43s/it][A
re-ranking t2g:  63%|██████▎   | 473/750 [19:12<11:13,  2.43s/it][A
re-ranking t2g:  63%|██████▎   | 474/750 [19:14<11:11,  2.43s/it][A
re-ranking t2g:  63%|██████▎   | 475/750 [19:17<11:08,  2.43s/it][A
re-ranking t2g:  63%|██████▎   | 476/750 [19:19<11:06,  2.43s/it][A
re-ranking t2g:  64%|██████▎   | 477/750 [19:22<11:03,  2.43s/it][A
re-ranking t2g:  64%|██████▎   | 478/750 [19:24<11:00,  2.43s/it][A
re-ranking t2g:  64%|██████▍   | 479/750 [19:27<10:59,  2.43s/it][A
re-ranking t2g:  64%|██████▍   | 480/750 [19:29<10:56,  2.43s/it][A
re-ranking t2g:  64%|██████▍   | 481/750 [19:31<10:54,  2.43s/it][A
re-ranking t2g:  64%|██████▍   | 482/750 [19:34<10:52,  2.43s/it][A
re-ranking t2g:  64%|██████▍   | 483/750 [19:36<10:49,  2.43s/it][A
re-ranking t2g:  65%|██████▍   | 484/750 [19:39<10:47,  2.43s/it][A
re-ranking t2g:  65%|██████▍   | 485/750 [19:41<10:44,  2.43s/it][A
re-ranking t2g:  65%|██████▍   | 486/750 [19:44<10:42,  2.43s/it][A
re-ranking t2g:  65%|██████▍   | 487/750 [19:46<10:40,  2.43s/it][A
re-ranking t2g:  65%|██████▌   | 488/750 [19:48<10:37,  2.43s/it][A
re-ranking t2g:  65%|██████▌   | 489/750 [19:51<10:34,  2.43s/it][A
re-ranking t2g:  65%|██████▌   | 490/750 [19:53<10:32,  2.43s/it][A
re-ranking t2g:  65%|██████▌   | 491/750 [19:56<10:30,  2.43s/it][A
re-ranking t2g:  66%|██████▌   | 492/750 [19:58<10:27,  2.43s/it][A
re-ranking t2g:  66%|██████▌   | 493/750 [20:01<10:24,  2.43s/it][A
re-ranking t2g:  66%|██████▌   | 494/750 [20:03<10:22,  2.43s/it][A
re-ranking t2g:  66%|██████▌   | 495/750 [20:05<10:19,  2.43s/it][A
re-ranking t2g:  66%|██████▌   | 496/750 [20:08<10:17,  2.43s/it][A
re-ranking t2g:  66%|██████▋   | 497/750 [20:10<10:14,  2.43s/it][A
re-ranking t2g:  66%|██████▋   | 498/750 [20:13<10:12,  2.43s/it][A
re-ranking t2g:  67%|██████▋   | 499/750 [20:15<10:10,  2.43s/it][A
re-ranking t2g:  67%|██████▋   | 500/750 [20:18<10:07,  2.43s/it][A
re-ranking t2g:  67%|██████▋   | 501/750 [20:20<10:04,  2.43s/it][A
re-ranking t2g:  67%|██████▋   | 502/750 [20:22<10:02,  2.43s/it][A
re-ranking t2g:  67%|██████▋   | 503/750 [20:25<10:00,  2.43s/it][A
re-ranking t2g:  67%|██████▋   | 504/750 [20:27<09:58,  2.43s/it][A
re-ranking t2g:  67%|██████▋   | 505/750 [20:30<09:56,  2.43s/it][A
re-ranking t2g:  67%|██████▋   | 506/750 [20:32<09:53,  2.43s/it][A
re-ranking t2g:  68%|██████▊   | 507/750 [20:35<09:51,  2.43s/it][A
re-ranking t2g:  68%|██████▊   | 508/750 [20:37<09:48,  2.43s/it][A
re-ranking t2g:  68%|██████▊   | 509/750 [20:40<09:46,  2.43s/it][A
re-ranking t2g:  68%|██████▊   | 510/750 [20:42<09:44,  2.43s/it][A
re-ranking t2g:  68%|██████▊   | 511/750 [20:44<09:42,  2.44s/it][A
re-ranking t2g:  68%|██████▊   | 512/750 [20:47<09:39,  2.44s/it][A
re-ranking t2g:  68%|██████▊   | 513/750 [20:49<09:37,  2.44s/it][A
re-ranking t2g:  69%|██████▊   | 514/750 [20:52<09:34,  2.44s/it][A
re-ranking t2g:  69%|██████▊   | 515/750 [20:54<09:32,  2.44s/it][A
re-ranking t2g:  69%|██████▉   | 516/750 [20:57<09:29,  2.43s/it][A
re-ranking t2g:  69%|██████▉   | 517/750 [20:59<09:27,  2.43s/it][A
re-ranking t2g:  69%|██████▉   | 518/750 [21:01<09:24,  2.43s/it][A
re-ranking t2g:  69%|██████▉   | 519/750 [21:04<09:22,  2.44s/it][A
re-ranking t2g:  69%|██████▉   | 520/750 [21:06<09:19,  2.43s/it][A
re-ranking t2g:  69%|██████▉   | 521/750 [21:09<09:17,  2.43s/it][A
re-ranking t2g:  70%|██████▉   | 522/750 [21:11<09:14,  2.43s/it][A
re-ranking t2g:  70%|██████▉   | 523/750 [21:14<09:11,  2.43s/it][A
re-ranking t2g:  70%|██████▉   | 524/750 [21:16<09:10,  2.44s/it][A
re-ranking t2g:  70%|███████   | 525/750 [21:18<09:08,  2.44s/it][A
re-ranking t2g:  70%|███████   | 526/750 [21:21<09:05,  2.44s/it][A
re-ranking t2g:  70%|███████   | 527/750 [21:23<09:03,  2.44s/it][A
re-ranking t2g:  70%|███████   | 528/750 [21:26<09:02,  2.44s/it][A
re-ranking t2g:  71%|███████   | 529/750 [21:28<08:59,  2.44s/it][A
re-ranking t2g:  71%|███████   | 530/750 [21:31<08:57,  2.44s/it][A
re-ranking t2g:  71%|███████   | 531/750 [21:33<08:54,  2.44s/it][A
re-ranking t2g:  71%|███████   | 532/750 [21:36<08:52,  2.44s/it][A
re-ranking t2g:  71%|███████   | 533/750 [21:38<08:50,  2.44s/it][A
re-ranking t2g:  71%|███████   | 534/750 [21:40<08:47,  2.44s/it][A
re-ranking t2g:  71%|███████▏  | 535/750 [21:43<08:45,  2.45s/it][A
re-ranking t2g:  71%|███████▏  | 536/750 [21:45<08:43,  2.44s/it][A
re-ranking t2g:  72%|███████▏  | 537/750 [21:48<08:41,  2.45s/it][A
re-ranking t2g:  72%|███████▏  | 538/750 [21:50<08:38,  2.44s/it][A
re-ranking t2g:  72%|███████▏  | 539/750 [21:53<08:35,  2.44s/it][A
re-ranking t2g:  72%|███████▏  | 540/750 [21:55<08:33,  2.45s/it][A
re-ranking t2g:  72%|███████▏  | 541/750 [21:58<08:30,  2.44s/it][A
re-ranking t2g:  72%|███████▏  | 542/750 [22:00<08:27,  2.44s/it][A
re-ranking t2g:  72%|███████▏  | 543/750 [22:02<08:24,  2.44s/it][A
re-ranking t2g:  73%|███████▎  | 544/750 [22:05<08:22,  2.44s/it][A
re-ranking t2g:  73%|███████▎  | 545/750 [22:07<08:18,  2.43s/it][A
re-ranking t2g:  73%|███████▎  | 546/750 [22:10<08:16,  2.43s/it][A
re-ranking t2g:  73%|███████▎  | 547/750 [22:12<08:13,  2.43s/it][A
re-ranking t2g:  73%|███████▎  | 548/750 [22:15<08:10,  2.43s/it][A
re-ranking t2g:  73%|███████▎  | 549/750 [22:17<08:08,  2.43s/it][A
re-ranking t2g:  73%|███████▎  | 550/750 [22:19<08:06,  2.43s/it][A
re-ranking t2g:  73%|███████▎  | 551/750 [22:22<08:03,  2.43s/it][A
re-ranking t2g:  74%|███████▎  | 552/750 [22:24<08:01,  2.43s/it][A
re-ranking t2g:  74%|███████▎  | 553/750 [22:27<07:59,  2.43s/it][A
re-ranking t2g:  74%|███████▍  | 554/750 [22:29<07:56,  2.43s/it][A
re-ranking t2g:  74%|███████▍  | 555/750 [22:32<07:54,  2.43s/it][A
re-ranking t2g:  74%|███████▍  | 556/750 [22:34<07:51,  2.43s/it][A
re-ranking t2g:  74%|███████▍  | 557/750 [22:36<07:49,  2.43s/it][A
re-ranking t2g:  74%|███████▍  | 558/750 [22:39<07:46,  2.43s/it][A
re-ranking t2g:  75%|███████▍  | 559/750 [22:41<07:44,  2.43s/it][A
re-ranking t2g:  75%|███████▍  | 560/750 [22:44<07:41,  2.43s/it][A
re-ranking t2g:  75%|███████▍  | 561/750 [22:46<07:39,  2.43s/it][A
re-ranking t2g:  75%|███████▍  | 562/750 [22:49<07:37,  2.43s/it][A
re-ranking t2g:  75%|███████▌  | 563/750 [22:51<07:34,  2.43s/it][A
re-ranking t2g:  75%|███████▌  | 564/750 [22:54<07:32,  2.43s/it][A
re-ranking t2g:  75%|███████▌  | 565/750 [22:56<07:30,  2.43s/it][A
re-ranking t2g:  75%|███████▌  | 566/750 [22:58<07:27,  2.43s/it][A
re-ranking t2g:  76%|███████▌  | 567/750 [23:01<07:25,  2.43s/it][A
re-ranking t2g:  76%|███████▌  | 568/750 [23:03<07:22,  2.43s/it][A
re-ranking t2g:  76%|███████▌  | 569/750 [23:06<07:20,  2.43s/it][A
re-ranking t2g:  76%|███████▌  | 570/750 [23:08<07:17,  2.43s/it][A
re-ranking t2g:  76%|███████▌  | 571/750 [23:11<07:15,  2.43s/it][A
re-ranking t2g:  76%|███████▋  | 572/750 [23:13<07:12,  2.43s/it][A
re-ranking t2g:  76%|███████▋  | 573/750 [23:15<07:10,  2.43s/it][A
re-ranking t2g:  77%|███████▋  | 574/750 [23:18<07:08,  2.43s/it][A
re-ranking t2g:  77%|███████▋  | 575/750 [23:20<07:06,  2.44s/it][A
re-ranking t2g:  77%|███████▋  | 576/750 [23:23<07:04,  2.44s/it][A
re-ranking t2g:  77%|███████▋  | 577/750 [23:25<07:02,  2.44s/it][A
re-ranking t2g:  77%|███████▋  | 578/750 [23:28<06:59,  2.44s/it][A
re-ranking t2g:  77%|███████▋  | 579/750 [23:30<06:56,  2.44s/it][A
re-ranking t2g:  77%|███████▋  | 580/750 [23:32<06:55,  2.44s/it][A
re-ranking t2g:  77%|███████▋  | 581/750 [23:35<06:52,  2.44s/it][A
re-ranking t2g:  78%|███████▊  | 582/750 [23:37<06:50,  2.44s/it][A
re-ranking t2g:  78%|███████▊  | 583/750 [23:40<06:47,  2.44s/it][A
re-ranking t2g:  78%|███████▊  | 584/750 [23:42<06:45,  2.44s/it][A
re-ranking t2g:  78%|███████▊  | 585/750 [23:45<06:43,  2.44s/it][A
re-ranking t2g:  78%|███████▊  | 586/750 [23:47<06:40,  2.44s/it][A
re-ranking t2g:  78%|███████▊  | 587/750 [23:50<06:38,  2.44s/it][A
re-ranking t2g:  78%|███████▊  | 588/750 [23:52<06:35,  2.44s/it][A
re-ranking t2g:  79%|███████▊  | 589/750 [23:54<06:33,  2.44s/it][A
re-ranking t2g:  79%|███████▊  | 590/750 [23:57<06:30,  2.44s/it][A
re-ranking t2g:  79%|███████▉  | 591/750 [23:59<06:28,  2.44s/it][A
re-ranking t2g:  79%|███████▉  | 592/750 [24:02<06:26,  2.45s/it][A
re-ranking t2g:  79%|███████▉  | 593/750 [24:04<06:23,  2.44s/it][A
re-ranking t2g:  79%|███████▉  | 594/750 [24:07<06:21,  2.45s/it][A
re-ranking t2g:  79%|███████▉  | 595/750 [24:09<06:18,  2.44s/it][A
re-ranking t2g:  79%|███████▉  | 596/750 [24:12<06:16,  2.44s/it][A
re-ranking t2g:  80%|███████▉  | 597/750 [24:14<06:14,  2.45s/it][A
re-ranking t2g:  80%|███████▉  | 598/750 [24:16<06:11,  2.45s/it][A
re-ranking t2g:  80%|███████▉  | 599/750 [24:19<06:09,  2.45s/it][A
re-ranking t2g:  80%|████████  | 600/750 [24:21<06:07,  2.45s/it][A
re-ranking t2g:  80%|████████  | 601/750 [24:24<06:04,  2.44s/it][A
re-ranking t2g:  80%|████████  | 602/750 [24:26<06:01,  2.44s/it][A
re-ranking t2g:  80%|████████  | 603/750 [24:29<05:59,  2.45s/it][A
re-ranking t2g:  81%|████████  | 604/750 [24:31<05:57,  2.45s/it][A
re-ranking t2g:  81%|████████  | 605/750 [24:34<05:54,  2.45s/it][A
re-ranking t2g:  81%|████████  | 606/750 [24:36<05:52,  2.44s/it][A
re-ranking t2g:  81%|████████  | 607/750 [24:38<05:49,  2.44s/it][A
re-ranking t2g:  81%|████████  | 608/750 [24:41<05:46,  2.44s/it][A
re-ranking t2g:  81%|████████  | 609/750 [24:43<05:44,  2.44s/it][A
re-ranking t2g:  81%|████████▏ | 610/750 [24:46<05:42,  2.44s/it][A
re-ranking t2g:  81%|████████▏ | 611/750 [24:48<05:39,  2.44s/it][A
re-ranking t2g:  82%|████████▏ | 612/750 [24:51<05:36,  2.44s/it][A
re-ranking t2g:  82%|████████▏ | 613/750 [24:53<05:34,  2.44s/it][A
re-ranking t2g:  82%|████████▏ | 614/750 [24:56<05:32,  2.44s/it][A
re-ranking t2g:  82%|████████▏ | 615/750 [24:58<05:29,  2.44s/it][A
re-ranking t2g:  82%|████████▏ | 616/750 [25:00<05:27,  2.44s/it][A
re-ranking t2g:  82%|████████▏ | 617/750 [25:03<05:24,  2.44s/it][A
re-ranking t2g:  82%|████████▏ | 618/750 [25:05<05:22,  2.44s/it][A
re-ranking t2g:  83%|████████▎ | 619/750 [25:08<05:20,  2.44s/it][A
re-ranking t2g:  83%|████████▎ | 620/750 [25:10<05:17,  2.44s/it][A
re-ranking t2g:  83%|████████▎ | 621/750 [25:13<05:15,  2.44s/it][A
re-ranking t2g:  83%|████████▎ | 622/750 [25:15<05:12,  2.44s/it][A
re-ranking t2g:  83%|████████▎ | 623/750 [25:18<05:10,  2.44s/it][A
re-ranking t2g:  83%|████████▎ | 624/750 [25:20<05:08,  2.45s/it][A
re-ranking t2g:  83%|████████▎ | 625/750 [25:22<05:05,  2.45s/it][A
re-ranking t2g:  83%|████████▎ | 626/750 [25:25<05:03,  2.45s/it][A
re-ranking t2g:  84%|████████▎ | 627/750 [25:27<05:00,  2.44s/it][A
re-ranking t2g:  84%|████████▎ | 628/750 [25:30<04:57,  2.44s/it][A
re-ranking t2g:  84%|████████▍ | 629/750 [25:32<04:54,  2.44s/it][A
re-ranking t2g:  84%|████████▍ | 630/750 [25:35<04:52,  2.44s/it][A
re-ranking t2g:  84%|████████▍ | 631/750 [25:37<04:49,  2.44s/it][A
re-ranking t2g:  84%|████████▍ | 632/750 [25:40<04:47,  2.44s/it][A
re-ranking t2g:  84%|████████▍ | 633/750 [25:42<04:45,  2.44s/it][A
re-ranking t2g:  85%|████████▍ | 634/750 [25:44<04:42,  2.44s/it][A
re-ranking t2g:  85%|████████▍ | 635/750 [25:47<04:40,  2.44s/it][A
re-ranking t2g:  85%|████████▍ | 636/750 [25:49<04:38,  2.44s/it][A
re-ranking t2g:  85%|████████▍ | 637/750 [25:52<04:36,  2.45s/it][A
re-ranking t2g:  85%|████████▌ | 638/750 [25:54<04:34,  2.45s/it][A
re-ranking t2g:  85%|████████▌ | 639/750 [25:57<04:32,  2.45s/it][A
re-ranking t2g:  85%|████████▌ | 640/750 [25:59<04:29,  2.45s/it][A
re-ranking t2g:  85%|████████▌ | 641/750 [26:02<04:27,  2.45s/it][A
re-ranking t2g:  86%|████████▌ | 642/750 [26:04<04:24,  2.45s/it][A
re-ranking t2g:  86%|████████▌ | 643/750 [26:06<04:22,  2.45s/it][A
re-ranking t2g:  86%|████████▌ | 644/750 [26:09<04:19,  2.45s/it][A
re-ranking t2g:  86%|████████▌ | 645/750 [26:11<04:16,  2.45s/it][A
re-ranking t2g:  86%|████████▌ | 646/750 [26:14<04:14,  2.45s/it][A
re-ranking t2g:  86%|████████▋ | 647/750 [26:16<04:11,  2.45s/it][A
re-ranking t2g:  86%|████████▋ | 648/750 [26:19<04:09,  2.45s/it][A
re-ranking t2g:  87%|████████▋ | 649/750 [26:21<04:07,  2.45s/it][A
re-ranking t2g:  87%|████████▋ | 650/750 [26:24<04:04,  2.45s/it][A
re-ranking t2g:  87%|████████▋ | 651/750 [26:26<04:02,  2.45s/it][A
re-ranking t2g:  87%|████████▋ | 652/750 [26:28<03:59,  2.45s/it][A
re-ranking t2g:  87%|████████▋ | 653/750 [26:31<03:57,  2.45s/it][A
re-ranking t2g:  87%|████████▋ | 654/750 [26:33<03:55,  2.45s/it][A
re-ranking t2g:  87%|████████▋ | 655/750 [26:36<03:52,  2.45s/it][A
re-ranking t2g:  87%|████████▋ | 656/750 [26:38<03:50,  2.45s/it][A
re-ranking t2g:  88%|████████▊ | 657/750 [26:41<03:47,  2.45s/it][A
re-ranking t2g:  88%|████████▊ | 658/750 [26:43<03:45,  2.45s/it][A
re-ranking t2g:  88%|████████▊ | 659/750 [26:46<03:42,  2.45s/it][A
re-ranking t2g:  88%|████████▊ | 660/750 [26:48<03:40,  2.45s/it][A
re-ranking t2g:  88%|████████▊ | 661/750 [26:51<03:37,  2.45s/it][A
re-ranking t2g:  88%|████████▊ | 662/750 [26:53<03:35,  2.45s/it][A
re-ranking t2g:  88%|████████▊ | 663/750 [26:55<03:33,  2.45s/it][A
re-ranking t2g:  89%|████████▊ | 664/750 [26:58<03:30,  2.45s/it][A
re-ranking t2g:  89%|████████▊ | 665/750 [27:00<03:28,  2.45s/it][A
re-ranking t2g:  89%|████████▉ | 666/750 [27:03<03:25,  2.45s/it][A
re-ranking t2g:  89%|████████▉ | 667/750 [27:05<03:23,  2.45s/it][A
re-ranking t2g:  89%|████████▉ | 668/750 [27:08<03:20,  2.45s/it][A
re-ranking t2g:  89%|████████▉ | 669/750 [27:10<03:18,  2.45s/it][A
re-ranking t2g:  89%|████████▉ | 670/750 [27:13<03:15,  2.45s/it][A
re-ranking t2g:  89%|████████▉ | 671/750 [27:15<03:13,  2.45s/it][A
re-ranking t2g:  90%|████████▉ | 672/750 [27:17<03:10,  2.45s/it][A
re-ranking t2g:  90%|████████▉ | 673/750 [27:20<03:08,  2.45s/it][A
re-ranking t2g:  90%|████████▉ | 674/750 [27:22<03:05,  2.45s/it][A
re-ranking t2g:  90%|█████████ | 675/750 [27:25<03:03,  2.45s/it][A
re-ranking t2g:  90%|█████████ | 676/750 [27:27<03:01,  2.45s/it][A
re-ranking t2g:  90%|█████████ | 677/750 [27:30<02:58,  2.45s/it][A
re-ranking t2g:  90%|█████████ | 678/750 [27:32<02:56,  2.45s/it][A
re-ranking t2g:  91%|█████████ | 679/750 [27:35<02:53,  2.45s/it][A
re-ranking t2g:  91%|█████████ | 680/750 [27:37<02:51,  2.45s/it][A
re-ranking t2g:  91%|█████████ | 681/750 [27:40<02:49,  2.45s/it][A
re-ranking t2g:  91%|█████████ | 682/750 [27:42<02:46,  2.45s/it][A
re-ranking t2g:  91%|█████████ | 683/750 [27:44<02:44,  2.45s/it][A
re-ranking t2g:  91%|█████████ | 684/750 [27:47<02:41,  2.45s/it][A
re-ranking t2g:  91%|█████████▏| 685/750 [27:49<02:39,  2.45s/it][A
re-ranking t2g:  91%|█████████▏| 686/750 [27:52<02:36,  2.44s/it][A
re-ranking t2g:  92%|█████████▏| 687/750 [27:54<02:34,  2.45s/it][A
re-ranking t2g:  92%|█████████▏| 688/750 [27:57<02:31,  2.45s/it][A
re-ranking t2g:  92%|█████████▏| 689/750 [27:59<02:29,  2.45s/it][A
re-ranking t2g:  92%|█████████▏| 690/750 [28:02<02:26,  2.45s/it][A
re-ranking t2g:  92%|█████████▏| 691/750 [28:04<02:24,  2.45s/it][A
re-ranking t2g:  92%|█████████▏| 692/750 [28:06<02:22,  2.45s/it][A
re-ranking t2g:  92%|█████████▏| 693/750 [28:09<02:19,  2.45s/it][A
re-ranking t2g:  93%|█████████▎| 694/750 [28:11<02:17,  2.45s/it][A
re-ranking t2g:  93%|█████████▎| 695/750 [28:14<02:14,  2.45s/it][A
re-ranking t2g:  93%|█████████▎| 696/750 [28:16<02:12,  2.45s/it][A
re-ranking t2g:  93%|█████████▎| 697/750 [28:19<02:09,  2.45s/it][A
re-ranking t2g:  93%|█████████▎| 698/750 [28:21<02:07,  2.45s/it][A
re-ranking t2g:  93%|█████████▎| 699/750 [28:24<02:04,  2.45s/it][A
re-ranking t2g:  93%|█████████▎| 700/750 [28:26<02:02,  2.45s/it][A
re-ranking t2g:  93%|█████████▎| 701/750 [28:28<01:59,  2.45s/it][A
re-ranking t2g:  94%|█████████▎| 702/750 [28:31<01:57,  2.45s/it][A
re-ranking t2g:  94%|█████████▎| 703/750 [28:33<01:55,  2.45s/it][A
re-ranking t2g:  94%|█████████▍| 704/750 [28:36<01:52,  2.45s/it][A
re-ranking t2g:  94%|█████████▍| 705/750 [28:38<01:50,  2.45s/it][A
re-ranking t2g:  94%|█████████▍| 706/750 [28:41<01:47,  2.45s/it][A
re-ranking t2g:  94%|█████████▍| 707/750 [28:43<01:45,  2.46s/it][A
re-ranking t2g:  94%|█████████▍| 708/750 [28:46<01:43,  2.45s/it][A
re-ranking t2g:  95%|█████████▍| 709/750 [28:48<01:40,  2.45s/it][A
re-ranking t2g:  95%|█████████▍| 710/750 [28:51<01:38,  2.45s/it][A
re-ranking t2g:  95%|█████████▍| 711/750 [28:53<01:35,  2.45s/it][A
re-ranking t2g:  95%|█████████▍| 712/750 [28:55<01:33,  2.45s/it][A
re-ranking t2g:  95%|█████████▌| 713/750 [28:58<01:30,  2.45s/it][A
re-ranking t2g:  95%|█████████▌| 714/750 [29:00<01:28,  2.45s/it][A
re-ranking t2g:  95%|█████████▌| 715/750 [29:03<01:25,  2.45s/it][A
re-ranking t2g:  95%|█████████▌| 716/750 [29:05<01:23,  2.45s/it][A
re-ranking t2g:  96%|█████████▌| 717/750 [29:08<01:21,  2.46s/it][A
re-ranking t2g:  96%|█████████▌| 718/750 [29:10<01:18,  2.45s/it][A
re-ranking t2g:  96%|█████████▌| 719/750 [29:13<01:15,  2.45s/it][A
re-ranking t2g:  96%|█████████▌| 720/750 [29:15<01:13,  2.46s/it][A
re-ranking t2g:  96%|█████████▌| 721/750 [29:18<01:11,  2.45s/it][A
re-ranking t2g:  96%|█████████▋| 722/750 [29:20<01:08,  2.45s/it][A
re-ranking t2g:  96%|█████████▋| 723/750 [29:22<01:06,  2.45s/it][A
re-ranking t2g:  97%|█████████▋| 724/750 [29:25<01:03,  2.45s/it][A
re-ranking t2g:  97%|█████████▋| 725/750 [29:27<01:01,  2.45s/it][A
re-ranking t2g:  97%|█████████▋| 726/750 [29:30<00:58,  2.45s/it][A
re-ranking t2g:  97%|█████████▋| 727/750 [29:32<00:56,  2.45s/it][A
re-ranking t2g:  97%|█████████▋| 728/750 [29:35<00:53,  2.45s/it][A
re-ranking t2g:  97%|█████████▋| 729/750 [29:37<00:51,  2.45s/it][A
re-ranking t2g:  97%|█████████▋| 730/750 [29:40<00:48,  2.45s/it][A
re-ranking t2g:  97%|█████████▋| 731/750 [29:42<00:46,  2.45s/it][A
re-ranking t2g:  98%|█████████▊| 732/750 [29:44<00:44,  2.45s/it][A
re-ranking t2g:  98%|█████████▊| 733/750 [29:47<00:41,  2.45s/it][A
re-ranking t2g:  98%|█████████▊| 734/750 [29:49<00:39,  2.45s/it][A
re-ranking t2g:  98%|█████████▊| 735/750 [29:52<00:36,  2.45s/it][A
re-ranking t2g:  98%|█████████▊| 736/750 [29:54<00:34,  2.45s/it][A
re-ranking t2g:  98%|█████████▊| 737/750 [29:57<00:31,  2.45s/it][A
re-ranking t2g:  98%|█████████▊| 738/750 [29:59<00:29,  2.45s/it][A
re-ranking t2g:  99%|█████████▊| 739/750 [30:02<00:26,  2.45s/it][A
re-ranking t2g:  99%|█████████▊| 740/750 [30:04<00:24,  2.45s/it][A
re-ranking t2g:  99%|█████████▉| 741/750 [30:07<00:22,  2.45s/it][A
re-ranking t2g:  99%|█████████▉| 742/750 [30:09<00:19,  2.45s/it][A
re-ranking t2g:  99%|█████████▉| 743/750 [30:11<00:17,  2.45s/it][A
re-ranking t2g:  99%|█████████▉| 744/750 [30:14<00:14,  2.45s/it][A
re-ranking t2g:  99%|█████████▉| 745/750 [30:16<00:12,  2.45s/it][A
re-ranking t2g:  99%|█████████▉| 746/750 [30:19<00:09,  2.45s/it][A
re-ranking t2g: 100%|█████████▉| 747/750 [30:21<00:07,  2.45s/it][A
re-ranking t2g: 100%|█████████▉| 748/750 [30:24<00:04,  2.45s/it][A
re-ranking t2g: 100%|█████████▉| 749/750 [30:26<00:02,  2.45s/it][A
re-ranking t2g: 100%|██████████| 750/750 [30:27<00:00,  2.08s/it][A
re-ranking t2g: 100%|██████████| 750/750 [30:27<00:00,  2.44s/it]
